address,asset_id,bytes,category_name,category_slug,cloudinary_public_id,district,download_message,format,height,id,image_url,latitude,local_file,local_path,location_id,location_slug,longitude,name,photo_id,photo_index,photographer,photographer_url,provider,provider_page_url,public_id,search_query,search_status,secure_url,slug,status,thumbnail,thumbnail_url,upload_error,upload_status,version,width
"Hoi An, Quang Nam",baa384d878079942b55e7ac9f35eb246,444720,Ẩm thực địa phương,am-thuc-dia-phuong,danangtrip/locations/hoi-an-ancient-town/loc-1__hoi-an-ancient-town__p01,Ngũ Hành Sơn,existing:444720,jpg,1253,1,https://images.pexels.com/photos/36823488/pexels-photo-36823488.jpeg?auto=compress&cs=tinysrgb&dpr=2&h=650&w=940,15.87710000,loc-1__hoi-an-ancient-town__active-missing-thumbnail__p01__pexels-36823488.jpg,D:\DATN\DATN_Tài liệu\data-center\media-assets\cloudinary-staging\locations\2026-06-04-active-missing-thumbnail\originals\loc-1__hoi-an-ancient-town__active-missing-thumbnail__p01__pexels-36823488.jpg,1,hoi-an-ancient-town,108.32650000,Hoi An Ancient Town,36823488,1,Võ Văn Tiến,https://www.pexels.com/@vo-van-ti-n-2037497312,pexels,https://www.pexels.com/photo/vibrant-street-scene-in-h-i-an-vietnam-36823488/,danangtrip/locations/hoi-an-ancient-town/loc-1__hoi-an-ancient-town__p01,Hoi An Ancient Town Da Nang,found,https://res.cloudinary.com/dmukxquza/image/upload/v1780563195/danangtrip/locations/hoi-an-ancient-town/loc-1__hoi-an-ancient-town__p01.jpg,hoi-an-ancient-town,already_downloaded,,https://images.pexels.com/photos/36823488/pexels-photo-36823488.jpeg?auto=compress&cs=tinysrgb&h=350,,uploaded,1780563195,1880
"Hen Island, Hoi An",58986053e75bc8a5cdee826d5eae8923,444720,Ẩm thực địa phương,am-thuc-dia-phuong,danangtrip/locations/hoi-an-memories-land/loc-2__hoi-an-memories-land__p01,Ngũ Hành Sơn,existing:444720,jpg,1253,2,https://images.pexels.com/photos/36823488/pexels-photo-36823488.jpeg?auto=compress&cs=tinysrgb&dpr=2&h=650&w=940,15.87520000,loc-2__hoi-an-memories-land__active-missing-thumbnail__p01__pexels-36823488.jpg,D:\DATN\DATN_Tài liệu\data-center\media-assets\cloudinary-staging\locations\2026-06-04-active-missing-thumbnail\originals\loc-2__hoi-an-memories-land__active-missing-thumbnail__p01__pexels-36823488.jpg,2,hoi-an-memories-land,108.33940000,Hoi An Memories Land,36823488,1,Võ Văn Tiến,https://www.pexels.com/@vo-van-ti-n-2037497312,pexels,https://www.pexels.com/photo/vibrant-street-scene-in-h-i-an-vietnam-36823488/,danangtrip/locations/hoi-an-memories-land/loc-2__hoi-an-memories-land__p01,Hoi An Memories Land Da Nang,found,https://res.cloudinary.com/dmukxquza/image/upload/v1780563198/danangtrip/locations/hoi-an-memories-land/loc-2__hoi-an-memories-land__p01.jpg,hoi-an-memories-land,already_downloaded,,https://images.pexels.com/photos/36823488/pexels-photo-36823488.jpeg?auto=compress&cs=tinysrgb&h=350,,uploaded,1780563198,1880
"Cam Thanh, Hoi An",6be2aec49ec47e8d76d8b818e3195eb3,422588,Ẩm thực địa phương,am-thuc-dia-phuong,danangtrip/locations/bay-mau-coconut-forest/loc-3__bay-mau-coconut-forest__p01,Ngũ Hành Sơn,existing:422588,jpg,1250,3,https://images.pexels.com/photos/10560801/pexels-photo-10560801.jpeg?auto=compress&cs=tinysrgb&dpr=2&h=650&w=940,15.87120000,loc-3__bay-mau-coconut-forest__active-missing-thumbnail__p01__pexels-10560801.jpg,D:\DATN\DATN_Tài liệu\data-center\media-assets\cloudinary-staging\locations\2026-06-04-active-missing-thumbnail\originals\loc-3__bay-mau-coconut-forest__active-missing-thumbnail__p01__pexels-10560801.jpg,3,bay-mau-coconut-forest,108.36450000,Bay Mau Coconut Forest,10560801,1,Mike Tyurin,https://www.pexels.com/@miketyurin,pexels,https://www.pexels.com/photo/brown-wooden-boat-on-lake-10560801/,danangtrip/locations/bay-mau-coconut-forest/loc-3__bay-mau-coconut-forest__p01,Bay Mau Coconut Forest Da Nang,found,https://res.cloudinary.com/dmukxquza/image/upload/v1780563200/danangtrip/locations/bay-mau-coconut-forest/loc-3__bay-mau-coconut-forest__p01.jpg,bay-mau-coconut-forest,already_downloaded,,https://images.pexels.com/photos/10560801/pexels-photo-10560801.jpeg?auto=compress&cs=tinysrgb&h=350,,uploaded,1780563200,1880
"Tam Thanh, Quang Nam",f3315f7bbf7d24041c54130123e312bb,245719,Ẩm thực địa phương,am-thuc-dia-phuong,danangtrip/locations/tam-thanh-beach/loc-4__tam-thanh-beach__p01,Ngũ Hành Sơn,existing:245719,jpg,1271,4,https://images.pexels.com/photos/26550067/pexels-photo-26550067.jpeg?auto=compress&cs=tinysrgb&dpr=2&h=650&w=940,15.61110000,loc-4__tam-thanh-beach__active-missing-thumbnail__p01__pexels-26550067.jpg,D:\DATN\DATN_Tài liệu\data-center\media-assets\cloudinary-staging\locations\2026-06-04-active-missing-thumbnail\originals\loc-4__tam-thanh-beach__active-missing-thumbnail__p01__pexels-26550067.jpg,4,tam-thanh-beach,108.52220000,Tam Thanh Beach,26550067,1,Pragyan Bezbaruah,https://www.pexels.com/@pragyanbezbo,pexels,https://www.pexels.com/photo/da-nang-city-name-at-beach-26550067/,danangtrip/locations/tam-thanh-beach/loc-4__tam-thanh-beach__p01,Tam Thanh Beach Da Nang,found,https://res.cloudinary.com/dmukxquza/image/upload/v1780563203/danangtrip/locations/tam-thanh-beach/loc-4__tam-thanh-beach__p01.jpg,tam-thanh-beach,already_downloaded,,https://images.pexels.com/photos/26550067/pexels-photo-26550067.jpeg?auto=compress&cs=tinysrgb&h=350,,uploaded,1780563203,1880
"Dong Giang, Quang Nam",457b4c89f331496af4ef659b09b9c71c,142955,Ẩm thực địa phương,am-thuc-dia-phuong,danangtrip/locations/dong-giang-heavens-gate/loc-6__dong-giang-heavens-gate__p01,Ngũ Hành Sơn,existing:142955,jpg,1300,6,https://images.pexels.com/photos/36839005/pexels-photo-36839005.jpeg?auto=compress&cs=tinysrgb&dpr=2&h=650&w=940,15.95000000,loc-6__dong-giang-heavens-gate__active-missing-thumbnail__p01__pexels-36839005.jpg,D:\DATN\DATN_Tài liệu\data-center\media-assets\cloudinary-staging\locations\2026-06-04-active-missing-thumbnail\originals\loc-6__dong-giang-heavens-gate__active-missing-thumbnail__p01__pexels-36839005.jpg,6,dong-giang-heavens-gate,107.85000000,Dong Giang Heaven Gate,36839005,1,Ba Uoc Phung,https://www.pexels.com/@ba-uoc-phung-355372,pexels,https://www.pexels.com/photo/scenic-aerial-view-of-ba-na-hills-in-vietnam-36839005/,danangtrip/locations/dong-giang-heavens-gate/loc-6__dong-giang-heavens-gate__p01,Dong Giang Heaven Gate Da Nang,found,https://res.cloudinary.com/dmukxquza/image/upload/v1780563206/danangtrip/locations/dong-giang-heavens-gate/loc-6__dong-giang-heavens-gate__p01.jpg,dong-giang-heavens-gate,already_downloaded,,https://images.pexels.com/photos/36839005/pexels-photo-36839005.jpeg?auto=compress&cs=tinysrgb&h=350,,uploaded,1780563206,1733
"Vo Nguyen Giap, Da Nang",4ad7c338997112ae27e916d10cc73c41,455440,Cà phê & Trà sữa,ca-phe-tra-sua,danangtrip/locations/furama-ariyana-complex/loc-7__furama-ariyana-complex__p01,Sơn Trà,existing:455440,jpg,1056,7,https://images.pexels.com/photos/32824424/pexels-photo-32824424.jpeg?auto=compress&cs=tinysrgb&dpr=2&h=650&w=940,16.03880000,loc-7__furama-ariyana-complex__active-missing-thumbnail__p01__pexels-32824424.jpg,D:\DATN\DATN_Tài liệu\data-center\media-assets\cloudinary-staging\locations\2026-06-04-active-missing-thumbnail\originals\loc-7__furama-ariyana-complex__active-missing-thumbnail__p01__pexels-32824424.jpg,7,furama-ariyana-complex,108.24920000,Furama Ariyana Complex,32824424,1,Hiếu Lê,https://www.pexels.com/@hi-u-le-921253873,pexels,https://www.pexels.com/photo/aerial-view-of-coastal-resort-and-beachfront-32824424/,danangtrip/locations/furama-ariyana-complex/loc-7__furama-ariyana-complex__p01,Furama Ariyana Complex Da Nang,found,https://res.cloudinary.com/dmukxquza/image/upload/v1780563208/danangtrip/locations/furama-ariyana-complex/loc-7__furama-ariyana-complex__p01.jpg,furama-ariyana-complex,already_downloaded,,https://images.pexels.com/photos/32824424/pexels-photo-32824424.jpeg?auto=compress&cs=tinysrgb&h=350,,uploaded,1780563208,1880
"Duy Xuyen, Quang Nam",696c53c78b76d46a71f95f84a40a4ded,447115,Ẩm thực địa phương,am-thuc-dia-phuong,danangtrip/locations/my-son-sanctuary/loc-8__my-son-sanctuary__p01,Ngũ Hành Sơn,existing:447115,jpg,1253,8,https://images.pexels.com/photos/29534974/pexels-photo-29534974.jpeg?auto=compress&cs=tinysrgb&dpr=2&h=650&w=940,15.76380000,loc-8__my-son-sanctuary__active-missing-thumbnail__p01__pexels-29534974.jpg,D:\DATN\DATN_Tài liệu\data-center\media-assets\cloudinary-staging\locations\2026-06-04-active-missing-thumbnail\originals\loc-8__my-son-sanctuary__active-missing-thumbnail__p01__pexels-29534974.jpg,8,my-son-sanctuary,108.12350000,My Son Sanctuary,29534974,1,Võ Văn Tiến,https://www.pexels.com/@vo-van-ti-n-2037497312,pexels,https://www.pexels.com/photo/woman-in-traditional-dress-at-my-son-sanctuary-29534974/,danangtrip/locations/my-son-sanctuary/loc-8__my-son-sanctuary__p01,My Son Sanctuary Da Nang,found,https://res.cloudinary.com/dmukxquza/image/upload/v1780563211/danangtrip/locations/my-son-sanctuary/loc-8__my-son-sanctuary__p01.jpg,my-son-sanctuary,already_downloaded,,https://images.pexels.com/photos/29534974/pexels-photo-29534974.jpeg?auto=compress&cs=tinysrgb&h=350,,uploaded,1780563211,1880
"Nui Thanh, Quang Nam",536f72567f4e31927616fb8e6a446234,318248,Ẩm thực địa phương,am-thuc-dia-phuong,danangtrip/locations/ban-than-scenic-area/loc-9__ban-than-scenic-area__p01,Hải Châu,existing:318248,jpg,1272,9,https://images.pexels.com/photos/26742036/pexels-photo-26742036.jpeg?auto=compress&cs=tinysrgb&dpr=2&h=650&w=940,15.45000000,loc-9__ban-than-scenic-area__active-missing-thumbnail__p01__pexels-26742036.jpg,D:\DATN\DATN_Tài liệu\data-center\media-assets\cloudinary-staging\locations\2026-06-04-active-missing-thumbnail\originals\loc-9__ban-than-scenic-area__active-missing-thumbnail__p01__pexels-26742036.jpg,9,ban-than-scenic-area,108.68000000,Ban Than - Hon Mang,26742036,1,kittbui,https://www.pexels.com/@kittbui-2131870,pexels,https://www.pexels.com/photo/a-man-photographing-the-city-of-da-nang-in-vietnam-from-an-elevated-observation-point-26742036/,danangtrip/locations/ban-than-scenic-area/loc-9__ban-than-scenic-area__p01,Ban Than - Hon Mang Da Nang,found,https://res.cloudinary.com/dmukxquza/image/upload/v1780563214/danangtrip/locations/ban-than-scenic-area/loc-9__ban-than-scenic-area__p01.jpg,ban-than-scenic-area,already_downloaded,,https://images.pexels.com/photos/26742036/pexels-photo-26742036.jpeg?auto=compress&cs=tinysrgb&h=350,,uploaded,1780563214,1880
"Phu Ninh, Quang Nam",b7e22cc3a49cb55bc8bc20b554e3a2d1,258754,Ẩm thực địa phương,am-thuc-dia-phuong,danangtrip/locations/phu-ninh-lake/loc-10__phu-ninh-lake__p01,Ngũ Hành Sơn,existing:258754,jpg,1251,10,https://images.pexels.com/photos/4168241/pexels-photo-4168241.jpeg?auto=compress&cs=tinysrgb&dpr=2&h=650&w=940,15.52000000,loc-10__phu-ninh-lake__active-missing-thumbnail__p01__pexels-4168241.jpg,D:\DATN\DATN_Tài liệu\data-center\media-assets\cloudinary-staging\locations\2026-06-04-active-missing-thumbnail\originals\loc-10__phu-ninh-lake__active-missing-thumbnail__p01__pexels-4168241.jpg,10,phu-ninh-lake,108.45000000,Phu Ninh Lake,4168241,1,Tam Nguyen,https://www.pexels.com/@tam-nguyen-2174206,pexels,https://www.pexels.com/photo/blue-boat-on-the-lake-4168241/,danangtrip/locations/phu-ninh-lake/loc-10__phu-ninh-lake__p01,Phu Ninh Lake Da Nang,found,https://res.cloudinary.com/dmukxquza/image/upload/v1780563216/danangtrip/locations/phu-ninh-lake/loc-10__phu-ninh-lake__p01.jpg,phu-ninh-lake,already_downloaded,,https://images.pexels.com/photos/4168241/pexels-photo-4168241.jpeg?auto=compress&cs=tinysrgb&h=350,,uploaded,1780563216,1880
"Hoi An, Quang Nam",e2b8d90ec48b45740b7494d7a17cc141,483139,Ẩm thực địa phương,am-thuc-dia-phuong,danangtrip/locations/thu-bon-river/loc-11__thu-bon-river__p01,Ngũ Hành Sơn,existing:483139,jpg,1254,11,https://images.pexels.com/photos/11427368/pexels-photo-11427368.jpeg?auto=compress&cs=tinysrgb&dpr=2&h=650&w=940,15.87700000,loc-11__thu-bon-river__active-missing-thumbnail__p01__pexels-11427368.jpg,D:\DATN\DATN_Tài liệu\data-center\media-assets\cloudinary-staging\locations\2026-06-04-active-missing-thumbnail\originals\loc-11__thu-bon-river__active-missing-thumbnail__p01__pexels-11427368.jpg,11,thu-bon-river,108.33000000,Thu Bon River,11427368,1,Sirikul R,https://www.pexels.com/@sirikul-r-2043201,pexels,https://www.pexels.com/photo/people-on-a-bicycle-near-river-11427368/,danangtrip/locations/thu-bon-river/loc-11__thu-bon-river__p01,Thu Bon River Da Nang,found,https://res.cloudinary.com/dmukxquza/image/upload/v1780563219/danangtrip/locations/thu-bon-river/loc-11__thu-bon-river__p01.jpg,thu-bon-river,already_downloaded,,https://images.pexels.com/photos/11427368/pexels-photo-11427368.jpeg?auto=compress&cs=tinysrgb&h=350,,uploaded,1780563219,1880
"Hai Ba Trung, Hoi An",869958ca1d5f3126c0e798763fcb15cc,245719,Ẩm thực địa phương,am-thuc-dia-phuong,danangtrip/locations/an-bang-beach/loc-12__an-bang-beach__p01,Ngũ Hành Sơn,existing:245719,jpg,1271,12,https://images.pexels.com/photos/26550067/pexels-photo-26550067.jpeg?auto=compress&cs=tinysrgb&dpr=2&h=650&w=940,15.91250000,loc-12__an-bang-beach__active-missing-thumbnail__p01__pexels-26550067.jpg,D:\DATN\DATN_Tài liệu\data-center\media-assets\cloudinary-staging\locations\2026-06-04-active-missing-thumbnail\originals\loc-12__an-bang-beach__active-missing-thumbnail__p01__pexels-26550067.jpg,12,an-bang-beach,108.34170000,An Bang Beach,26550067,1,Pragyan Bezbaruah,https://www.pexels.com/@pragyanbezbo,pexels,https://www.pexels.com/photo/da-nang-city-name-at-beach-26550067/,danangtrip/locations/an-bang-beach/loc-12__an-bang-beach__p01,An Bang Beach Da Nang,found,https://res.cloudinary.com/dmukxquza/image/upload/v1780563222/danangtrip/locations/an-bang-beach/loc-12__an-bang-beach__p01.jpg,an-bang-beach,already_downloaded,,https://images.pexels.com/photos/26550067/pexels-photo-26550067.jpeg?auto=compress&cs=tinysrgb&h=350,,uploaded,1780563222,1880
"Tan Hiep, Hoi An",067c8a8e077b749f9630945715d248f1,387663,Ẩm thực địa phương,am-thuc-dia-phuong,danangtrip/locations/cu-lao-cham/loc-13__cu-lao-cham__p01,Ngũ Hành Sơn,existing:387663,jpg,1254,13,https://images.pexels.com/photos/6136106/pexels-photo-6136106.jpeg?auto=compress&cs=tinysrgb&dpr=2&h=650&w=940,15.91670000,loc-13__cu-lao-cham__active-missing-thumbnail__p01__pexels-6136106.jpg,D:\DATN\DATN_Tài liệu\data-center\media-assets\cloudinary-staging\locations\2026-06-04-active-missing-thumbnail\originals\loc-13__cu-lao-cham__active-missing-thumbnail__p01__pexels-6136106.jpg,13,cu-lao-cham,108.50000000,Cham Island (Cu Lao Cham),6136106,1,Quang Nguyen Vinh,https://www.pexels.com/@quang-nguyen-vinh-222549,pexels,https://www.pexels.com/photo/green-forest-near-calm-sea-6136106/,danangtrip/locations/cu-lao-cham/loc-13__cu-lao-cham__p01,Cham Island (Cu Lao Cham) Da Nang,found,https://res.cloudinary.com/dmukxquza/image/upload/v1780563225/danangtrip/locations/cu-lao-cham/loc-13__cu-lao-cham__p01.jpg,cu-lao-cham,already_downloaded,,https://images.pexels.com/photos/6136106/pexels-photo-6136106.jpeg?auto=compress&cs=tinysrgb&h=350,,uploaded,1780563225,1880
"Nguyen Van Linh, Da Nang",56da324f74f1065acb02aabb76415347,246906,Ẩm thực địa phương,am-thuc-dia-phuong,danangtrip/locations/dragon-bridge/loc-14__dragon-bridge__p01,Hải Châu,existing:246906,jpg,1253,14,https://images.pexels.com/photos/15467064/pexels-photo-15467064.jpeg?auto=compress&cs=tinysrgb&dpr=2&h=650&w=940,16.06110000,loc-14__dragon-bridge__active-missing-thumbnail__p01__pexels-15467064.jpg,D:\DATN\DATN_Tài liệu\data-center\media-assets\cloudinary-staging\locations\2026-06-04-active-missing-thumbnail\originals\loc-14__dragon-bridge__active-missing-thumbnail__p01__pexels-15467064.jpg,14,dragon-bridge,108.22750000,Dragon Bridge,15467064,1,Xuân Thống Trần,https://www.pexels.com/@thongtran95,pexels,https://www.pexels.com/photo/people-walking-and-on-scooters-on-bridge-15467064/,danangtrip/locations/dragon-bridge/loc-14__dragon-bridge__p01,Dragon Bridge Da Nang,found,https://res.cloudinary.com/dmukxquza/image/upload/v1780563227/danangtrip/locations/dragon-bridge/loc-14__dragon-bridge__p01.jpg,dragon-bridge,already_downloaded,,https://images.pexels.com/photos/15467064/pexels-photo-15467064.jpeg?auto=compress&cs=tinysrgb&h=350,,uploaded,1780563227,1880
"Le Duan, Da Nang",9bbaea3bfb13400e9b54af1c68fa83cc,295016,Ẩm thực địa phương,am-thuc-dia-phuong,danangtrip/locations/han-river-bridge/loc-15__han-river-bridge__p01,Hải Châu,existing:295016,jpg,1268,15,https://images.pexels.com/photos/26742032/pexels-photo-26742032.jpeg?auto=compress&cs=tinysrgb&dpr=2&h=650&w=940,16.07190000,loc-15__han-river-bridge__active-missing-thumbnail__p01__pexels-26742032.jpg,D:\DATN\DATN_Tài liệu\data-center\media-assets\cloudinary-staging\locations\2026-06-04-active-missing-thumbnail\originals\loc-15__han-river-bridge__active-missing-thumbnail__p01__pexels-26742032.jpg,15,han-river-bridge,108.22390000,Han River Bridge,26742032,1,kittbui,https://www.pexels.com/@kittbui-2131870,pexels,https://www.pexels.com/photo/woman-sitting-with-thuan-phuoc-bridge-behind-in-da-nang-in-vietnam-26742032/,danangtrip/locations/han-river-bridge/loc-15__han-river-bridge__p01,Han River Bridge Da Nang,found,https://res.cloudinary.com/dmukxquza/image/upload/v1780563230/danangtrip/locations/han-river-bridge/loc-15__han-river-bridge__p01.jpg,han-river-bridge,already_downloaded,,https://images.pexels.com/photos/26742032/pexels-photo-26742032.jpeg?auto=compress&cs=tinysrgb&h=350,,uploaded,1780563230,1880
"Duy Tan, Da Nang",be7e4c1f81ac8d40c814b1c53b14e99f,237190,Ẩm thực địa phương,am-thuc-dia-phuong,danangtrip/locations/tran-thi-ly-bridge/loc-16__tran-thi-ly-bridge__p01,Hải Châu,existing:237190,jpg,1253,16,https://images.pexels.com/photos/20625803/pexels-photo-20625803.jpeg?auto=compress&cs=tinysrgb&dpr=2&h=650&w=940,16.05140000,loc-16__tran-thi-ly-bridge__active-missing-thumbnail__p01__pexels-20625803.jpg,D:\DATN\DATN_Tài liệu\data-center\media-assets\cloudinary-staging\locations\2026-06-04-active-missing-thumbnail\originals\loc-16__tran-thi-ly-bridge__active-missing-thumbnail__p01__pexels-20625803.jpg,16,tran-thi-ly-bridge,108.23190000,Tran Thi Ly Bridge,20625803,1,LÊ QUỐC VIỆT,https://www.pexels.com/@le-qu-c-vi-t-801512263,pexels,https://www.pexels.com/photo/cau-tran-th-ly-bridge-in-da-nang-20625803/,danangtrip/locations/tran-thi-ly-bridge/loc-16__tran-thi-ly-bridge__p01,Tran Thi Ly Bridge Da Nang,found,https://res.cloudinary.com/dmukxquza/image/upload/v1780563232/danangtrip/locations/tran-thi-ly-bridge/loc-16__tran-thi-ly-bridge__p01.jpg,tran-thi-ly-bridge,already_downloaded,,https://images.pexels.com/photos/20625803/pexels-photo-20625803.jpeg?auto=compress&cs=tinysrgb&h=350,,uploaded,1780563232,1880
"Thuan Phuoc, Da Nang",6e8754caf9e9dd22705e6967de4e8a79,295016,Ẩm thực địa phương,am-thuc-dia-phuong,danangtrip/locations/thuan-phuoc-bridge/loc-17__thuan-phuoc-bridge__p01,Hải Châu,existing:295016,jpg,1268,17,https://images.pexels.com/photos/26742032/pexels-photo-26742032.jpeg?auto=compress&cs=tinysrgb&dpr=2&h=650&w=940,16.09500000,loc-17__thuan-phuoc-bridge__active-missing-thumbnail__p01__pexels-26742032.jpg,D:\DATN\DATN_Tài liệu\data-center\media-assets\cloudinary-staging\locations\2026-06-04-active-missing-thumbnail\originals\loc-17__thuan-phuoc-bridge__active-missing-thumbnail__p01__pexels-26742032.jpg,17,thuan-phuoc-bridge,108.22220000,Thuan Phuoc Bridge,26742032,1,kittbui,https://www.pexels.com/@kittbui-2131870,pexels,https://www.pexels.com/photo/woman-sitting-with-thuan-phuoc-bridge-behind-in-da-nang-in-vietnam-26742032/,danangtrip/locations/thuan-phuoc-bridge/loc-17__thuan-phuoc-bridge__p01,Thuan Phuoc Bridge Da Nang,found,https://res.cloudinary.com/dmukxquza/image/upload/v1780563235/danangtrip/locations/thuan-phuoc-bridge/loc-17__thuan-phuoc-bridge__p01.jpg,thuan-phuoc-bridge,already_downloaded,,https://images.pexels.com/photos/26742032/pexels-photo-26742032.jpeg?auto=compress&cs=tinysrgb&h=350,,uploaded,1780563235,1880
"Tran Hung Dao, Da Nang",7fd3b58e8dd61144acba650aca4eebb4,198977,Ẩm thực địa phương,am-thuc-dia-phuong,danangtrip/locations/nguyen-van-troi-bridge/loc-18__nguyen-van-troi-bridge__p01,Sơn Trà,existing:198977,jpg,1278,18,https://images.pexels.com/photos/34373622/pexels-photo-34373622.jpeg?auto=compress&cs=tinysrgb&dpr=2&h=650&w=940,16.05200000,loc-18__nguyen-van-troi-bridge__active-missing-thumbnail__p01__pexels-34373622.jpg,D:\DATN\DATN_Tài liệu\data-center\media-assets\cloudinary-staging\locations\2026-06-04-active-missing-thumbnail\originals\loc-18__nguyen-van-troi-bridge__active-missing-thumbnail__p01__pexels-34373622.jpg,18,nguyen-van-troi-bridge,108.22800000,Nguyen Van Troi Bridge,34373622,1,Giang Nguyễn,https://www.pexels.com/@giang-nguy-n-2153075131,pexels,https://www.pexels.com/photo/serene-da-n-ng-bridge-at-sunset-reflected-in-water-34373622/,danangtrip/locations/nguyen-van-troi-bridge/loc-18__nguyen-van-troi-bridge__p01,Nguyen Van Troi Bridge Da Nang,found,https://res.cloudinary.com/dmukxquza/image/upload/v1780563237/danangtrip/locations/nguyen-van-troi-bridge/loc-18__nguyen-van-troi-bridge__p01.jpg,nguyen-van-troi-bridge,already_downloaded,,https://images.pexels.com/photos/34373622/pexels-photo-34373622.jpeg?auto=compress&cs=tinysrgb&h=350,,uploaded,1780563237,1880
"156 Tran Phu, Da Nang",c218972f0308aea9f1a64135c4502b03,249112,Ẩm thực địa phương,am-thuc-dia-phuong,danangtrip/locations/da-nang-cathedral/loc-19__da-nang-cathedral__p01,Hải Châu,existing:249112,jpg,1253,19,https://images.pexels.com/photos/28411758/pexels-photo-28411758.jpeg?auto=compress&cs=tinysrgb&dpr=2&h=650&w=940,16.06690000,loc-19__da-nang-cathedral__active-missing-thumbnail__p01__pexels-28411758.jpg,D:\DATN\DATN_Tài liệu\data-center\media-assets\cloudinary-staging\locations\2026-06-04-active-missing-thumbnail\originals\loc-19__da-nang-cathedral__active-missing-thumbnail__p01__pexels-28411758.jpg,19,da-nang-cathedral,108.22310000,Da Nang Cathedral,28411758,1,Jeffry Surianto,https://www.pexels.com/@andromeda99,pexels,https://www.pexels.com/photo/sunset-cityscape-with-han-river-bridge-28411758/,danangtrip/locations/da-nang-cathedral/loc-19__da-nang-cathedral__p01,Da Nang Cathedral Da Nang,found,https://res.cloudinary.com/dmukxquza/image/upload/v1780563240/danangtrip/locations/da-nang-cathedral/loc-19__da-nang-cathedral__p01.jpg,da-nang-cathedral,already_downloaded,,https://images.pexels.com/photos/28411758/pexels-photo-28411758.jpeg?auto=compress&cs=tinysrgb&h=350,,uploaded,1780563240,1880
"Son Tra Peninsula, Da Nang",212261f15457a525e60496c7cd251112,316167,Ẩm thực địa phương,am-thuc-dia-phuong,danangtrip/locations/linh-ung-pagoda/loc-20__linh-ung-pagoda__p01,Sơn Trà,existing:316167,jpg,1253,20,https://images.pexels.com/photos/20357998/pexels-photo-20357998.jpeg?auto=compress&cs=tinysrgb&dpr=2&h=650&w=940,16.10000000,loc-20__linh-ung-pagoda__active-missing-thumbnail__p01__pexels-20357998.jpg,D:\DATN\DATN_Tài liệu\data-center\media-assets\cloudinary-staging\locations\2026-06-04-active-missing-thumbnail\originals\loc-20__linh-ung-pagoda__active-missing-thumbnail__p01__pexels-20357998.jpg,20,linh-ung-pagoda,108.27780000,Linh Ung Pagoda,20357998,1,Tuan Minh,https://www.pexels.com/@tuanminhdigi,pexels,https://www.pexels.com/photo/people-at-chua-linh-ung-temple-in-vietnam-20357998/,danangtrip/locations/linh-ung-pagoda/loc-20__linh-ung-pagoda__p01,Linh Ung Pagoda Da Nang,found,https://res.cloudinary.com/dmukxquza/image/upload/v1780563243/danangtrip/locations/linh-ung-pagoda/loc-20__linh-ung-pagoda__p01.jpg,linh-ung-pagoda,already_downloaded,,https://images.pexels.com/photos/20357998/pexels-photo-20357998.jpeg?auto=compress&cs=tinysrgb&h=350,,uploaded,1780563243,1880
"Hoa Hai, Da Nang",26359403c1e55ac600b853031178db92,426819,Ẩm thực địa phương,am-thuc-dia-phuong,danangtrip/locations/marble-mountains/loc-21__marble-mountains__p01,Ngũ Hành Sơn,existing:426819,jpg,1300,21,https://images.pexels.com/photos/15747058/pexels-photo-15747058.jpeg?auto=compress&cs=tinysrgb&dpr=2&h=650&w=940,16.00420000,loc-21__marble-mountains__active-missing-thumbnail__p01__pexels-15747058.jpg,D:\DATN\DATN_Tài liệu\data-center\media-assets\cloudinary-staging\locations\2026-06-04-active-missing-thumbnail\originals\loc-21__marble-mountains__active-missing-thumbnail__p01__pexels-15747058.jpg,21,marble-mountains,108.26390000,Marble Mountains,15747058,1,Vincent Liew,https://www.pexels.com/@vincent-liew-471586480,pexels,https://www.pexels.com/photo/view-from-the-marble-mountains-da-nang-vietnam-15747058/,danangtrip/locations/marble-mountains/loc-21__marble-mountains__p01,Marble Mountains Da Nang,found,https://res.cloudinary.com/dmukxquza/image/upload/v1780563245/danangtrip/locations/marble-mountains/loc-21__marble-mountains__p01.jpg,marble-mountains,already_downloaded,,https://images.pexels.com/photos/15747058/pexels-photo-15747058.jpeg?auto=compress&cs=tinysrgb&h=350,,uploaded,1780563245,1733
"Hoa Phu, Da Nang",48922b254f6ce75b782c131a416eadba,425035,Ẩm thực địa phương,am-thuc-dia-phuong,danangtrip/locations/nui-than-tai-park/loc-22__nui-than-tai-park__p01,Hòa Vang,existing:425035,jpg,1254,22,https://images.pexels.com/photos/14021726/pexels-photo-14021726.jpeg?auto=compress&cs=tinysrgb&dpr=2&h=650&w=940,15.98000000,loc-22__nui-than-tai-park__active-missing-thumbnail__p01__pexels-14021726.jpg,D:\DATN\DATN_Tài liệu\data-center\media-assets\cloudinary-staging\locations\2026-06-04-active-missing-thumbnail\originals\loc-22__nui-than-tai-park__active-missing-thumbnail__p01__pexels-14021726.jpg,22,nui-than-tai-park,107.98000000,Nui Than Tai Park,14021726,1,Quang Nguyen Vinh,https://www.pexels.com/@quang-nguyen-vinh-222549,pexels,https://www.pexels.com/photo/apec-park-in-da-nang-vietnam-14021726/,danangtrip/locations/nui-than-tai-park/loc-22__nui-than-tai-park__p01,Nui Than Tai Park Da Nang,found,https://res.cloudinary.com/dmukxquza/image/upload/v1780563248/danangtrip/locations/nui-than-tai-park/loc-22__nui-than-tai-park__p01.jpg,nui-than-tai-park,already_downloaded,,https://images.pexels.com/photos/14021726/pexels-photo-14021726.jpeg?auto=compress&cs=tinysrgb&h=350,,uploaded,1780563248,1880
"Hoa Ninh, Da Nang",66182e39b7a36750dfeaf67d2114429d,142955,Ẩm thực địa phương,am-thuc-dia-phuong,danangtrip/locations/ba-na-hills/loc-23__ba-na-hills__p01,Hòa Vang,existing:142955,jpg,1300,23,https://images.pexels.com/photos/36839005/pexels-photo-36839005.jpeg?auto=compress&cs=tinysrgb&dpr=2&h=650&w=940,15.99500000,loc-23__ba-na-hills__active-missing-thumbnail__p01__pexels-36839005.jpg,D:\DATN\DATN_Tài liệu\data-center\media-assets\cloudinary-staging\locations\2026-06-04-active-missing-thumbnail\originals\loc-23__ba-na-hills__active-missing-thumbnail__p01__pexels-36839005.jpg,23,ba-na-hills,107.98920000,Ba Na Hills,36839005,1,Ba Uoc Phung,https://www.pexels.com/@ba-uoc-phung-355372,pexels,https://www.pexels.com/photo/scenic-aerial-view-of-ba-na-hills-in-vietnam-36839005/,danangtrip/locations/ba-na-hills/loc-23__ba-na-hills__p01,Ba Na Hills Da Nang,found,https://res.cloudinary.com/dmukxquza/image/upload/v1780563251/danangtrip/locations/ba-na-hills/loc-23__ba-na-hills__p01.jpg,ba-na-hills,already_downloaded,,https://images.pexels.com/photos/36839005/pexels-photo-36839005.jpeg?auto=compress&cs=tinysrgb&h=350,,uploaded,1780563251,1733
"02 2 Thang 9, Da Nang",055bba71711020c5550d0550f5512501,420581,Ẩm thực địa phương,am-thuc-dia-phuong,danangtrip/locations/cham-sculpture-museum/loc-24__cham-sculpture-museum__p01,Hải Châu,existing:420581,jpg,1245,24,https://images.pexels.com/photos/28606253/pexels-photo-28606253.jpeg?auto=compress&cs=tinysrgb&dpr=2&h=650&w=940,16.06140000,loc-24__cham-sculpture-museum__active-missing-thumbnail__p01__pexels-28606253.jpg,D:\DATN\DATN_Tài liệu\data-center\media-assets\cloudinary-staging\locations\2026-06-04-active-missing-thumbnail\originals\loc-24__cham-sculpture-museum__active-missing-thumbnail__p01__pexels-28606253.jpg,24,cham-sculpture-museum,108.22360000,Cham Sculpture Museum,28606253,1,Uroš Drljača,https://www.pexels.com/@uros-drljaca-906314877,pexels,https://www.pexels.com/photo/serene-buddhist-garden-with-bonsai-and-statues-in-vietnam-28606253/,danangtrip/locations/cham-sculpture-museum/loc-24__cham-sculpture-museum__p01,Cham Sculpture Museum Da Nang,found,https://res.cloudinary.com/dmukxquza/image/upload/v1780563253/danangtrip/locations/cham-sculpture-museum/loc-24__cham-sculpture-museum__p01.jpg,cham-sculpture-museum,already_downloaded,,https://images.pexels.com/photos/28606253/pexels-photo-28606253.jpeg?auto=compress&cs=tinysrgb&h=350,,uploaded,1780563253,1880
"24 Tran Phu, Da Nang",1b32e1f8d393df5931cff0e66b978fb0,425035,Ẩm thực địa phương,am-thuc-dia-phuong,danangtrip/locations/da-nang-museum/loc-25__da-nang-museum__p01,Hải Châu,existing:425035,jpg,1254,25,https://images.pexels.com/photos/14021726/pexels-photo-14021726.jpeg?auto=compress&cs=tinysrgb&dpr=2&h=650&w=940,16.07500000,loc-25__da-nang-museum__active-missing-thumbnail__p01__pexels-14021726.jpg,D:\DATN\DATN_Tài liệu\data-center\media-assets\cloudinary-staging\locations\2026-06-04-active-missing-thumbnail\originals\loc-25__da-nang-museum__active-missing-thumbnail__p01__pexels-14021726.jpg,25,da-nang-museum,108.22300000,Da Nang Museum,14021726,1,Quang Nguyen Vinh,https://www.pexels.com/@quang-nguyen-vinh-222549,pexels,https://www.pexels.com/photo/apec-park-in-da-nang-vietnam-14021726/,danangtrip/locations/da-nang-museum/loc-25__da-nang-museum__p01,Da Nang Museum Da Nang,found,https://res.cloudinary.com/dmukxquza/image/upload/v1780563256/danangtrip/locations/da-nang-museum/loc-25__da-nang-museum__p01.jpg,da-nang-museum,already_downloaded,,https://images.pexels.com/photos/14021726/pexels-photo-14021726.jpeg?auto=compress&cs=tinysrgb&h=350,,uploaded,1780563256,1880
"78 Le Duan, Da Nang",3f2979d3c53602c012288e26ca5e40bd,425035,Ẩm thực địa phương,am-thuc-dia-phuong,danangtrip/locations/da-nang-fine-arts-museum/loc-26__da-nang-fine-arts-museum__p01,Hải Châu,downloaded:425035,jpg,1254,26,https://images.pexels.com/photos/14021726/pexels-photo-14021726.jpeg?auto=compress&cs=tinysrgb&dpr=2&h=650&w=940,16.07200000,loc-26__da-nang-fine-arts-museum__active-missing-thumbnail__p01__pexels-14021726.jpg,D:\DATN\DATN_Tài liệu\data-center\media-assets\cloudinary-staging\locations\2026-06-04-active-missing-thumbnail\originals\loc-26__da-nang-fine-arts-museum__active-missing-thumbnail__p01__pexels-14021726.jpg,26,da-nang-fine-arts-museum,108.22100000,Da Nang Fine Arts Museum,14021726,1,Quang Nguyen Vinh,https://www.pexels.com/@quang-nguyen-vinh-222549,pexels,https://www.pexels.com/photo/apec-park-in-da-nang-vietnam-14021726/,danangtrip/locations/da-nang-fine-arts-museum/loc-26__da-nang-fine-arts-museum__p01,Da Nang Fine Arts Museum Da Nang,found,https://res.cloudinary.com/dmukxquza/image/upload/v1780563259/danangtrip/locations/da-nang-fine-arts-museum/loc-26__da-nang-fine-arts-museum__p01.jpg,da-nang-fine-arts-museum,downloaded,,https://images.pexels.com/photos/14021726/pexels-photo-14021726.jpeg?auto=compress&cs=tinysrgb&h=350,,uploaded,1780563259,1880
"01 Duy Tan, Da Nang",9daa25bc53c5e866f2dfc0358f86b79a,186204,Ẩm thực địa phương,am-thuc-dia-phuong,danangtrip/locations/ho-chi-minh-museum/loc-27__ho-chi-minh-museum__p01,Hải Châu,existing:186204,jpg,1058,27,https://images.pexels.com/photos/13600319/pexels-photo-13600319.jpeg?auto=compress&cs=tinysrgb&dpr=2&h=650&w=940,16.05000000,loc-27__ho-chi-minh-museum__active-missing-thumbnail__p01__pexels-13600319.jpg,D:\DATN\DATN_Tài liệu\data-center\media-assets\cloudinary-staging\locations\2026-06-04-active-missing-thumbnail\originals\loc-27__ho-chi-minh-museum__active-missing-thumbnail__p01__pexels-13600319.jpg,27,ho-chi-minh-museum,108.22000000,Ho Chi Minh Museum,13600319,1,Quý Nguyễn,https://www.pexels.com/@chupanhchandung,pexels,https://www.pexels.com/photo/brown-concrete-building-under-white-clouds-13600319/,danangtrip/locations/ho-chi-minh-museum/loc-27__ho-chi-minh-museum__p01,Ho Chi Minh Museum Da Nang,found,https://res.cloudinary.com/dmukxquza/image/upload/v1780563262/danangtrip/locations/ho-chi-minh-museum/loc-27__ho-chi-minh-museum__p01.jpg,ho-chi-minh-museum,already_downloaded,,https://images.pexels.com/photos/13600319/pexels-photo-13600319.jpeg?auto=compress&cs=tinysrgb&h=350,,uploaded,1780563262,1880
"Son Tra, Da Nang",07a1960bca08f422725838cd57fafb2e,527243,Ẩm thực địa phương,am-thuc-dia-phuong,danangtrip/locations/dong-dinh-museum/loc-28__dong-dinh-museum__p01,Sơn Trà,existing:527243,jpg,1253,28,https://images.pexels.com/photos/25949836/pexels-photo-25949836.jpeg?auto=compress&cs=tinysrgb&dpr=2&h=650&w=940,16.11000000,loc-28__dong-dinh-museum__active-missing-thumbnail__p01__pexels-25949836.jpg,D:\DATN\DATN_Tài liệu\data-center\media-assets\cloudinary-staging\locations\2026-06-04-active-missing-thumbnail\originals\loc-28__dong-dinh-museum__active-missing-thumbnail__p01__pexels-25949836.jpg,28,dong-dinh-museum,108.27000000,Dong Dinh Museum,25949836,1,DUYTRG TRUONG,https://www.pexels.com/@duichantran,pexels,https://www.pexels.com/photo/huynh-thuy-le-house-in-dong-thap-vietnam-25949836/,danangtrip/locations/dong-dinh-museum/loc-28__dong-dinh-museum__p01,Dong Dinh Museum Da Nang,found,https://res.cloudinary.com/dmukxquza/image/upload/v1780563265/danangtrip/locations/dong-dinh-museum/loc-28__dong-dinh-museum__p01.jpg,dong-dinh-museum,already_downloaded,,https://images.pexels.com/photos/25949836/pexels-photo-25949836.jpeg?auto=compress&cs=tinysrgb&h=350,,uploaded,1780563265,1880
"01 Phan Dang Luu, Da Nang",274e997fbcc4240f8f98d2643ad34614,425035,Ẩm thực địa phương,am-thuc-dia-phuong,danangtrip/locations/asia-park/loc-29__asia-park__p01,Hải Châu,existing:425035,jpg,1254,29,https://images.pexels.com/photos/14021726/pexels-photo-14021726.jpeg?auto=compress&cs=tinysrgb&dpr=2&h=650&w=940,16.03920000,loc-29__asia-park__active-missing-thumbnail__p01__pexels-14021726.jpg,D:\DATN\DATN_Tài liệu\data-center\media-assets\cloudinary-staging\locations\2026-06-04-active-missing-thumbnail\originals\loc-29__asia-park__active-missing-thumbnail__p01__pexels-14021726.jpg,29,asia-park,108.22720000,Asia Park,14021726,1,Quang Nguyen Vinh,https://www.pexels.com/@quang-nguyen-vinh-222549,pexels,https://www.pexels.com/photo/apec-park-in-da-nang-vietnam-14021726/,danangtrip/locations/asia-park/loc-29__asia-park__p01,Asia Park Da Nang,found,https://res.cloudinary.com/dmukxquza/image/upload/v1780563268/danangtrip/locations/asia-park/loc-29__asia-park__p01.jpg,asia-park,already_downloaded,,https://images.pexels.com/photos/14021726/pexels-photo-14021726.jpeg?auto=compress&cs=tinysrgb&h=350,,uploaded,1780563268,1880
"Vo Nguyen Giap, Da Nang",251613cf7e015dc56c948b6884cecab7,482617,Ẩm thực địa phương,am-thuc-dia-phuong,danangtrip/locations/east-sea-park/loc-30__east-sea-park__p01,Sơn Trà,existing:482617,jpg,1253,30,https://images.pexels.com/photos/20346283/pexels-photo-20346283.jpeg?auto=compress&cs=tinysrgb&dpr=2&h=650&w=940,16.07100000,loc-30__east-sea-park__active-missing-thumbnail__p01__pexels-20346283.jpg,D:\DATN\DATN_Tài liệu\data-center\media-assets\cloudinary-staging\locations\2026-06-04-active-missing-thumbnail\originals\loc-30__east-sea-park__active-missing-thumbnail__p01__pexels-20346283.jpg,30,east-sea-park,108.24400000,East Sea Park,20346283,1,Tuan Minh,https://www.pexels.com/@tuanminhdigi,pexels,https://www.pexels.com/photo/flowers-and-da-nang-dragon-bridge-behind-20346283/,danangtrip/locations/east-sea-park/loc-30__east-sea-park__p01,East Sea Park Da Nang,found,https://res.cloudinary.com/dmukxquza/image/upload/v1780563271/danangtrip/locations/east-sea-park/loc-30__east-sea-park__p01.jpg,east-sea-park,already_downloaded,,https://images.pexels.com/photos/20346283/pexels-photo-20346283.jpeg?auto=compress&cs=tinysrgb&h=350,,uploaded,1780563271,1880
"2 Thang 9, Da Nang",84d1e9df2790638c4283d5ae4bbb95fa,425035,Ẩm thực địa phương,am-thuc-dia-phuong,danangtrip/locations/apec-park/loc-31__apec-park__p01,Hải Châu,existing:425035,jpg,1254,31,https://images.pexels.com/photos/14021726/pexels-photo-14021726.jpeg?auto=compress&cs=tinysrgb&dpr=2&h=650&w=940,16.06000000,loc-31__apec-park__active-missing-thumbnail__p01__pexels-14021726.jpg,D:\DATN\DATN_Tài liệu\data-center\media-assets\cloudinary-staging\locations\2026-06-04-active-missing-thumbnail\originals\loc-31__apec-park__active-missing-thumbnail__p01__pexels-14021726.jpg,31,apec-park,108.22500000,APEC Park,14021726,1,Quang Nguyen Vinh,https://www.pexels.com/@quang-nguyen-vinh-222549,pexels,https://www.pexels.com/photo/apec-park-in-da-nang-vietnam-14021726/,danangtrip/locations/apec-park/loc-31__apec-park__p01,APEC Park Da Nang,found,https://res.cloudinary.com/dmukxquza/image/upload/v1780563274/danangtrip/locations/apec-park/loc-31__apec-park__p01.jpg,apec-park,already_downloaded,,https://images.pexels.com/photos/14021726/pexels-photo-14021726.jpeg?auto=compress&cs=tinysrgb&h=350,,uploaded,1780563274,1880
"Nguyen Tri Phuong, Da Nang",036c6ffd42f6dbc03636df2ed7d9eaa0,425035,Ẩm thực địa phương,am-thuc-dia-phuong,danangtrip/locations/29-3-park/loc-32__29-3-park__p01,Thanh Khê,existing:425035,jpg,1254,32,https://images.pexels.com/photos/14021726/pexels-photo-14021726.jpeg?auto=compress&cs=tinysrgb&dpr=2&h=650&w=940,16.06500000,loc-32__29-3-park__active-missing-thumbnail__p01__pexels-14021726.jpg,D:\DATN\DATN_Tài liệu\data-center\media-assets\cloudinary-staging\locations\2026-06-04-active-missing-thumbnail\originals\loc-32__29-3-park__active-missing-thumbnail__p01__pexels-14021726.jpg,32,29-3-park,108.21000000,29/3 Park,14021726,1,Quang Nguyen Vinh,https://www.pexels.com/@quang-nguyen-vinh-222549,pexels,https://www.pexels.com/photo/apec-park-in-da-nang-vietnam-14021726/,danangtrip/locations/29-3-park/loc-32__29-3-park__p01,29/3 Park Da Nang,found,https://res.cloudinary.com/dmukxquza/image/upload/v1780563276/danangtrip/locations/29-3-park/loc-32__29-3-park__p01.jpg,29-3-park,already_downloaded,,https://images.pexels.com/photos/14021726/pexels-photo-14021726.jpeg?auto=compress&cs=tinysrgb&h=350,,uploaded,1780563276,1880
"85A Le Van Huu, Da Nang",b522b88b4f072c03fe2792a0142949cf,448882,Nhà hàng quốc tế,nha-hang-quoc-te,danangtrip/locations/banh-xeo-76/loc-33__banh-xeo-76__p01,Ngũ Hành Sơn,existing:448882,jpg,1253,33,https://images.pexels.com/photos/34009126/pexels-photo-34009126.jpeg?auto=compress&cs=tinysrgb&dpr=2&h=650&w=940,16.04000000,loc-33__banh-xeo-76__active-missing-thumbnail__p01__pexels-34009126.jpg,D:\DATN\DATN_Tài liệu\data-center\media-assets\cloudinary-staging\locations\2026-06-04-active-missing-thumbnail\originals\loc-33__banh-xeo-76__active-missing-thumbnail__p01__pexels-34009126.jpg,33,banh-xeo-76,108.24000000,Banh Xeo 76,34009126,1,Kirandeep Singh Walia,https://www.pexels.com/@kirandeepsingh,pexels,https://www.pexels.com/photo/bustling-han-market-in-da-nang-vietnam-34009126/,danangtrip/locations/banh-xeo-76/loc-33__banh-xeo-76__p01,Banh Xeo 76 Da Nang,found,https://res.cloudinary.com/dmukxquza/image/upload/v1780563279/danangtrip/locations/banh-xeo-76/loc-33__banh-xeo-76__p01.jpg,banh-xeo-76,already_downloaded,,https://images.pexels.com/photos/34009126/pexels-photo-34009126.jpeg?auto=compress&cs=tinysrgb&h=350,,uploaded,1780563279,1880
"23 Tran Quoc Toan, Da Nang",,,Nhà hàng quốc tế,nha-hang-quoc-te,danangtrip/locations/bun-bo-hue-ba-thuong/loc-34__bun-bo-hue-ba-thuong__p01,Hải Châu,existing:414437,,,34,https://images.pexels.com/photos/2591594/pexels-photo-2591594.jpeg?auto=compress&cs=tinysrgb&dpr=2&h=650&w=940,16.06500000,loc-34__bun-bo-hue-ba-thuong__active-missing-thumbnail__p01__pexels-2591594.jpg,D:\DATN\DATN_Tài liệu\data-center\media-assets\cloudinary-staging\locations\2026-06-04-active-missing-thumbnail\originals\loc-34__bun-bo-hue-ba-thuong__active-missing-thumbnail__p01__pexels-2591594.jpg,34,bun-bo-hue-ba-thuong,108.22000000,Bun Bo Hue Ba Thuong,2591594,1,JANG 'S 🍂,https://www.pexels.com/@jang,pexels,https://www.pexels.com/photo/top-view-photo-of-ramen-soup-2591594/,,Bun Bo Hue Ba Thuong Da Nang,found,,bun-bo-hue-ba-thuong,already_downloaded,,https://images.pexels.com/photos/2591594/pexels-photo-2591594.jpeg?auto=compress&cs=tinysrgb&h=350,HTTP Error 400: Bad Request,upload_failed,,
"116 Nui Thanh, Da Nang",45b2c400994d6a18190e0fa995b40c96,410019,Nhà hàng quốc tế,nha-hang-quoc-te,danangtrip/locations/que-xua-restaurant/loc-35__que-xua-restaurant__p01,Hải Châu,existing:410019,jpg,1253,35,https://images.pexels.com/photos/29813830/pexels-photo-29813830.jpeg?auto=compress&cs=tinysrgb&dpr=2&h=650&w=940,16.04500000,loc-35__que-xua-restaurant__active-missing-thumbnail__p01__pexels-29813830.jpg,D:\DATN\DATN_Tài liệu\data-center\media-assets\cloudinary-staging\locations\2026-06-04-active-missing-thumbnail\originals\loc-35__que-xua-restaurant__active-missing-thumbnail__p01__pexels-29813830.jpg,35,que-xua-restaurant,108.22000000,Que Xua Restaurant,29813830,1,Tuan Vy,https://www.pexels.com/@tuan-vy-903011268,pexels,https://www.pexels.com/photo/bustling-urban-street-scene-with-historic-architecture-29813830/,danangtrip/locations/que-xua-restaurant/loc-35__que-xua-restaurant__p01,Que Xua Restaurant Da Nang,found,https://res.cloudinary.com/dmukxquza/image/upload/v1780563285/danangtrip/locations/que-xua-restaurant/loc-35__que-xua-restaurant__p01.jpg,que-xua-restaurant,already_downloaded,,https://images.pexels.com/photos/29813830/pexels-photo-29813830.jpeg?auto=compress&cs=tinysrgb&h=350,,uploaded,1780563285,1880
"277 Tran Hung Dao, Da Nang",75724a6406c710f5aa30145187530ffc,160881,Nhà hàng quốc tế,nha-hang-quoc-te,danangtrip/locations/shamballa-vegetarian/loc-36__shamballa-vegetarian__p01,Sơn Trà,existing:160881,jpg,1253,36,https://images.pexels.com/photos/33043011/pexels-photo-33043011.jpeg?auto=compress&cs=tinysrgb&dpr=2&h=650&w=940,16.06000000,loc-36__shamballa-vegetarian__active-missing-thumbnail__p01__pexels-33043011.jpg,D:\DATN\DATN_Tài liệu\data-center\media-assets\cloudinary-staging\locations\2026-06-04-active-missing-thumbnail\originals\loc-36__shamballa-vegetarian__active-missing-thumbnail__p01__pexels-33043011.jpg,36,shamballa-vegetarian,108.23000000,Shamballa Vegetarian,33043011,1,Nhà văn,https://www.pexels.com/@nhavan,pexels,https://www.pexels.com/photo/traditional-vietnamese-tea-ceremony-in-da-n-ng-33043011/,danangtrip/locations/shamballa-vegetarian/loc-36__shamballa-vegetarian__p01,Shamballa Vegetarian Da Nang,found,https://res.cloudinary.com/dmukxquza/image/upload/v1780563287/danangtrip/locations/shamballa-vegetarian/loc-36__shamballa-vegetarian__p01.jpg,shamballa-vegetarian,already_downloaded,,https://images.pexels.com/photos/33043011/pexels-photo-33043011.jpeg?auto=compress&cs=tinysrgb&h=350,,uploaded,1780563287,1880
"31 Tran Bach Dang, Da Nang",78a063c1ee4905c9c24b9eaf4f103fb2,160881,Nhà hàng quốc tế,nha-hang-quoc-te,danangtrip/locations/bep-cuon/loc-37__bep-cuon__p01,Hải Châu,existing:160881,jpg,1253,37,https://images.pexels.com/photos/33043011/pexels-photo-33043011.jpeg?auto=compress&cs=tinysrgb&dpr=2&h=650&w=940,16.05000000,loc-37__bep-cuon__active-missing-thumbnail__p01__pexels-33043011.jpg,D:\DATN\DATN_Tài liệu\data-center\media-assets\cloudinary-staging\locations\2026-06-04-active-missing-thumbnail\originals\loc-37__bep-cuon__active-missing-thumbnail__p01__pexels-33043011.jpg,37,bep-cuon,108.24500000,Bep Cuon,33043011,1,Nhà văn,https://www.pexels.com/@nhavan,pexels,https://www.pexels.com/photo/traditional-vietnamese-tea-ceremony-in-da-n-ng-33043011/,danangtrip/locations/bep-cuon/loc-37__bep-cuon__p01,Bep Cuon Da Nang,found,https://res.cloudinary.com/dmukxquza/image/upload/v1780563290/danangtrip/locations/bep-cuon/loc-37__bep-cuon__p01.jpg,bep-cuon,already_downloaded,,https://images.pexels.com/photos/33043011/pexels-photo-33043011.jpeg?auto=compress&cs=tinysrgb&h=350,,uploaded,1780563290,1880
"39 Le Hong Phong, Da Nang",d8dfa4ab7d7d27241eff13a9ed10423e,234106,Nhà hàng quốc tế,nha-hang-quoc-te,danangtrip/locations/bun-rieu-cua-39/loc-38__bun-rieu-cua-39__p01,Hải Châu,existing:234106,jpg,1253,38,https://images.pexels.com/photos/8480674/pexels-photo-8480674.jpeg?auto=compress&cs=tinysrgb&dpr=2&h=650&w=940,16.06500000,loc-38__bun-rieu-cua-39__active-missing-thumbnail__p01__pexels-8480674.jpg,D:\DATN\DATN_Tài liệu\data-center\media-assets\cloudinary-staging\locations\2026-06-04-active-missing-thumbnail\originals\loc-38__bun-rieu-cua-39__active-missing-thumbnail__p01__pexels-8480674.jpg,38,bun-rieu-cua-39,108.22200000,Bun Rieu Cua 39,8480674,1,Lê Thùy Linh,https://www.pexels.com/@le-thuy-linh-72939415,pexels,https://www.pexels.com/photo/a-bowl-of-bun-rieu-cua-8480674/,danangtrip/locations/bun-rieu-cua-39/loc-38__bun-rieu-cua-39__p01,Bun Rieu Cua 39 Da Nang,found,https://res.cloudinary.com/dmukxquza/image/upload/v1780563292/danangtrip/locations/bun-rieu-cua-39/loc-38__bun-rieu-cua-39__p01.jpg,bun-rieu-cua-39,already_downloaded,,https://images.pexels.com/photos/8480674/pexels-photo-8480674.jpeg?auto=compress&cs=tinysrgb&h=350,,uploaded,1780563292,1880
"26 To Hien Thanh, Da Nang",155a499292f7a493406a72cf0b9f80db,182693,Nhà hàng quốc tế,nha-hang-quoc-te,danangtrip/locations/moc-restaurant/loc-39__moc-restaurant__p01,Ngũ Hành Sơn,existing:182693,jpg,1253,39,https://images.pexels.com/photos/12538227/pexels-photo-12538227.jpeg?auto=compress&cs=tinysrgb&dpr=2&h=650&w=940,16.05500000,loc-39__moc-restaurant__active-missing-thumbnail__p01__pexels-12538227.jpg,D:\DATN\DATN_Tài liệu\data-center\media-assets\cloudinary-staging\locations\2026-06-04-active-missing-thumbnail\originals\loc-39__moc-restaurant__active-missing-thumbnail__p01__pexels-12538227.jpg,39,moc-restaurant,108.24200000,Moc Restaurant,12538227,1,Nguyễn Hoàng,https://www.pexels.com/@nguy-n-hoang-957279,pexels,https://www.pexels.com/photo/city-lights-during-night-time-12538227/,danangtrip/locations/moc-restaurant/loc-39__moc-restaurant__p01,Moc Restaurant Da Nang,found,https://res.cloudinary.com/dmukxquza/image/upload/v1780563295/danangtrip/locations/moc-restaurant/loc-39__moc-restaurant__p01.jpg,moc-restaurant,already_downloaded,,https://images.pexels.com/photos/12538227/pexels-photo-12538227.jpeg?auto=compress&cs=tinysrgb&h=350,,uploaded,1780563295,1880
"InterContinental Resort, Son Tra",d0fdf512806ad3f8ea9e37f8601f86a5,349361,Nhà hàng quốc tế,nha-hang-quoc-te,danangtrip/locations/la-maison-1888/loc-40__la-maison-1888__p01,Sơn Trà,existing:349361,jpg,1253,40,https://images.pexels.com/photos/34943322/pexels-photo-34943322.jpeg?auto=compress&cs=tinysrgb&dpr=2&h=650&w=940,16.12000000,loc-40__la-maison-1888__active-missing-thumbnail__p01__pexels-34943322.jpg,D:\DATN\DATN_Tài liệu\data-center\media-assets\cloudinary-staging\locations\2026-06-04-active-missing-thumbnail\originals\loc-40__la-maison-1888__active-missing-thumbnail__p01__pexels-34943322.jpg,40,la-maison-1888,108.31000000,La Maison 1888,34943322,1,Oleksandr Plakhota,https://www.pexels.com/@oleksandr-plakhota-1270583835,pexels,https://www.pexels.com/photo/elegant-building-facade-in-kyiv-city-at-daytime-34943322/,danangtrip/locations/la-maison-1888/loc-40__la-maison-1888__p01,La Maison 1888 Da Nang,found,https://res.cloudinary.com/dmukxquza/image/upload/v1780563297/danangtrip/locations/la-maison-1888/loc-40__la-maison-1888__p01.jpg,la-maison-1888,already_downloaded,,https://images.pexels.com/photos/34943322/pexels-photo-34943322.jpeg?auto=compress&cs=tinysrgb&h=350,,uploaded,1780563297,1880
"16 My Da Tay 2, Da Nang",8349c841d12c4ea60444f4cc4d546738,245719,Nhà hàng quốc tế,nha-hang-quoc-te,danangtrip/locations/nen-danang/loc-41__nen-danang__p01,Ngũ Hành Sơn,existing:245719,jpg,1271,41,https://images.pexels.com/photos/26550067/pexels-photo-26550067.jpeg?auto=compress&cs=tinysrgb&dpr=2&h=650&w=940,16.03500000,loc-41__nen-danang__active-missing-thumbnail__p01__pexels-26550067.jpg,D:\DATN\DATN_Tài liệu\data-center\media-assets\cloudinary-staging\locations\2026-06-04-active-missing-thumbnail\originals\loc-41__nen-danang__active-missing-thumbnail__p01__pexels-26550067.jpg,41,nen-danang,108.24500000,Nen Danang,26550067,1,Pragyan Bezbaruah,https://www.pexels.com/@pragyanbezbo,pexels,https://www.pexels.com/photo/da-nang-city-name-at-beach-26550067/,danangtrip/locations/nen-danang/loc-41__nen-danang__p01,Nen Danang Da Nang,found,https://res.cloudinary.com/dmukxquza/image/upload/v1780563300/danangtrip/locations/nen-danang/loc-41__nen-danang__p01.jpg,nen-danang,already_downloaded,,https://images.pexels.com/photos/26550067/pexels-photo-26550067.jpeg?auto=compress&cs=tinysrgb&h=350,,uploaded,1780563300,1880
"08 Hoang Van Thu, Da Nang",27528a1234ec0836148ac82ac25a68ab,220761,Nhà hàng quốc tế,nha-hang-quoc-te,danangtrip/locations/pizza-4p-hoang-van-thu/loc-42__pizza-4p-hoang-van-thu__p01,Hải Châu,existing:220761,jpg,1174,42,https://images.pexels.com/photos/29268348/pexels-photo-29268348.jpeg?auto=compress&cs=tinysrgb&dpr=2&h=650&w=940,16.06800000,loc-42__pizza-4p-hoang-van-thu__active-missing-thumbnail__p01__pexels-29268348.jpg,D:\DATN\DATN_Tài liệu\data-center\media-assets\cloudinary-staging\locations\2026-06-04-active-missing-thumbnail\originals\loc-42__pizza-4p-hoang-van-thu__active-missing-thumbnail__p01__pexels-29268348.jpg,42,pizza-4p-hoang-van-thu,108.22350000,Pizza 4P Hoang Van Thu,29268348,1,Eduardo Escalante,https://www.pexels.com/@pexlao,pexels,https://www.pexels.com/photo/delicious-italian-pizza-with-asian-twist-29268348/,danangtrip/locations/pizza-4p-hoang-van-thu/loc-42__pizza-4p-hoang-van-thu__p01,Pizza 4P Hoang Van Thu Da Nang,found,https://res.cloudinary.com/dmukxquza/image/upload/v1780563303/danangtrip/locations/pizza-4p-hoang-van-thu/loc-42__pizza-4p-hoang-van-thu__p01.jpg,pizza-4p-hoang-van-thu,already_downloaded,,https://images.pexels.com/photos/29268348/pexels-photo-29268348.jpeg?auto=compress&cs=tinysrgb&h=350,,uploaded,1780563303,1880
"04 Bach Dang, Da Nang",c222983bccd604bc89e4b17ea32e24bb,189525,Nhà hàng quốc tế,nha-hang-quoc-te,danangtrip/locations/madam-lan/loc-43__madam-lan__p01,Hải Châu,existing:189525,jpg,1254,43,https://images.pexels.com/photos/14349715/pexels-photo-14349715.jpeg?auto=compress&cs=tinysrgb&dpr=2&h=650&w=940,16.08200000,loc-43__madam-lan__active-missing-thumbnail__p01__pexels-14349715.jpg,D:\DATN\DATN_Tài liệu\data-center\media-assets\cloudinary-staging\locations\2026-06-04-active-missing-thumbnail\originals\loc-43__madam-lan__active-missing-thumbnail__p01__pexels-14349715.jpg,43,madam-lan,108.22200000,Madam Lan,14349715,1,Trần Long,https://www.pexels.com/@tr-n-long-3093985,pexels,https://www.pexels.com/photo/a-mother-and-her-daughter-walking-at-the-beach-14349715/,danangtrip/locations/madam-lan/loc-43__madam-lan__p01,Madam Lan Da Nang,found,https://res.cloudinary.com/dmukxquza/image/upload/v1780563305/danangtrip/locations/madam-lan/loc-43__madam-lan__p01.jpg,madam-lan,already_downloaded,,https://images.pexels.com/photos/14349715/pexels-photo-14349715.jpeg?auto=compress&cs=tinysrgb&h=350,,uploaded,1780563305,1880
"150 Bach Dang, Da Nang",1cc150df8559b931d4314147ec7ffba6,245719,Nhà hàng quốc tế,nha-hang-quoc-te,danangtrip/locations/waterfront-danang/loc-44__waterfront-danang__p01,Hải Châu,existing:245719,jpg,1271,44,https://images.pexels.com/photos/26550067/pexels-photo-26550067.jpeg?auto=compress&cs=tinysrgb&dpr=2&h=650&w=940,16.06800000,loc-44__waterfront-danang__active-missing-thumbnail__p01__pexels-26550067.jpg,D:\DATN\DATN_Tài liệu\data-center\media-assets\cloudinary-staging\locations\2026-06-04-active-missing-thumbnail\originals\loc-44__waterfront-danang__active-missing-thumbnail__p01__pexels-26550067.jpg,44,waterfront-danang,108.22400000,Waterfront Danang,26550067,1,Pragyan Bezbaruah,https://www.pexels.com/@pragyanbezbo,pexels,https://www.pexels.com/photo/da-nang-city-name-at-beach-26550067/,danangtrip/locations/waterfront-danang/loc-44__waterfront-danang__p01,Waterfront Danang Da Nang,found,https://res.cloudinary.com/dmukxquza/image/upload/v1780563308/danangtrip/locations/waterfront-danang/loc-44__waterfront-danang__p01.jpg,waterfront-danang,already_downloaded,,https://images.pexels.com/photos/26550067/pexels-photo-26550067.jpeg?auto=compress&cs=tinysrgb&h=350,,uploaded,1780563308,1880
"439 Tran Hung Dao, Da Nang",d6ce9d3f3bcfde0c3ac5ee3e8877cd47,219086,Nhà hàng quốc tế,nha-hang-quoc-te,danangtrip/locations/fat-fish-da-nang/loc-45__fat-fish-da-nang__p01,Sơn Trà,existing:219086,jpg,1058,45,https://images.pexels.com/photos/20627075/pexels-photo-20627075.jpeg?auto=compress&cs=tinysrgb&dpr=2&h=650&w=940,16.06000000,loc-45__fat-fish-da-nang__active-missing-thumbnail__p01__pexels-20627075.jpg,D:\DATN\DATN_Tài liệu\data-center\media-assets\cloudinary-staging\locations\2026-06-04-active-missing-thumbnail\originals\loc-45__fat-fish-da-nang__active-missing-thumbnail__p01__pexels-20627075.jpg,45,fat-fish-da-nang,108.23500000,Fat Fish Da Nang,20627075,1,Kirandeep Singh Walia,https://www.pexels.com/@kirandeepsingh,pexels,https://www.pexels.com/photo/boats-and-cityscape-behind-on-sea-coastline-in-vietnam-20627075/,danangtrip/locations/fat-fish-da-nang/loc-45__fat-fish-da-nang__p01,Fat Fish Da Nang Da Nang,found,https://res.cloudinary.com/dmukxquza/image/upload/v1780563310/danangtrip/locations/fat-fish-da-nang/loc-45__fat-fish-da-nang__p01.jpg,fat-fish-da-nang,already_downloaded,,https://images.pexels.com/photos/20627075/pexels-photo-20627075.jpeg?auto=compress&cs=tinysrgb&h=350,,uploaded,1780563310,1880
"20 Ly Thuong Kiet, Da Nang",777bba015dc7b0d49a5044cdd17d41bb,378425,Nhà hàng quốc tế,nha-hang-quoc-te,danangtrip/locations/le-rendez-vous/loc-46__le-rendez-vous__p01,Hải Châu,existing:378425,jpg,1300,46,https://images.pexels.com/photos/37723173/pexels-photo-37723173.jpeg?auto=compress&cs=tinysrgb&dpr=2&h=650&w=940,16.07600000,loc-46__le-rendez-vous__active-missing-thumbnail__p01__pexels-37723173.jpg,D:\DATN\DATN_Tài liệu\data-center\media-assets\cloudinary-staging\locations\2026-06-04-active-missing-thumbnail\originals\loc-46__le-rendez-vous__active-missing-thumbnail__p01__pexels-37723173.jpg,46,le-rendez-vous,108.22000000,Le Rendez-Vous,37723173,1,Valeria Drozdova,https://www.pexels.com/@valeria-drozdova-2148646707,pexels,https://www.pexels.com/photo/contemporary-urban-street-with-palm-trees-and-skyscrapers-37723173/,danangtrip/locations/le-rendez-vous/loc-46__le-rendez-vous__p01,Le Rendez-Vous Da Nang,found,https://res.cloudinary.com/dmukxquza/image/upload/v1780563313/danangtrip/locations/le-rendez-vous/loc-46__le-rendez-vous__p01.jpg,le-rendez-vous,already_downloaded,,https://images.pexels.com/photos/37723173/pexels-photo-37723173.jpeg?auto=compress&cs=tinysrgb&h=350,,uploaded,1780563313,1733
"248 Tran Phu, Da Nang",cd165460c07c5d75c7099bd127ec639f,256604,Nhà hàng quốc tế,nha-hang-quoc-te,danangtrip/locations/red-sky-steakhouse/loc-47__red-sky-steakhouse__p01,Hải Châu,existing:256604,jpg,1253,47,https://images.pexels.com/photos/1006105/pexels-photo-1006105.jpeg?auto=compress&cs=tinysrgb&dpr=2&h=650&w=940,16.06300000,loc-47__red-sky-steakhouse__active-missing-thumbnail__p01__pexels-1006105.jpg,D:\DATN\DATN_Tài liệu\data-center\media-assets\cloudinary-staging\locations\2026-06-04-active-missing-thumbnail\originals\loc-47__red-sky-steakhouse__active-missing-thumbnail__p01__pexels-1006105.jpg,47,red-sky-steakhouse,108.22300000,Red Sky Steakhouse,1006105,1,Min An,https://www.pexels.com/@minan1398,pexels,https://www.pexels.com/photo/person-wearing-black-jeans-and-white-sneakers-1006105/,danangtrip/locations/red-sky-steakhouse/loc-47__red-sky-steakhouse__p01,Red Sky Steakhouse Da Nang,found,https://res.cloudinary.com/dmukxquza/image/upload/v1780563316/danangtrip/locations/red-sky-steakhouse/loc-47__red-sky-steakhouse__p01.jpg,red-sky-steakhouse,already_downloaded,,https://images.pexels.com/photos/1006105/pexels-photo-1006105.jpeg?auto=compress&cs=tinysrgb&h=350,,uploaded,1780563316,1880
"31 An Thuong 4, Da Nang",afcbce52747196fe89e9ae00284390df,564004,Nhà hàng quốc tế,nha-hang-quoc-te,danangtrip/locations/burger-bros/loc-48__burger-bros__p01,Ngũ Hành Sơn,existing:564004,jpg,1253,48,https://images.pexels.com/photos/37800761/pexels-photo-37800761.jpeg?auto=compress&cs=tinysrgb&dpr=2&h=650&w=940,16.05000000,loc-48__burger-bros__active-missing-thumbnail__p01__pexels-37800761.jpg,D:\DATN\DATN_Tài liệu\data-center\media-assets\cloudinary-staging\locations\2026-06-04-active-missing-thumbnail\originals\loc-48__burger-bros__active-missing-thumbnail__p01__pexels-37800761.jpg,48,burger-bros,108.24600000,Burger Bros,37800761,1,Nguyễn Viết Minh Lâm,https://www.pexels.com/@wlamnv,pexels,https://www.pexels.com/photo/da-nang-night-skyline-with-illuminated-bridge-37800761/,danangtrip/locations/burger-bros/loc-48__burger-bros__p01,Burger Bros Da Nang,found,https://res.cloudinary.com/dmukxquza/image/upload/v1780563319/danangtrip/locations/burger-bros/loc-48__burger-bros__p01.jpg,burger-bros,already_downloaded,,https://images.pexels.com/photos/37800761/pexels-photo-37800761.jpeg?auto=compress&cs=tinysrgb&h=350,,uploaded,1780563319,1880
"Lô 1-2 Phạm Văn Đồng, Da Nang",19782a488205f75776620fbb4b621e5e,240025,Nhà hàng quốc tế,nha-hang-quoc-te,danangtrip/locations/sofia-restaurant/loc-49__sofia-restaurant__p01,Sơn Trà,existing:240025,jpg,1253,49,https://images.pexels.com/photos/35271944/pexels-photo-35271944.jpeg?auto=compress&cs=tinysrgb&dpr=2&h=650&w=940,16.07200000,loc-49__sofia-restaurant__active-missing-thumbnail__p01__pexels-35271944.jpg,D:\DATN\DATN_Tài liệu\data-center\media-assets\cloudinary-staging\locations\2026-06-04-active-missing-thumbnail\originals\loc-49__sofia-restaurant__active-missing-thumbnail__p01__pexels-35271944.jpg,49,sofia-restaurant,108.24300000,Sofia Restaurant,35271944,1,Nhà văn,https://www.pexels.com/@nhavan,pexels,https://www.pexels.com/photo/young-woman-enjoying-vietnamese-meal-indoors-35271944/,danangtrip/locations/sofia-restaurant/loc-49__sofia-restaurant__p01,Sofia Restaurant Da Nang,found,https://res.cloudinary.com/dmukxquza/image/upload/v1780563321/danangtrip/locations/sofia-restaurant/loc-49__sofia-restaurant__p01.jpg,sofia-restaurant,already_downloaded,,https://images.pexels.com/photos/35271944/pexels-photo-35271944.jpeg?auto=compress&cs=tinysrgb&h=350,,uploaded,1780563321,1880
"Vo Nguyen Giap, Da Nang",f61b4e2cf0c0c9643857977761f2ee5b,245719,Nhà hàng quốc tế,nha-hang-quoc-te,danangtrip/locations/blue-whale-restaurant/loc-50__blue-whale-restaurant__p01,Sơn Trà,existing:245719,jpg,1271,50,https://images.pexels.com/photos/26550067/pexels-photo-26550067.jpeg?auto=compress&cs=tinysrgb&dpr=2&h=650&w=940,16.07500000,loc-50__blue-whale-restaurant__active-missing-thumbnail__p01__pexels-26550067.jpg,D:\DATN\DATN_Tài liệu\data-center\media-assets\cloudinary-staging\locations\2026-06-04-active-missing-thumbnail\originals\loc-50__blue-whale-restaurant__active-missing-thumbnail__p01__pexels-26550067.jpg,50,blue-whale-restaurant,108.24500000,Blue Whale,26550067,1,Pragyan Bezbaruah,https://www.pexels.com/@pragyanbezbo,pexels,https://www.pexels.com/photo/da-nang-city-name-at-beach-26550067/,danangtrip/locations/blue-whale-restaurant/loc-50__blue-whale-restaurant__p01,Blue Whale Da Nang,found,https://res.cloudinary.com/dmukxquza/image/upload/v1780563324/danangtrip/locations/blue-whale-restaurant/loc-50__blue-whale-restaurant__p01.jpg,blue-whale-restaurant,already_downloaded,,https://images.pexels.com/photos/26550067/pexels-photo-26550067.jpeg?auto=compress&cs=tinysrgb&h=350,,uploaded,1780563324,1880
"52 Vo Nghia, Da Nang",81f5245a170df51d6d288ccc4ca1c57e,136240,Nhà hàng quốc tế,nha-hang-quoc-te,danangtrip/locations/my-casa/loc-51__my-casa__p01,Sơn Trà,existing:136240,jpg,1300,51,https://images.pexels.com/photos/32428875/pexels-photo-32428875.jpeg?auto=compress&cs=tinysrgb&dpr=2&h=650&w=940,16.06800000,loc-51__my-casa__active-missing-thumbnail__p01__pexels-32428875.jpg,D:\DATN\DATN_Tài liệu\data-center\media-assets\cloudinary-staging\locations\2026-06-04-active-missing-thumbnail\originals\loc-51__my-casa__active-missing-thumbnail__p01__pexels-32428875.jpg,51,my-casa,108.24400000,My Casa,32428875,1,one second before sunset,https://www.pexels.com/@onesecondbeforesunset,pexels,https://www.pexels.com/photo/scenic-beach-view-with-visitors-in-vietnam-32428875/,danangtrip/locations/my-casa/loc-51__my-casa__p01,My Casa Da Nang,found,https://res.cloudinary.com/dmukxquza/image/upload/v1780563326/danangtrip/locations/my-casa/loc-51__my-casa__p01.jpg,my-casa,already_downloaded,,https://images.pexels.com/photos/32428875/pexels-photo-32428875.jpeg?auto=compress&cs=tinysrgb&h=350,,uploaded,1780563326,1733
