asset_id,available_from,available_to,booking_availability,booking_count,bytes,category_name,category_slug,cloudinary_public_id,created_at,created_by,description,discount_percent,download_message,duration,exclusions,format,height,id,image_url,images,inclusions,is_featured,is_hot,itinerary,local_file,local_path,location_id,location_slug,max_people,meeting_point,min_people,name,photo_id,photo_index,photographer,photographer_url,price_adult,price_child,price_infant,provider,provider_page_url,public_id,rating_avg,rating_count,search_query,secure_url,short_desc,slug,start_time,status,thumbnail,thumbnail_url,tour_category_id,tour_id,tour_slug,updated_at,upload_status,version,video_url,view_count,width
8d00d7f081b31ff2623f1f727b2949f2,,,open,0,587206,Tour Biển & Đảo,tour-bien-dao,danangtrip/tours/tour-real-variant-51/tour-51__tour-real-variant-51__p01,2026-05-25 08:44:17,,"Trải nghiệm chuyên sâu hơn của Thư giãn tuyệt đối với dịch vụ tắm khoáng, tắm bùn và khu vui chơi nước giữa núi rừng.",0,downloaded:587206,1 ngày,,jpg,1251,51,https://images.pexels.com/photos/35042236/pexels-photo-35042236.jpeg?auto=compress&cs=tinysrgb&dpr=2&h=650&w=940,,,False,False,,tour-51__tour-real-variant-51__p01__pexels-35042236.jpg,D:\DATN\DATN_Tài liệu\data-center\media-assets\cloudinary-staging\tours\2026-06-04-tour-missing-thumbnail\originals\tour-51__tour-real-variant-51__p01__pexels-35042236.jpg,51,tour-real-variant-51,30,,2,Tour Tiết Kiệm Tour Suối Khoáng Nóng Thần Tài Relax,35042236,1,Nguyen Ngoc Tien,https://www.pexels.com/@nguyen-ngoc-tien-1321490019,980757.13,672992.64,150000.00,pexels,https://www.pexels.com/photo/group-enjoying-a-scenic-boat-ride-on-tranquil-lake-35042236/,danangtrip/tours/tour-real-variant-51/tour-51__tour-real-variant-51__p01,0.00,0,Tour Tiết Kiệm Tour Suối Khoáng Nóng Thần Tài Relax Vietnam travel,https://res.cloudinary.com/dmukxquza/image/upload/v1780567233/danangtrip/tours/tour-real-variant-51/tour-51__tour-real-variant-51__p01.jpg,Nghỉ dưỡng và chăm sóc sức khỏe.,tour-real-variant-51,,downloaded,,https://images.pexels.com/photos/35042236/pexels-photo-35042236.jpeg?auto=compress&cs=tinysrgb&h=350,4,51,tour-real-variant-51,2026-05-25 08:44:17,uploaded,1780567233,,0,1880
64e25913526ff4192e76890b526b63ee,,,open,0,302400,Tour Mạo Hiểm,tour-mao-hiem,danangtrip/tours/tour-real-variant-52/tour-52__tour-real-variant-52__p01,2026-05-25 08:44:17,,"Trải nghiệm chuyên sâu hơn của Thám hiểm rừng già Sơn Trà, tìm kiếm voọc chà vá chân nâu và chinh phục đỉnh Bàn Cờ.",0,downloaded:302400,6 giờ,,jpg,1251,52,https://images.pexels.com/photos/36748260/pexels-photo-36748260.jpeg?auto=compress&cs=tinysrgb&dpr=2&h=650&w=940,,,False,False,,tour-52__tour-real-variant-52__p01__pexels-36748260.jpg,D:\DATN\DATN_Tài liệu\data-center\media-assets\cloudinary-staging\tours\2026-06-04-tour-missing-thumbnail\originals\tour-52__tour-real-variant-52__p01__pexels-36748260.jpg,52,tour-real-variant-52,10,,2,Tour Khám Phá Tour Trekking Bán Đảo Sơn Trà,36748260,1,TUAN PHAN,https://www.pexels.com/@tuan-phan-2156993475,748900.99,716531.75,0.00,pexels,https://www.pexels.com/photo/scenic-coastal-view-of-s-n-tra-peninsula-vietnam-36748260/,danangtrip/tours/tour-real-variant-52/tour-52__tour-real-variant-52__p01,0.00,0,Tour Khám Phá Tour Trekking Bán Đảo Sơn Trà Vietnam travel,https://res.cloudinary.com/dmukxquza/image/upload/v1780567236/danangtrip/tours/tour-real-variant-52/tour-52__tour-real-variant-52__p01.jpg,Thử thách thiên nhiên Sơn Trà.,tour-real-variant-52,,downloaded,,https://images.pexels.com/photos/36748260/pexels-photo-36748260.jpeg?auto=compress&cs=tinysrgb&h=350,7,52,tour-real-variant-52,2026-05-25 08:44:17,uploaded,1780567236,,0,1880
5823d94e6c0857dea4c8319b725e5efe,,,open,0,346744,Tour Mạo Hiểm,tour-mao-hiem,danangtrip/tours/tour-real-variant-53/tour-53__tour-real-variant-53__p01,2026-05-25 08:44:17,,"Trải nghiệm chuyên sâu hơn của Trekking rừng quốc gia Bạch Mã, ngắm thác Đỗ Quyên và ngắm toàn cảnh vịnh Lăng Cô từ Hải Vọng Đài.",0,downloaded:346744,1 ngày,,jpg,1300,53,https://images.pexels.com/photos/31265701/pexels-photo-31265701.jpeg?auto=compress&cs=tinysrgb&dpr=2&h=650&w=940,,,False,False,,tour-53__tour-real-variant-53__p01__pexels-31265701.jpg,D:\DATN\DATN_Tài liệu\data-center\media-assets\cloudinary-staging\tours\2026-06-04-tour-missing-thumbnail\originals\tour-53__tour-real-variant-53__p01__pexels-31265701.jpg,53,tour-real-variant-53,15,,2,Tour Khám Phá Tour Khám Phá Bạch Mã National Park,31265701,1,Vietnam  Hidden Light,https://www.pexels.com/@vietnamhiddenlight,1226604.56,919312.75,200000.00,pexels,https://www.pexels.com/photo/scenic-mountain-road-in-ha-giang-vietnam-31265701/,danangtrip/tours/tour-real-variant-53/tour-53__tour-real-variant-53__p01,0.00,0,Tour Khám Phá Tour Khám Phá Bạch Mã National Park Vietnam travel,https://res.cloudinary.com/dmukxquza/image/upload/v1780567239/danangtrip/tours/tour-real-variant-53/tour-53__tour-real-variant-53__p01.jpg,Hành trình chinh phục đỉnh Bạch Mã.,tour-real-variant-53,,downloaded,,https://images.pexels.com/photos/31265701/pexels-photo-31265701.jpeg?auto=compress&cs=tinysrgb&h=350,7,53,tour-real-variant-53,2026-05-25 08:44:17,uploaded,1780567239,,0,1733
2da80fa0001e641faf69fcbf55818b54,,,open,0,306897,Tour Ẩm Thực,tour-am-thuc,danangtrip/tours/tour-real-variant-54/tour-54__tour-real-variant-54__p01,2026-05-25 08:44:17,,Trải nghiệm chuyên sâu hơn của Ngồi sau xe máy cùng HDV địa phương len lỏi vào các ngõ ngách thưởng thức 5-7 món ăn đặc sản.,0,downloaded:306897,4 giờ,,jpg,1253,54,https://images.pexels.com/photos/28899311/pexels-photo-28899311.jpeg?auto=compress&cs=tinysrgb&dpr=2&h=650&w=940,,,False,False,,tour-54__tour-real-variant-54__p01__pexels-28899311.jpg,D:\DATN\DATN_Tài liệu\data-center\media-assets\cloudinary-staging\tours\2026-06-04-tour-missing-thumbnail\originals\tour-54__tour-real-variant-54__p01__pexels-28899311.jpg,54,tour-real-variant-54,10,,1,Tour Khám Phá Street Food Tour Đà Nẵng bằng Xe Máy,28899311,1,Tường Chopper,https://www.pexels.com/@tuongchopper,667141.73,685838.06,0.00,pexels,https://www.pexels.com/photo/bustling-street-scene-in-ho-chi-minh-city-vietnam-28899311/,danangtrip/tours/tour-real-variant-54/tour-54__tour-real-variant-54__p01,0.00,0,Tour Khám Phá Street Food Tour Đà Nẵng bằng Xe Máy Vietnam travel,https://res.cloudinary.com/dmukxquza/image/upload/v1780567243/danangtrip/tours/tour-real-variant-54/tour-54__tour-real-variant-54__p01.jpg,Khám phá ẩm thực Đà Nẵng như người bản địa.,tour-real-variant-54,,downloaded,,https://images.pexels.com/photos/28899311/pexels-photo-28899311.jpeg?auto=compress&cs=tinysrgb&h=350,6,54,tour-real-variant-54,2026-05-25 08:44:17,uploaded,1780567243,,0,1880
173727af8a045fea88734095d75b7538,,,open,0,602871,Tour Khám Phá Thiên Nhiên,tour-thien-nhien,danangtrip/tours/tour-real-variant-55/tour-55__tour-real-variant-55__p01,2026-05-25 08:44:17,,"Trải nghiệm sang trọng hơn của Học cách xới đất, trồng rau, tưới nước và tự tay chế biến món ăn từ rau sạch Trà Quế.",0,downloaded:602871,4 giờ,,jpg,1057,55,https://images.pexels.com/photos/35518540/pexels-photo-35518540.jpeg?auto=compress&cs=tinysrgb&dpr=2&h=650&w=940,,,False,False,,tour-55__tour-real-variant-55__p01__pexels-35518540.jpg,D:\DATN\DATN_Tài liệu\data-center\media-assets\cloudinary-staging\tours\2026-06-04-tour-missing-thumbnail\originals\tour-55__tour-real-variant-55__p01__pexels-35518540.jpg,55,tour-real-variant-55,12,,1,Tour Cao Cấp Tour Làm Nông Dân Làng Rau Trà Quế,35518540,1,Duy Nguyen,https://www.pexels.com/@duy-nguyen-489946968,531016.94,382384.90,100000.00,pexels,https://www.pexels.com/photo/aerial-view-of-lush-agricultural-fields-in-vietnam-35518540/,danangtrip/tours/tour-real-variant-55/tour-55__tour-real-variant-55__p01,0.00,0,Tour Cao Cấp Tour Làm Nông Dân Làng Rau Trà Quế Vietnam travel,https://res.cloudinary.com/dmukxquza/image/upload/v1780567246/danangtrip/tours/tour-real-variant-55/tour-55__tour-real-variant-55__p01.jpg,Một ngày làm nông dân Hội An.,tour-real-variant-55,,downloaded,,https://images.pexels.com/photos/35518540/pexels-photo-35518540.jpeg?auto=compress&cs=tinysrgb&h=350,5,55,tour-real-variant-55,2026-05-25 08:44:17,uploaded,1780567246,,0,1880
ccc2695d25fff789f9504d7f881948c1,,,open,0,357075,Tour Bà Nà Hills,tour-ba-na-hills,danangtrip/tours/tour-real-variant-56/tour-56__tour-real-variant-56__p01,2026-05-25 08:44:17,,"Trải nghiệm chuyên sâu hơn của Ngắm nhìn thành phố ánh sáng từ giữa lòng sông và xem Cầu Rồng phun lửa, phun nước vào tối cuối tuần.",0,downloaded:357075,2 giờ,,jpg,1253,56,https://images.pexels.com/photos/19940389/pexels-photo-19940389.jpeg?auto=compress&cs=tinysrgb&dpr=2&h=650&w=940,,,False,False,,tour-56__tour-real-variant-56__p01__pexels-19940389.jpg,D:\DATN\DATN_Tài liệu\data-center\media-assets\cloudinary-staging\tours\2026-06-04-tour-missing-thumbnail\originals\tour-56__tour-real-variant-56__p01__pexels-19940389.jpg,56,tour-real-variant-56,80,,1,Tour Tiết Kiệm Tour Du Thuyền Sông Hàn & Xem Rồng Phun Lửa,19940389,1,Kirandeep Singh Walia,https://www.pexels.com/@kirandeepsingh,214301.78,155106.92,50000.00,pexels,https://www.pexels.com/photo/da-nang-administrative-center-in-vietnam-19940389/,danangtrip/tours/tour-real-variant-56/tour-56__tour-real-variant-56__p01,0.00,0,Tour Tiết Kiệm Tour Du Thuyền Sông Hàn & Xem Rồng Phun Lửa Vietnam travel,https://res.cloudinary.com/dmukxquza/image/upload/v1780567249/danangtrip/tours/tour-real-variant-56/tour-56__tour-real-variant-56__p01.jpg,Buổi tối lãng mạn trên sông Hàn.,tour-real-variant-56,,downloaded,,https://images.pexels.com/photos/19940389/pexels-photo-19940389.jpeg?auto=compress&cs=tinysrgb&h=350,1,56,tour-real-variant-56,2026-05-25 08:44:17,uploaded,1780567249,,0,1880
b568f014f66b1c07b0d1edc27d9cfe21,,,open,0,456250,Tour Cố Đô Huế,tour-hue,danangtrip/tours/tour-real-variant-57/tour-57__tour-real-variant-57__p01,2026-05-25 08:44:17,,"Trải nghiệm chuyên sâu hơn của Khám phá hệ sinh thái đầm phá nước lợ, chèo thuyền Kayak và ngắm hoàng hôn tuyệt đẹp.",0,downloaded:456250,6 giờ,,jpg,1253,57,https://images.pexels.com/photos/33248828/pexels-photo-33248828.jpeg?auto=compress&cs=tinysrgb&dpr=2&h=650&w=940,,,False,False,,tour-57__tour-real-variant-57__p01__pexels-33248828.jpg,D:\DATN\DATN_Tài liệu\data-center\media-assets\cloudinary-staging\tours\2026-06-04-tour-missing-thumbnail\originals\tour-57__tour-real-variant-57__p01__pexels-33248828.jpg,57,tour-real-variant-57,20,,2,Tour Khám Phá Tour Đầm Phá Tam Giang & Sunset,33248828,1,NGUYỄN THÀNH NHƠN,https://www.pexels.com/@nguy-n-thanh-nh-n-203569019,762884.28,558563.09,150000.00,pexels,https://www.pexels.com/photo/speedboat-moored-by-riverside-in-sunny-weather-33248828/,danangtrip/tours/tour-real-variant-57/tour-57__tour-real-variant-57__p01,0.00,0,Tour Khám Phá Tour Đầm Phá Tam Giang & Sunset Vietnam travel,https://res.cloudinary.com/dmukxquza/image/upload/v1780567251/danangtrip/tours/tour-real-variant-57/tour-57__tour-real-variant-57__p01.jpg,Hoàng hôn rực rỡ trên phá Tam Giang.,tour-real-variant-57,,downloaded,,https://images.pexels.com/photos/33248828/pexels-photo-33248828.jpeg?auto=compress&cs=tinysrgb&h=350,3,57,tour-real-variant-57,2026-05-25 08:44:17,uploaded,1780567251,,0,1880
00ca65f2a9d48e5a21c2f8c09292f784,,,open,0,216563,Tour Khám Phá Thiên Nhiên,tour-thien-nhien,danangtrip/tours/tour-real-variant-58/tour-58__tour-real-variant-58__p01,2026-05-25 08:44:17,,Trải nghiệm chuyên sâu hơn của Thưởng thức loại hình nghệ thuật di sản phi vật thể và thả đèn hoa đăng cầu may trên sông Hương.,0,downloaded:216563,2 giờ,,jpg,1281,58,https://images.pexels.com/photos/29515987/pexels-photo-29515987.jpeg?auto=compress&cs=tinysrgb&dpr=2&h=650&w=940,,,False,False,,tour-58__tour-real-variant-58__p01__pexels-29515987.jpg,D:\DATN\DATN_Tài liệu\data-center\media-assets\cloudinary-staging\tours\2026-06-04-tour-missing-thumbnail\originals\tour-58__tour-real-variant-58__p01__pexels-29515987.jpg,58,tour-real-variant-58,30,,1,Tour Khám Phá Tour Ca Huế Trên Sông Hương & Ngắm Thành Phố,29515987,1,Võ Văn Tiến,https://www.pexels.com/@vo-van-ti-n-2037497312,175641.54,106402.86,0.00,pexels,https://www.pexels.com/photo/elegant-woman-in-ao-dai-on-trang-ti-n-bridge-29515987/,danangtrip/tours/tour-real-variant-58/tour-58__tour-real-variant-58__p01,0.00,0,Tour Khám Phá Tour Ca Huế Trên Sông Hương & Ngắm Thành Phố Vietnam travel,https://res.cloudinary.com/dmukxquza/image/upload/v1780567254/danangtrip/tours/tour-real-variant-58/tour-58__tour-real-variant-58__p01.jpg,Văn hóa cố đô đặc sắc.,tour-real-variant-58,,downloaded,,https://images.pexels.com/photos/29515987/pexels-photo-29515987.jpeg?auto=compress&cs=tinysrgb&h=350,5,58,tour-real-variant-58,2026-05-25 08:44:17,uploaded,1780567254,,0,1880
d92f7cf031f2300eb36edf8d76a5d682,,,open,0,481500,Tour Mạo Hiểm,tour-mao-hiem,danangtrip/tours/tour-real-variant-59/tour-59__tour-real-variant-59__p01,2026-05-25 08:44:17,,Trải nghiệm chuyên sâu hơn của Đi tàu gỗ ra các hòn đảo nhỏ quanh bán đảo Sơn Trà để lặn ngắm san hô và câu cá.,0,downloaded:481500,6 giờ,,jpg,1253,59,https://images.pexels.com/photos/34472517/pexels-photo-34472517.jpeg?auto=compress&cs=tinysrgb&dpr=2&h=650&w=940,,,False,False,,tour-59__tour-real-variant-59__p01__pexels-34472517.jpg,D:\DATN\DATN_Tài liệu\data-center\media-assets\cloudinary-staging\tours\2026-06-04-tour-missing-thumbnail\originals\tour-59__tour-real-variant-59__p01__pexels-34472517.jpg,59,tour-real-variant-59,25,,4,Tour Khám Phá Tour Snorkeling Bán Đảo Sơn Trà,34472517,1,Thư Hugo,https://www.pexels.com/@th-hugo-349378163,690738.79,484523.97,100000.00,pexels,https://www.pexels.com/photo/peaceful-coastal-view-in-da-n-ng-vietnam-34472517/,danangtrip/tours/tour-real-variant-59/tour-59__tour-real-variant-59__p01,0.00,0,Tour Khám Phá Tour Snorkeling Bán Đảo Sơn Trà Vietnam travel,https://res.cloudinary.com/dmukxquza/image/upload/v1780567257/danangtrip/tours/tour-real-variant-59/tour-59__tour-real-variant-59__p01.jpg,Khám phá đại dương Sơn Trà.,tour-real-variant-59,,downloaded,,https://images.pexels.com/photos/34472517/pexels-photo-34472517.jpeg?auto=compress&cs=tinysrgb&h=350,7,59,tour-real-variant-59,2026-05-25 08:44:17,uploaded,1780567257,,0,1880
f6b9f09b1583f46843e54c6908dc4e88,,,open,0,390115,Tour Bà Nà Hills,tour-ba-na-hills,danangtrip/tours/tour-real-variant-60/tour-60__tour-real-variant-60__p01,2026-05-25 08:44:17,,"Trải nghiệm sang trọng hơn của Khám phá chốn bồng lai tiên cảnh với Cầu Vàng, Làng Pháp và hệ thống cáp treo đạt nhiều kỷ lục thế giới.",0,downloaded:390115,1 ngày,,jpg,1300,60,https://images.pexels.com/photos/18671478/pexels-photo-18671478.jpeg?auto=compress&cs=tinysrgb&dpr=2&h=650&w=940,,,False,False,,tour-60__tour-real-variant-60__p01__pexels-18671478.jpg,D:\DATN\DATN_Tài liệu\data-center\media-assets\cloudinary-staging\tours\2026-06-04-tour-missing-thumbnail\originals\tour-60__tour-real-variant-60__p01__pexels-18671478.jpg,60,tour-real-variant-60,45,,2,Tour Cao Cấp Tour Bà Nà Hills 1 Ngày (Buffet Trưa),18671478,1,Prakash Achari,https://www.pexels.com/@prakaachu,1463561.08,1042891.06,250000.00,pexels,https://www.pexels.com/photo/golden-bridge-ba-na-hills-vietnam-18671478/,danangtrip/tours/tour-real-variant-60/tour-60__tour-real-variant-60__p01,0.00,0,Tour Cao Cấp Tour Bà Nà Hills 1 Ngày (Buffet Trưa) Vietnam travel,https://res.cloudinary.com/dmukxquza/image/upload/v1780567260/danangtrip/tours/tour-real-variant-60/tour-60__tour-real-variant-60__p01.jpg,Hành trình đưa quý khách đến với đỉnh Núi Chúa - Đà Nẵng.,tour-real-variant-60,,downloaded,,https://images.pexels.com/photos/18671478/pexels-photo-18671478.jpeg?auto=compress&cs=tinysrgb&h=350,1,60,tour-real-variant-60,2026-05-25 08:44:17,uploaded,1780567260,,0,1856
d883e31e95e497df2d5b2426b4e5012b,,,open,0,485810,Tour Phố Cổ Hội An,tour-hoi-an,danangtrip/tours/tour-real-variant-61/tour-61__tour-real-variant-61__p01,2026-05-25 08:44:17,,Trải nghiệm chuyên sâu hơn của Trải nghiệm chèo thúng tại rừng dừa Bảy Mẫu và khám phá vẻ đẹp hoài cổ của phố cổ Hội An về đêm.,0,downloaded:485810,7 giờ,,jpg,1300,61,https://images.pexels.com/photos/32874870/pexels-photo-32874870.jpeg?auto=compress&cs=tinysrgb&dpr=2&h=650&w=940,,,False,False,,tour-61__tour-real-variant-61__p01__pexels-32874870.jpg,D:\DATN\DATN_Tài liệu\data-center\media-assets\cloudinary-staging\tours\2026-06-04-tour-missing-thumbnail\originals\tour-61__tour-real-variant-61__p01__pexels-32874870.jpg,61,tour-real-variant-61,30,,2,Tour Tiết Kiệm Tour Phố Cổ Hội An & Rừng Dừa Bảy Mẫu,32874870,1,Vietnam  Hidden Light,https://www.pexels.com/@vietnamhiddenlight,869455.62,571825.20,150000.00,pexels,https://www.pexels.com/photo/aerial-view-of-basket-boats-in-h-i-an-vietnam-32874870/,danangtrip/tours/tour-real-variant-61/tour-61__tour-real-variant-61__p01,0.00,0,Tour Tiết Kiệm Tour Phố Cổ Hội An & Rừng Dừa Bảy Mẫu Vietnam travel,https://res.cloudinary.com/dmukxquza/image/upload/v1780567263/danangtrip/tours/tour-real-variant-61/tour-61__tour-real-variant-61__p01.jpg,Kết hợp trải nghiệm sông nước và văn hóa phố cổ.,tour-real-variant-61,,downloaded,,https://images.pexels.com/photos/32874870/pexels-photo-32874870.jpeg?auto=compress&cs=tinysrgb&h=350,2,61,tour-real-variant-61,2026-05-25 08:44:17,uploaded,1780567263,,0,1733
4b2a1da152b478aceee374fdac4b278e,,,open,0,302400,Tour Khám Phá Thiên Nhiên,tour-thien-nhien,danangtrip/tours/tour-real-variant-62/tour-62__tour-real-variant-62__p01,2026-05-25 08:44:17,,Trải nghiệm chuyên sâu hơn của Hành trình tâm linh khám phá các hang động kỳ bí tại Ngũ Hành Sơn và chiêm bái Phật Bà tại Sơn Trà.,0,downloaded:302400,4 giờ,,jpg,1251,62,https://images.pexels.com/photos/36748260/pexels-photo-36748260.jpeg?auto=compress&cs=tinysrgb&dpr=2&h=650&w=940,,,False,False,,tour-62__tour-real-variant-62__p01__pexels-36748260.jpg,D:\DATN\DATN_Tài liệu\data-center\media-assets\cloudinary-staging\tours\2026-06-04-tour-missing-thumbnail\originals\tour-62__tour-real-variant-62__p01__pexels-36748260.jpg,62,tour-real-variant-62,20,,2,Tour Khám Phá Tour Ngũ Hành Sơn & Chùa Linh Ứng Sơn Trà,36748260,1,TUAN PHAN,https://www.pexels.com/@tuan-phan-2156993475,483497.49,267434.97,0.00,pexels,https://www.pexels.com/photo/scenic-coastal-view-of-s-n-tra-peninsula-vietnam-36748260/,danangtrip/tours/tour-real-variant-62/tour-62__tour-real-variant-62__p01,0.00,0,Tour Khám Phá Tour Ngũ Hành Sơn & Chùa Linh Ứng Sơn Trà Vietnam travel,https://res.cloudinary.com/dmukxquza/image/upload/v1780567266/danangtrip/tours/tour-real-variant-62/tour-62__tour-real-variant-62__p01.jpg,Tour tâm linh nửa ngày ngắm cảnh biển Đà Nẵng.,tour-real-variant-62,,downloaded,,https://images.pexels.com/photos/36748260/pexels-photo-36748260.jpeg?auto=compress&cs=tinysrgb&h=350,5,62,tour-real-variant-62,2026-05-25 08:44:17,uploaded,1780567266,,0,1880
76cf3049a8cbe5eb371ae8834420b813,,,open,0,353793,Tour Cố Đô Huế,tour-hue,danangtrip/tours/tour-real-variant-63/tour-63__tour-real-variant-63__p01,2026-05-25 08:44:17,,"Trải nghiệm chuyên sâu hơn của Chuyến đi biển đảo hấp dẫn với các hoạt động tắm biển, lặn ngắm san hô và thưởng thức hải sản tươi ngon.",0,downloaded:353793,1 ngày,,jpg,1253,63,https://images.pexels.com/photos/32228483/pexels-photo-32228483.jpeg?auto=compress&cs=tinysrgb&dpr=2&h=650&w=940,,,False,False,,tour-63__tour-real-variant-63__p01__pexels-32228483.jpg,D:\DATN\DATN_Tài liệu\data-center\media-assets\cloudinary-staging\tours\2026-06-04-tour-missing-thumbnail\originals\tour-63__tour-real-variant-63__p01__pexels-32228483.jpg,63,tour-real-variant-63,35,,4,Tour Khám Phá Tour Cù Lao Chàm Lặn Ngắm San Hô,32228483,1,Trieu Kim Tran,https://www.pexels.com/@trieu-kim-tran-489969244,745310.83,466380.17,100000.00,pexels,https://www.pexels.com/photo/scenic-boat-tour-on-tropical-waters-32228483/,danangtrip/tours/tour-real-variant-63/tour-63__tour-real-variant-63__p01,0.00,0,Tour Khám Phá Tour Cù Lao Chàm Lặn Ngắm San Hô Vietnam travel,https://res.cloudinary.com/dmukxquza/image/upload/v1780567268/danangtrip/tours/tour-real-variant-63/tour-63__tour-real-variant-63__p01.jpg,Thiên đường biển đảo Cù Lao Chàm.,tour-real-variant-63,,downloaded,,https://images.pexels.com/photos/32228483/pexels-photo-32228483.jpeg?auto=compress&cs=tinysrgb&h=350,3,63,tour-real-variant-63,2026-05-25 08:44:17,uploaded,1780567268,,0,1880
432936a06d4c23141589f05d16c9d85f,,,open,0,659336,Tour Khám Phá Thiên Nhiên,tour-thien-nhien,danangtrip/tours/tour-real-variant-64/tour-64__tour-real-variant-64__p01,2026-05-25 08:44:17,,"Trải nghiệm chuyên sâu hơn của Vượt đèo Hải Vân đến với cố đô Huế, tham quan Đại Nội, chùa Thiên Mụ và các lăng tẩm uy nghiêm.",0,downloaded:659336,1 ngày,,jpg,1253,64,https://images.pexels.com/photos/27418881/pexels-photo-27418881.jpeg?auto=compress&cs=tinysrgb&dpr=2&h=650&w=940,,,False,False,,tour-64__tour-real-variant-64__p01__pexels-27418881.jpg,D:\DATN\DATN_Tài liệu\data-center\media-assets\cloudinary-staging\tours\2026-06-04-tour-missing-thumbnail\originals\tour-64__tour-real-variant-64__p01__pexels-27418881.jpg,64,tour-real-variant-64,40,,2,Tour Khám Phá Tour Cố Đô Huế 1 Ngày từ Đà Nẵng,27418881,1,Vietnam Tri Duong Photographer,https://www.pexels.com/@triduhi-youtuber,1223351.50,750611.52,200000.00,pexels,https://www.pexels.com/photo/kinh-thanh-hu-vi-t-nam-27418881/,danangtrip/tours/tour-real-variant-64/tour-64__tour-real-variant-64__p01,0.00,0,Tour Khám Phá Tour Cố Đô Huế 1 Ngày từ Đà Nẵng Vietnam travel,https://res.cloudinary.com/dmukxquza/image/upload/v1780567272/danangtrip/tours/tour-real-variant-64/tour-64__tour-real-variant-64__p01.jpg,Hành trình di sản cố đô miền Trung.,tour-real-variant-64,,downloaded,,https://images.pexels.com/photos/27418881/pexels-photo-27418881.jpeg?auto=compress&cs=tinysrgb&h=350,5,64,tour-real-variant-64,2026-05-25 08:44:17,uploaded,1780567272,,0,1880
b4e64f38c907e4d55be3929d3089683b,,,open,0,587206,Tour Khám Phá Thiên Nhiên,tour-thien-nhien,danangtrip/tours/tour-real-variant-65/tour-65__tour-real-variant-65__p01,2026-05-25 08:44:17,,Trải nghiệm sang trọng hơn của Tìm hiểu về văn hóa Champa cổ đại qua quần thể đền tháp Mỹ Sơn - Di sản văn hóa thế giới.,0,downloaded:587206,5 giờ,,jpg,1251,65,https://images.pexels.com/photos/35042236/pexels-photo-35042236.jpeg?auto=compress&cs=tinysrgb&dpr=2&h=650&w=940,,,False,False,,tour-65__tour-real-variant-65__p01__pexels-35042236.jpg,D:\DATN\DATN_Tài liệu\data-center\media-assets\cloudinary-staging\tours\2026-06-04-tour-missing-thumbnail\originals\tour-65__tour-real-variant-65__p01__pexels-35042236.jpg,65,tour-real-variant-65,25,,2,Tour Cao Cấp Tour Thánh Địa Mỹ Sơn nửa ngày,35042236,1,Nguyen Ngoc Tien,https://www.pexels.com/@nguyen-ngoc-tien-1321490019,643118.44,430071.18,100000.00,pexels,https://www.pexels.com/photo/group-enjoying-a-scenic-boat-ride-on-tranquil-lake-35042236/,danangtrip/tours/tour-real-variant-65/tour-65__tour-real-variant-65__p01,0.00,0,Tour Cao Cấp Tour Thánh Địa Mỹ Sơn nửa ngày Vietnam travel,https://res.cloudinary.com/dmukxquza/image/upload/v1780567275/danangtrip/tours/tour-real-variant-65/tour-65__tour-real-variant-65__p01.jpg,Khám phá bí ẩn tháp Chàm.,tour-real-variant-65,,downloaded,,https://images.pexels.com/photos/35042236/pexels-photo-35042236.jpeg?auto=compress&cs=tinysrgb&h=350,5,65,tour-real-variant-65,2026-05-25 08:44:17,uploaded,1780567275,,0,1880
d3ba6172b8d4632a306d2ed25666472d,,,open,0,319817,Tour Bà Nà Hills,tour-ba-na-hills,danangtrip/tours/tour-real-variant-66/tour-66__tour-real-variant-66__p01,2026-05-25 08:44:17,,"Trải nghiệm chuyên sâu hơn của Hành trình check-in những biểu tượng hiện đại của Đà Nẵng: Cầu Rồng, Cầu Tình Yêu, Bảo tàng Chăm.",0,downloaded:319817,4 giờ,,jpg,1262,66,https://images.pexels.com/photos/29941646/pexels-photo-29941646.jpeg?auto=compress&cs=tinysrgb&dpr=2&h=650&w=940,,,False,False,,tour-66__tour-real-variant-66__p01__pexels-29941646.jpg,D:\DATN\DATN_Tài liệu\data-center\media-assets\cloudinary-staging\tours\2026-06-04-tour-missing-thumbnail\originals\tour-66__tour-real-variant-66__p01__pexels-29941646.jpg,66,tour-real-variant-66,15,,2,Tour Tiết Kiệm Tour Đà Nẵng City - Những Cây Cầu,29941646,1,Võ Văn Tiến,https://www.pexels.com/@vo-van-ti-n-2037497312,377740.71,215200.33,0.00,pexels,https://www.pexels.com/photo/family-in-traditional-vietnamese-ao-dai-at-japanese-bridge-29941646/,danangtrip/tours/tour-real-variant-66/tour-66__tour-real-variant-66__p01,0.00,0,Tour Tiết Kiệm Tour Đà Nẵng City - Những Cây Cầu Vietnam travel,https://res.cloudinary.com/dmukxquza/image/upload/v1780567277/danangtrip/tours/tour-real-variant-66/tour-66__tour-real-variant-66__p01.jpg,Tour khám phá thành phố đáng sống.,tour-real-variant-66,,downloaded,,https://images.pexels.com/photos/29941646/pexels-photo-29941646.jpeg?auto=compress&cs=tinysrgb&h=350,1,66,tour-real-variant-66,2026-05-25 08:44:17,uploaded,1780567277,,0,1880
9751ebdb6e5ecb2e89d9e9825df7b44a,,,open,0,353793,Tour Cố Đô Huế,tour-hue,danangtrip/tours/tour-real-variant-67/tour-67__tour-real-variant-67__p01,2026-05-25 08:44:17,,Trải nghiệm chuyên sâu hơn của Trải nghiệm cung đường đèo đẹp nhất Việt Nam và thư giãn tại vịnh biển Lăng Cô thơ mộng.,0,downloaded:353793,1 ngày,,jpg,1253,67,https://images.pexels.com/photos/32228483/pexels-photo-32228483.jpeg?auto=compress&cs=tinysrgb&dpr=2&h=650&w=940,,,False,False,,tour-67__tour-real-variant-67__p01__pexels-32228483.jpg,D:\DATN\DATN_Tài liệu\data-center\media-assets\cloudinary-staging\tours\2026-06-04-tour-missing-thumbnail\originals\tour-67__tour-real-variant-67__p01__pexels-32228483.jpg,67,tour-real-variant-67,20,,2,Tour Khám Phá Tour Đèo Hải Vân & Lăng Cô - Ô tô,32228483,1,Trieu Kim Tran,https://www.pexels.com/@trieu-kim-tran-489969244,881507.99,624260.58,150000.00,pexels,https://www.pexels.com/photo/scenic-boat-tour-on-tropical-waters-32228483/,danangtrip/tours/tour-real-variant-67/tour-67__tour-real-variant-67__p01,0.00,0,Tour Khám Phá Tour Đèo Hải Vân & Lăng Cô - Ô tô Vietnam travel,https://res.cloudinary.com/dmukxquza/image/upload/v1780567280/danangtrip/tours/tour-real-variant-67/tour-67__tour-real-variant-67__p01.jpg,"Ngắm nhìn ""Thiên hạ đệ nhất hùng quan"".",tour-real-variant-67,,downloaded,,https://images.pexels.com/photos/32228483/pexels-photo-32228483.jpeg?auto=compress&cs=tinysrgb&h=350,3,67,tour-real-variant-67,2026-05-25 08:44:17,uploaded,1780567280,,0,1880
b2903c36c5d5f4d9398951a26180cbb2,,,open,0,264185,Tour Ẩm Thực,tour-am-thuc,danangtrip/tours/tour-real-variant-68/tour-68__tour-real-variant-68__p01,2026-05-25 08:44:17,,"Trải nghiệm chuyên sâu hơn của Dạo bước phố đèn lồng, thả đèn hoa đăng và thưởng thức các món ăn đặc sản nổi tiếng của Hội An.",0,downloaded:264185,5 giờ,,jpg,1270,68,https://images.pexels.com/photos/34949975/pexels-photo-34949975.jpeg?auto=compress&cs=tinysrgb&dpr=2&h=650&w=940,,,False,False,,tour-68__tour-real-variant-68__p01__pexels-34949975.jpg,D:\DATN\DATN_Tài liệu\data-center\media-assets\cloudinary-staging\tours\2026-06-04-tour-missing-thumbnail\originals\tour-68__tour-real-variant-68__p01__pexels-34949975.jpg,68,tour-real-variant-68,25,,2,Tour Khám Phá Tour Đêm Phố Cổ Hội An & Ăn Tối,34949975,1,Võ Văn Tiến,https://www.pexels.com/@vo-van-ti-n-2037497312,626843.71,480622.02,100000.00,pexels,https://www.pexels.com/photo/traditional-vietnamese-attire-in-h-i-an-alleyway-34949975/,danangtrip/tours/tour-real-variant-68/tour-68__tour-real-variant-68__p01,0.00,0,Tour Khám Phá Tour Đêm Phố Cổ Hội An & Ăn Tối Vietnam travel,https://res.cloudinary.com/dmukxquza/image/upload/v1780567284/danangtrip/tours/tour-real-variant-68/tour-68__tour-real-variant-68__p01.jpg,Lãng mạn phố cổ về đêm.,tour-real-variant-68,,downloaded,,https://images.pexels.com/photos/34949975/pexels-photo-34949975.jpeg?auto=compress&cs=tinysrgb&h=350,6,68,tour-real-variant-68,2026-05-25 08:44:17,uploaded,1780567284,,0,1880
7c740f8c7b406823501b3bcb5a701cc0,,,open,0,390115,Tour Bà Nà Hills,tour-ba-na-hills,danangtrip/tours/tour-real-variant-69/tour-69__tour-real-variant-69__p01,2026-05-25 08:44:17,,"Trải nghiệm chuyên sâu hơn của Trải nghiệm Bà Nà Hills lung linh về đêm với Buffet tối, rượu vang và các show diễn đặc sắc.",0,downloaded:390115,1 ngày,,jpg,1300,69,https://images.pexels.com/photos/18671478/pexels-photo-18671478.jpeg?auto=compress&cs=tinysrgb&dpr=2&h=650&w=940,,,False,False,,tour-69__tour-real-variant-69__p01__pexels-18671478.jpg,D:\DATN\DATN_Tài liệu\data-center\media-assets\cloudinary-staging\tours\2026-06-04-tour-missing-thumbnail\originals\tour-69__tour-real-variant-69__p01__pexels-18671478.jpg,69,tour-real-variant-69,50,,1,Tour Khám Phá Tour Bà Nà Hills Đêm (Sun World Night),18671478,1,Prakash Achari,https://www.pexels.com/@prakaachu,1118626.31,764431.06,200000.00,pexels,https://www.pexels.com/photo/golden-bridge-ba-na-hills-vietnam-18671478/,danangtrip/tours/tour-real-variant-69/tour-69__tour-real-variant-69__p01,0.00,0,Tour Khám Phá Tour Bà Nà Hills Đêm (Sun World Night) Vietnam travel,https://res.cloudinary.com/dmukxquza/image/upload/v1780567286/danangtrip/tours/tour-real-variant-69/tour-69__tour-real-variant-69__p01.jpg,Bà Nà huyền ảo buổi đêm.,tour-real-variant-69,,downloaded,,https://images.pexels.com/photos/18671478/pexels-photo-18671478.jpeg?auto=compress&cs=tinysrgb&h=350,1,69,tour-real-variant-69,2026-05-25 08:44:17,uploaded,1780567286,,0,1856
49ca73f87e548a0a0b4aebb063c92ddd,,,open,0,481066,Tour Bà Nà Hills,tour-ba-na-hills,danangtrip/tours/tour-real-variant-70/tour-70__tour-real-variant-70__p01,2026-05-25 08:44:17,,"Trải nghiệm sang trọng hơn của Vui chơi không giới hạn tại VinWonders Nam Hội An với Safari, Công viên nước và Đảo văn hóa.",0,downloaded:481066,1 ngày,,jpg,1214,70,https://images.pexels.com/photos/29521438/pexels-photo-29521438.jpeg?auto=compress&cs=tinysrgb&dpr=2&h=650&w=940,,,False,False,,tour-70__tour-real-variant-70__p01__pexels-29521438.jpg,D:\DATN\DATN_Tài liệu\data-center\media-assets\cloudinary-staging\tours\2026-06-04-tour-missing-thumbnail\originals\tour-70__tour-real-variant-70__p01__pexels-29521438.jpg,70,tour-real-variant-70,50,,1,Tour Cao Cấp Tour VinWonders Nam Hội An Full Day,29521438,1,Võ Văn Tiến,https://www.pexels.com/@vo-van-ti-n-2037497312,1069768.17,758138.53,150000.00,pexels,https://www.pexels.com/photo/traditional-dress-at-h-i-an-historic-pagoda-29521438/,danangtrip/tours/tour-real-variant-70/tour-70__tour-real-variant-70__p01,0.00,0,Tour Cao Cấp Tour VinWonders Nam Hội An Full Day Vietnam travel,https://res.cloudinary.com/dmukxquza/image/upload/v1780567289/danangtrip/tours/tour-real-variant-70/tour-70__tour-real-variant-70__p01.jpg,Thế giới giải trí đa sắc màu.,tour-real-variant-70,,downloaded,,https://images.pexels.com/photos/29521438/pexels-photo-29521438.jpeg?auto=compress&cs=tinysrgb&h=350,1,70,tour-real-variant-70,2026-05-25 08:44:17,uploaded,1780567289,,0,1880
e7b198247bd4d387c41054d7b13a75a0,,,open,0,587206,Tour Biển & Đảo,tour-bien-dao,danangtrip/tours/tour-real-variant-71/tour-71__tour-real-variant-71__p01,2026-05-25 08:44:17,,"Trải nghiệm chuyên sâu hơn của Thư giãn tuyệt đối với dịch vụ tắm khoáng, tắm bùn và khu vui chơi nước giữa núi rừng.",0,downloaded:587206,1 ngày,,jpg,1251,71,https://images.pexels.com/photos/35042236/pexels-photo-35042236.jpeg?auto=compress&cs=tinysrgb&dpr=2&h=650&w=940,,,False,False,,tour-71__tour-real-variant-71__p01__pexels-35042236.jpg,D:\DATN\DATN_Tài liệu\data-center\media-assets\cloudinary-staging\tours\2026-06-04-tour-missing-thumbnail\originals\tour-71__tour-real-variant-71__p01__pexels-35042236.jpg,71,tour-real-variant-71,30,,2,Tour Tiết Kiệm Tour Suối Khoáng Nóng Thần Tài Relax,35042236,1,Nguyen Ngoc Tien,https://www.pexels.com/@nguyen-ngoc-tien-1321490019,992705.39,685538.77,150000.00,pexels,https://www.pexels.com/photo/group-enjoying-a-scenic-boat-ride-on-tranquil-lake-35042236/,danangtrip/tours/tour-real-variant-71/tour-71__tour-real-variant-71__p01,0.00,0,Tour Tiết Kiệm Tour Suối Khoáng Nóng Thần Tài Relax Vietnam travel,https://res.cloudinary.com/dmukxquza/image/upload/v1780567292/danangtrip/tours/tour-real-variant-71/tour-71__tour-real-variant-71__p01.jpg,Nghỉ dưỡng và chăm sóc sức khỏe.,tour-real-variant-71,,downloaded,,https://images.pexels.com/photos/35042236/pexels-photo-35042236.jpeg?auto=compress&cs=tinysrgb&h=350,4,71,tour-real-variant-71,2026-05-25 08:44:17,uploaded,1780567292,,0,1880
b323f2b61bf9f75e8eb9474274cef18b,,,open,0,302400,Tour Mạo Hiểm,tour-mao-hiem,danangtrip/tours/tour-real-variant-72/tour-72__tour-real-variant-72__p01,2026-05-25 08:44:17,,"Trải nghiệm chuyên sâu hơn của Thám hiểm rừng già Sơn Trà, tìm kiếm voọc chà vá chân nâu và chinh phục đỉnh Bàn Cờ.",0,downloaded:302400,6 giờ,,jpg,1251,72,https://images.pexels.com/photos/36748260/pexels-photo-36748260.jpeg?auto=compress&cs=tinysrgb&dpr=2&h=650&w=940,,,False,False,,tour-72__tour-real-variant-72__p01__pexels-36748260.jpg,D:\DATN\DATN_Tài liệu\data-center\media-assets\cloudinary-staging\tours\2026-06-04-tour-missing-thumbnail\originals\tour-72__tour-real-variant-72__p01__pexels-36748260.jpg,72,tour-real-variant-72,10,,2,Tour Khám Phá Tour Trekking Bán Đảo Sơn Trà,36748260,1,TUAN PHAN,https://www.pexels.com/@tuan-phan-2156993475,751429.78,701122.45,0.00,pexels,https://www.pexels.com/photo/scenic-coastal-view-of-s-n-tra-peninsula-vietnam-36748260/,danangtrip/tours/tour-real-variant-72/tour-72__tour-real-variant-72__p01,0.00,0,Tour Khám Phá Tour Trekking Bán Đảo Sơn Trà Vietnam travel,https://res.cloudinary.com/dmukxquza/image/upload/v1780567295/danangtrip/tours/tour-real-variant-72/tour-72__tour-real-variant-72__p01.jpg,Thử thách thiên nhiên Sơn Trà.,tour-real-variant-72,,downloaded,,https://images.pexels.com/photos/36748260/pexels-photo-36748260.jpeg?auto=compress&cs=tinysrgb&h=350,7,72,tour-real-variant-72,2026-05-25 08:44:17,uploaded,1780567295,,0,1880
b733069b3098f72c7cf2a595e587f6b7,,,open,0,346744,Tour Mạo Hiểm,tour-mao-hiem,danangtrip/tours/tour-real-variant-73/tour-73__tour-real-variant-73__p01,2026-05-25 08:44:17,,"Trải nghiệm chuyên sâu hơn của Trekking rừng quốc gia Bạch Mã, ngắm thác Đỗ Quyên và ngắm toàn cảnh vịnh Lăng Cô từ Hải Vọng Đài.",0,downloaded:346744,1 ngày,,jpg,1300,73,https://images.pexels.com/photos/31265701/pexels-photo-31265701.jpeg?auto=compress&cs=tinysrgb&dpr=2&h=650&w=940,,,False,False,,tour-73__tour-real-variant-73__p01__pexels-31265701.jpg,D:\DATN\DATN_Tài liệu\data-center\media-assets\cloudinary-staging\tours\2026-06-04-tour-missing-thumbnail\originals\tour-73__tour-real-variant-73__p01__pexels-31265701.jpg,73,tour-real-variant-73,15,,2,Tour Khám Phá Tour Khám Phá Bạch Mã National Park,31265701,1,Vietnam  Hidden Light,https://www.pexels.com/@vietnamhiddenlight,1251340.98,869322.56,200000.00,pexels,https://www.pexels.com/photo/scenic-mountain-road-in-ha-giang-vietnam-31265701/,danangtrip/tours/tour-real-variant-73/tour-73__tour-real-variant-73__p01,0.00,0,Tour Khám Phá Tour Khám Phá Bạch Mã National Park Vietnam travel,https://res.cloudinary.com/dmukxquza/image/upload/v1780567298/danangtrip/tours/tour-real-variant-73/tour-73__tour-real-variant-73__p01.jpg,Hành trình chinh phục đỉnh Bạch Mã.,tour-real-variant-73,,downloaded,,https://images.pexels.com/photos/31265701/pexels-photo-31265701.jpeg?auto=compress&cs=tinysrgb&h=350,7,73,tour-real-variant-73,2026-05-25 08:44:17,uploaded,1780567298,,0,1733
e62353c3bbc4fbf9a791c9565d731f51,,,open,0,306897,Tour Ẩm Thực,tour-am-thuc,danangtrip/tours/tour-real-variant-74/tour-74__tour-real-variant-74__p01,2026-05-25 08:44:17,,Trải nghiệm chuyên sâu hơn của Ngồi sau xe máy cùng HDV địa phương len lỏi vào các ngõ ngách thưởng thức 5-7 món ăn đặc sản.,0,downloaded:306897,4 giờ,,jpg,1253,74,https://images.pexels.com/photos/28899311/pexels-photo-28899311.jpeg?auto=compress&cs=tinysrgb&dpr=2&h=650&w=940,,,False,False,,tour-74__tour-real-variant-74__p01__pexels-28899311.jpg,D:\DATN\DATN_Tài liệu\data-center\media-assets\cloudinary-staging\tours\2026-06-04-tour-missing-thumbnail\originals\tour-74__tour-real-variant-74__p01__pexels-28899311.jpg,74,tour-real-variant-74,10,,1,Tour Khám Phá Street Food Tour Đà Nẵng bằng Xe Máy,28899311,1,Tường Chopper,https://www.pexels.com/@tuongchopper,762437.16,700904.87,0.00,pexels,https://www.pexels.com/photo/bustling-street-scene-in-ho-chi-minh-city-vietnam-28899311/,danangtrip/tours/tour-real-variant-74/tour-74__tour-real-variant-74__p01,0.00,0,Tour Khám Phá Street Food Tour Đà Nẵng bằng Xe Máy Vietnam travel,https://res.cloudinary.com/dmukxquza/image/upload/v1780567301/danangtrip/tours/tour-real-variant-74/tour-74__tour-real-variant-74__p01.jpg,Khám phá ẩm thực Đà Nẵng như người bản địa.,tour-real-variant-74,,downloaded,,https://images.pexels.com/photos/28899311/pexels-photo-28899311.jpeg?auto=compress&cs=tinysrgb&h=350,6,74,tour-real-variant-74,2026-05-25 08:44:17,uploaded,1780567301,,0,1880
67b0d68ace9966e0631687de8681268b,,,open,0,602871,Tour Khám Phá Thiên Nhiên,tour-thien-nhien,danangtrip/tours/tour-real-variant-75/tour-75__tour-real-variant-75__p01,2026-05-25 08:44:17,,"Trải nghiệm sang trọng hơn của Học cách xới đất, trồng rau, tưới nước và tự tay chế biến món ăn từ rau sạch Trà Quế.",0,downloaded:602871,4 giờ,,jpg,1057,75,https://images.pexels.com/photos/35518540/pexels-photo-35518540.jpeg?auto=compress&cs=tinysrgb&dpr=2&h=650&w=940,,,False,False,,tour-75__tour-real-variant-75__p01__pexels-35518540.jpg,D:\DATN\DATN_Tài liệu\data-center\media-assets\cloudinary-staging\tours\2026-06-04-tour-missing-thumbnail\originals\tour-75__tour-real-variant-75__p01__pexels-35518540.jpg,75,tour-real-variant-75,12,,1,Tour Cao Cấp Tour Làm Nông Dân Làng Rau Trà Quế,35518540,1,Duy Nguyen,https://www.pexels.com/@duy-nguyen-489946968,508416.92,381685.26,100000.00,pexels,https://www.pexels.com/photo/aerial-view-of-lush-agricultural-fields-in-vietnam-35518540/,danangtrip/tours/tour-real-variant-75/tour-75__tour-real-variant-75__p01,0.00,0,Tour Cao Cấp Tour Làm Nông Dân Làng Rau Trà Quế Vietnam travel,https://res.cloudinary.com/dmukxquza/image/upload/v1780567305/danangtrip/tours/tour-real-variant-75/tour-75__tour-real-variant-75__p01.jpg,Một ngày làm nông dân Hội An.,tour-real-variant-75,,downloaded,,https://images.pexels.com/photos/35518540/pexels-photo-35518540.jpeg?auto=compress&cs=tinysrgb&h=350,5,75,tour-real-variant-75,2026-05-25 08:44:17,uploaded,1780567305,,0,1880
b7e677c5a6156bc936023d2ab482b841,,,open,0,357075,Tour Bà Nà Hills,tour-ba-na-hills,danangtrip/tours/tour-real-variant-76/tour-76__tour-real-variant-76__p01,2026-05-25 08:44:17,,"Trải nghiệm chuyên sâu hơn của Ngắm nhìn thành phố ánh sáng từ giữa lòng sông và xem Cầu Rồng phun lửa, phun nước vào tối cuối tuần.",0,downloaded:357075,2 giờ,,jpg,1253,76,https://images.pexels.com/photos/19940389/pexels-photo-19940389.jpeg?auto=compress&cs=tinysrgb&dpr=2&h=650&w=940,,,False,False,,tour-76__tour-real-variant-76__p01__pexels-19940389.jpg,D:\DATN\DATN_Tài liệu\data-center\media-assets\cloudinary-staging\tours\2026-06-04-tour-missing-thumbnail\originals\tour-76__tour-real-variant-76__p01__pexels-19940389.jpg,76,tour-real-variant-76,80,,1,Tour Tiết Kiệm Tour Du Thuyền Sông Hàn & Xem Rồng Phun Lửa,19940389,1,Kirandeep Singh Walia,https://www.pexels.com/@kirandeepsingh,203429.88,162596.95,50000.00,pexels,https://www.pexels.com/photo/da-nang-administrative-center-in-vietnam-19940389/,danangtrip/tours/tour-real-variant-76/tour-76__tour-real-variant-76__p01,0.00,0,Tour Tiết Kiệm Tour Du Thuyền Sông Hàn & Xem Rồng Phun Lửa Vietnam travel,https://res.cloudinary.com/dmukxquza/image/upload/v1780567308/danangtrip/tours/tour-real-variant-76/tour-76__tour-real-variant-76__p01.jpg,Buổi tối lãng mạn trên sông Hàn.,tour-real-variant-76,,downloaded,,https://images.pexels.com/photos/19940389/pexels-photo-19940389.jpeg?auto=compress&cs=tinysrgb&h=350,1,76,tour-real-variant-76,2026-05-25 08:44:17,uploaded,1780567308,,0,1880
30ff7d252782a25a6daa3c77f0c02760,,,open,0,456250,Tour Cố Đô Huế,tour-hue,danangtrip/tours/tour-real-variant-77/tour-77__tour-real-variant-77__p01,2026-05-25 08:44:17,,"Trải nghiệm chuyên sâu hơn của Khám phá hệ sinh thái đầm phá nước lợ, chèo thuyền Kayak và ngắm hoàng hôn tuyệt đẹp.",0,downloaded:456250,6 giờ,,jpg,1253,77,https://images.pexels.com/photos/33248828/pexels-photo-33248828.jpeg?auto=compress&cs=tinysrgb&dpr=2&h=650&w=940,,,False,False,,tour-77__tour-real-variant-77__p01__pexels-33248828.jpg,D:\DATN\DATN_Tài liệu\data-center\media-assets\cloudinary-staging\tours\2026-06-04-tour-missing-thumbnail\originals\tour-77__tour-real-variant-77__p01__pexels-33248828.jpg,77,tour-real-variant-77,20,,2,Tour Khám Phá Tour Đầm Phá Tam Giang & Sunset,33248828,1,NGUYỄN THÀNH NHƠN,https://www.pexels.com/@nguy-n-thanh-nh-n-203569019,864803.78,554025.03,150000.00,pexels,https://www.pexels.com/photo/speedboat-moored-by-riverside-in-sunny-weather-33248828/,danangtrip/tours/tour-real-variant-77/tour-77__tour-real-variant-77__p01,0.00,0,Tour Khám Phá Tour Đầm Phá Tam Giang & Sunset Vietnam travel,https://res.cloudinary.com/dmukxquza/image/upload/v1780567310/danangtrip/tours/tour-real-variant-77/tour-77__tour-real-variant-77__p01.jpg,Hoàng hôn rực rỡ trên phá Tam Giang.,tour-real-variant-77,,downloaded,,https://images.pexels.com/photos/33248828/pexels-photo-33248828.jpeg?auto=compress&cs=tinysrgb&h=350,3,77,tour-real-variant-77,2026-05-25 08:44:17,uploaded,1780567310,,0,1880
751e52254998232ef1872bdc3cfb8e7d,,,open,0,216563,Tour Khám Phá Thiên Nhiên,tour-thien-nhien,danangtrip/tours/tour-real-variant-78/tour-78__tour-real-variant-78__p01,2026-05-25 08:44:17,,Trải nghiệm chuyên sâu hơn của Thưởng thức loại hình nghệ thuật di sản phi vật thể và thả đèn hoa đăng cầu may trên sông Hương.,0,downloaded:216563,2 giờ,,jpg,1281,78,https://images.pexels.com/photos/29515987/pexels-photo-29515987.jpeg?auto=compress&cs=tinysrgb&dpr=2&h=650&w=940,,,False,False,,tour-78__tour-real-variant-78__p01__pexels-29515987.jpg,D:\DATN\DATN_Tài liệu\data-center\media-assets\cloudinary-staging\tours\2026-06-04-tour-missing-thumbnail\originals\tour-78__tour-real-variant-78__p01__pexels-29515987.jpg,78,tour-real-variant-78,30,,1,Tour Khám Phá Tour Ca Huế Trên Sông Hương & Ngắm Thành Phố,29515987,1,Võ Văn Tiến,https://www.pexels.com/@vo-van-ti-n-2037497312,162940.36,101788.25,0.00,pexels,https://www.pexels.com/photo/elegant-woman-in-ao-dai-on-trang-ti-n-bridge-29515987/,danangtrip/tours/tour-real-variant-78/tour-78__tour-real-variant-78__p01,0.00,0,Tour Khám Phá Tour Ca Huế Trên Sông Hương & Ngắm Thành Phố Vietnam travel,https://res.cloudinary.com/dmukxquza/image/upload/v1780567313/danangtrip/tours/tour-real-variant-78/tour-78__tour-real-variant-78__p01.jpg,Văn hóa cố đô đặc sắc.,tour-real-variant-78,,downloaded,,https://images.pexels.com/photos/29515987/pexels-photo-29515987.jpeg?auto=compress&cs=tinysrgb&h=350,5,78,tour-real-variant-78,2026-05-25 08:44:17,uploaded,1780567313,,0,1880
8ff23ac7b22cb0208045ed4cd7489de4,,,open,0,481500,Tour Mạo Hiểm,tour-mao-hiem,danangtrip/tours/tour-real-variant-79/tour-79__tour-real-variant-79__p01,2026-05-25 08:44:17,,Trải nghiệm chuyên sâu hơn của Đi tàu gỗ ra các hòn đảo nhỏ quanh bán đảo Sơn Trà để lặn ngắm san hô và câu cá.,0,downloaded:481500,6 giờ,,jpg,1253,79,https://images.pexels.com/photos/34472517/pexels-photo-34472517.jpeg?auto=compress&cs=tinysrgb&dpr=2&h=650&w=940,,,False,False,,tour-79__tour-real-variant-79__p01__pexels-34472517.jpg,D:\DATN\DATN_Tài liệu\data-center\media-assets\cloudinary-staging\tours\2026-06-04-tour-missing-thumbnail\originals\tour-79__tour-real-variant-79__p01__pexels-34472517.jpg,79,tour-real-variant-79,25,,4,Tour Khám Phá Tour Snorkeling Bán Đảo Sơn Trà,34472517,1,Thư Hugo,https://www.pexels.com/@th-hugo-349378163,691557.27,494770.18,100000.00,pexels,https://www.pexels.com/photo/peaceful-coastal-view-in-da-n-ng-vietnam-34472517/,danangtrip/tours/tour-real-variant-79/tour-79__tour-real-variant-79__p01,0.00,0,Tour Khám Phá Tour Snorkeling Bán Đảo Sơn Trà Vietnam travel,https://res.cloudinary.com/dmukxquza/image/upload/v1780567316/danangtrip/tours/tour-real-variant-79/tour-79__tour-real-variant-79__p01.jpg,Khám phá đại dương Sơn Trà.,tour-real-variant-79,,downloaded,,https://images.pexels.com/photos/34472517/pexels-photo-34472517.jpeg?auto=compress&cs=tinysrgb&h=350,7,79,tour-real-variant-79,2026-05-25 08:44:17,uploaded,1780567316,,0,1880
c46ed26afc81633cc7bb4f086be94878,,,open,0,390115,Tour Bà Nà Hills,tour-ba-na-hills,danangtrip/tours/tour-real-variant-80/tour-80__tour-real-variant-80__p01,2026-05-25 08:44:17,,"Trải nghiệm sang trọng hơn của Khám phá chốn bồng lai tiên cảnh với Cầu Vàng, Làng Pháp và hệ thống cáp treo đạt nhiều kỷ lục thế giới.",0,downloaded:390115,1 ngày,,jpg,1300,80,https://images.pexels.com/photos/18671478/pexels-photo-18671478.jpeg?auto=compress&cs=tinysrgb&dpr=2&h=650&w=940,,,False,False,,tour-80__tour-real-variant-80__p01__pexels-18671478.jpg,D:\DATN\DATN_Tài liệu\data-center\media-assets\cloudinary-staging\tours\2026-06-04-tour-missing-thumbnail\originals\tour-80__tour-real-variant-80__p01__pexels-18671478.jpg,80,tour-real-variant-80,45,,2,Tour Cao Cấp Tour Bà Nà Hills 1 Ngày (Buffet Trưa),18671478,1,Prakash Achari,https://www.pexels.com/@prakaachu,1297028.24,1018150.86,250000.00,pexels,https://www.pexels.com/photo/golden-bridge-ba-na-hills-vietnam-18671478/,danangtrip/tours/tour-real-variant-80/tour-80__tour-real-variant-80__p01,0.00,0,Tour Cao Cấp Tour Bà Nà Hills 1 Ngày (Buffet Trưa) Vietnam travel,https://res.cloudinary.com/dmukxquza/image/upload/v1780567319/danangtrip/tours/tour-real-variant-80/tour-80__tour-real-variant-80__p01.jpg,Hành trình đưa quý khách đến với đỉnh Núi Chúa - Đà Nẵng.,tour-real-variant-80,,downloaded,,https://images.pexels.com/photos/18671478/pexels-photo-18671478.jpeg?auto=compress&cs=tinysrgb&h=350,1,80,tour-real-variant-80,2026-05-25 08:44:17,uploaded,1780567319,,0,1856
ffc46c9443e7934a5153af134238c077,,,open,0,485810,Tour Phố Cổ Hội An,tour-hoi-an,danangtrip/tours/tour-real-variant-81/tour-81__tour-real-variant-81__p01,2026-05-25 08:44:17,,Trải nghiệm chuyên sâu hơn của Trải nghiệm chèo thúng tại rừng dừa Bảy Mẫu và khám phá vẻ đẹp hoài cổ của phố cổ Hội An về đêm.,0,downloaded:485810,7 giờ,,jpg,1300,81,https://images.pexels.com/photos/32874870/pexels-photo-32874870.jpeg?auto=compress&cs=tinysrgb&dpr=2&h=650&w=940,,,False,False,,tour-81__tour-real-variant-81__p01__pexels-32874870.jpg,D:\DATN\DATN_Tài liệu\data-center\media-assets\cloudinary-staging\tours\2026-06-04-tour-missing-thumbnail\originals\tour-81__tour-real-variant-81__p01__pexels-32874870.jpg,81,tour-real-variant-81,30,,2,Tour Tiết Kiệm Tour Phố Cổ Hội An & Rừng Dừa Bảy Mẫu,32874870,1,Vietnam  Hidden Light,https://www.pexels.com/@vietnamhiddenlight,787276.91,574631.71,150000.00,pexels,https://www.pexels.com/photo/aerial-view-of-basket-boats-in-h-i-an-vietnam-32874870/,danangtrip/tours/tour-real-variant-81/tour-81__tour-real-variant-81__p01,0.00,0,Tour Tiết Kiệm Tour Phố Cổ Hội An & Rừng Dừa Bảy Mẫu Vietnam travel,https://res.cloudinary.com/dmukxquza/image/upload/v1780567322/danangtrip/tours/tour-real-variant-81/tour-81__tour-real-variant-81__p01.jpg,Kết hợp trải nghiệm sông nước và văn hóa phố cổ.,tour-real-variant-81,,downloaded,,https://images.pexels.com/photos/32874870/pexels-photo-32874870.jpeg?auto=compress&cs=tinysrgb&h=350,2,81,tour-real-variant-81,2026-05-25 08:44:17,uploaded,1780567322,,0,1733
b2fd2ba1ce61c5b5cf788a975bb1473f,,,open,0,302400,Tour Khám Phá Thiên Nhiên,tour-thien-nhien,danangtrip/tours/tour-real-variant-82/tour-82__tour-real-variant-82__p01,2026-05-25 08:44:17,,Trải nghiệm chuyên sâu hơn của Hành trình tâm linh khám phá các hang động kỳ bí tại Ngũ Hành Sơn và chiêm bái Phật Bà tại Sơn Trà.,0,downloaded:302400,4 giờ,,jpg,1251,82,https://images.pexels.com/photos/36748260/pexels-photo-36748260.jpeg?auto=compress&cs=tinysrgb&dpr=2&h=650&w=940,,,False,False,,tour-82__tour-real-variant-82__p01__pexels-36748260.jpg,D:\DATN\DATN_Tài liệu\data-center\media-assets\cloudinary-staging\tours\2026-06-04-tour-missing-thumbnail\originals\tour-82__tour-real-variant-82__p01__pexels-36748260.jpg,82,tour-real-variant-82,20,,2,Tour Khám Phá Tour Ngũ Hành Sơn & Chùa Linh Ứng Sơn Trà,36748260,1,TUAN PHAN,https://www.pexels.com/@tuan-phan-2156993475,467019.69,263397.75,0.00,pexels,https://www.pexels.com/photo/scenic-coastal-view-of-s-n-tra-peninsula-vietnam-36748260/,danangtrip/tours/tour-real-variant-82/tour-82__tour-real-variant-82__p01,0.00,0,Tour Khám Phá Tour Ngũ Hành Sơn & Chùa Linh Ứng Sơn Trà Vietnam travel,https://res.cloudinary.com/dmukxquza/image/upload/v1780567324/danangtrip/tours/tour-real-variant-82/tour-82__tour-real-variant-82__p01.jpg,Tour tâm linh nửa ngày ngắm cảnh biển Đà Nẵng.,tour-real-variant-82,,downloaded,,https://images.pexels.com/photos/36748260/pexels-photo-36748260.jpeg?auto=compress&cs=tinysrgb&h=350,5,82,tour-real-variant-82,2026-05-25 08:44:17,uploaded,1780567324,,0,1880
3ae44024077bffdb80437725f72f42d0,,,open,0,353793,Tour Cố Đô Huế,tour-hue,danangtrip/tours/tour-real-variant-83/tour-83__tour-real-variant-83__p01,2026-05-25 08:44:17,,"Trải nghiệm chuyên sâu hơn của Chuyến đi biển đảo hấp dẫn với các hoạt động tắm biển, lặn ngắm san hô và thưởng thức hải sản tươi ngon.",0,downloaded:353793,1 ngày,,jpg,1253,83,https://images.pexels.com/photos/32228483/pexels-photo-32228483.jpeg?auto=compress&cs=tinysrgb&dpr=2&h=650&w=940,,,False,False,,tour-83__tour-real-variant-83__p01__pexels-32228483.jpg,D:\DATN\DATN_Tài liệu\data-center\media-assets\cloudinary-staging\tours\2026-06-04-tour-missing-thumbnail\originals\tour-83__tour-real-variant-83__p01__pexels-32228483.jpg,83,tour-real-variant-83,35,,4,Tour Khám Phá Tour Cù Lao Chàm Lặn Ngắm San Hô,32228483,1,Trieu Kim Tran,https://www.pexels.com/@trieu-kim-tran-489969244,695368.40,466125.51,100000.00,pexels,https://www.pexels.com/photo/scenic-boat-tour-on-tropical-waters-32228483/,danangtrip/tours/tour-real-variant-83/tour-83__tour-real-variant-83__p01,0.00,0,Tour Khám Phá Tour Cù Lao Chàm Lặn Ngắm San Hô Vietnam travel,https://res.cloudinary.com/dmukxquza/image/upload/v1780567327/danangtrip/tours/tour-real-variant-83/tour-83__tour-real-variant-83__p01.jpg,Thiên đường biển đảo Cù Lao Chàm.,tour-real-variant-83,,downloaded,,https://images.pexels.com/photos/32228483/pexels-photo-32228483.jpeg?auto=compress&cs=tinysrgb&h=350,3,83,tour-real-variant-83,2026-05-25 08:44:17,uploaded,1780567327,,0,1880
f581adb595c2e8e1a10ec2003b9cc71b,,,open,0,659336,Tour Khám Phá Thiên Nhiên,tour-thien-nhien,danangtrip/tours/tour-real-variant-84/tour-84__tour-real-variant-84__p01,2026-05-25 08:44:17,,"Trải nghiệm chuyên sâu hơn của Vượt đèo Hải Vân đến với cố đô Huế, tham quan Đại Nội, chùa Thiên Mụ và các lăng tẩm uy nghiêm.",0,downloaded:659336,1 ngày,,jpg,1253,84,https://images.pexels.com/photos/27418881/pexels-photo-27418881.jpeg?auto=compress&cs=tinysrgb&dpr=2&h=650&w=940,,,False,False,,tour-84__tour-real-variant-84__p01__pexels-27418881.jpg,D:\DATN\DATN_Tài liệu\data-center\media-assets\cloudinary-staging\tours\2026-06-04-tour-missing-thumbnail\originals\tour-84__tour-real-variant-84__p01__pexels-27418881.jpg,84,tour-real-variant-84,40,,2,Tour Khám Phá Tour Cố Đô Huế 1 Ngày từ Đà Nẵng,27418881,1,Vietnam Tri Duong Photographer,https://www.pexels.com/@triduhi-youtuber,1051479.07,769865.50,200000.00,pexels,https://www.pexels.com/photo/kinh-thanh-hu-vi-t-nam-27418881/,danangtrip/tours/tour-real-variant-84/tour-84__tour-real-variant-84__p01,0.00,0,Tour Khám Phá Tour Cố Đô Huế 1 Ngày từ Đà Nẵng Vietnam travel,https://res.cloudinary.com/dmukxquza/image/upload/v1780567331/danangtrip/tours/tour-real-variant-84/tour-84__tour-real-variant-84__p01.jpg,Hành trình di sản cố đô miền Trung.,tour-real-variant-84,,downloaded,,https://images.pexels.com/photos/27418881/pexels-photo-27418881.jpeg?auto=compress&cs=tinysrgb&h=350,5,84,tour-real-variant-84,2026-05-25 08:44:17,uploaded,1780567331,,0,1880
dc89030fae72f41a82dda823ff4e073d,,,open,0,587206,Tour Khám Phá Thiên Nhiên,tour-thien-nhien,danangtrip/tours/tour-real-variant-85/tour-85__tour-real-variant-85__p01,2026-05-25 08:44:17,,Trải nghiệm sang trọng hơn của Tìm hiểu về văn hóa Champa cổ đại qua quần thể đền tháp Mỹ Sơn - Di sản văn hóa thế giới.,0,downloaded:587206,5 giờ,,jpg,1251,85,https://images.pexels.com/photos/35042236/pexels-photo-35042236.jpeg?auto=compress&cs=tinysrgb&dpr=2&h=650&w=940,,,False,False,,tour-85__tour-real-variant-85__p01__pexels-35042236.jpg,D:\DATN\DATN_Tài liệu\data-center\media-assets\cloudinary-staging\tours\2026-06-04-tour-missing-thumbnail\originals\tour-85__tour-real-variant-85__p01__pexels-35042236.jpg,85,tour-real-variant-85,25,,2,Tour Cao Cấp Tour Thánh Địa Mỹ Sơn nửa ngày,35042236,1,Nguyen Ngoc Tien,https://www.pexels.com/@nguyen-ngoc-tien-1321490019,572879.41,430340.45,100000.00,pexels,https://www.pexels.com/photo/group-enjoying-a-scenic-boat-ride-on-tranquil-lake-35042236/,danangtrip/tours/tour-real-variant-85/tour-85__tour-real-variant-85__p01,0.00,0,Tour Cao Cấp Tour Thánh Địa Mỹ Sơn nửa ngày Vietnam travel,https://res.cloudinary.com/dmukxquza/image/upload/v1780567335/danangtrip/tours/tour-real-variant-85/tour-85__tour-real-variant-85__p01.jpg,Khám phá bí ẩn tháp Chàm.,tour-real-variant-85,,downloaded,,https://images.pexels.com/photos/35042236/pexels-photo-35042236.jpeg?auto=compress&cs=tinysrgb&h=350,5,85,tour-real-variant-85,2026-05-25 08:44:17,uploaded,1780567335,,0,1880
c26e12e67d1e01ca1df8503ba0720689,,,open,0,319817,Tour Bà Nà Hills,tour-ba-na-hills,danangtrip/tours/tour-real-variant-86/tour-86__tour-real-variant-86__p01,2026-05-25 08:44:17,,"Trải nghiệm chuyên sâu hơn của Hành trình check-in những biểu tượng hiện đại của Đà Nẵng: Cầu Rồng, Cầu Tình Yêu, Bảo tàng Chăm.",0,downloaded:319817,4 giờ,,jpg,1262,86,https://images.pexels.com/photos/29941646/pexels-photo-29941646.jpeg?auto=compress&cs=tinysrgb&dpr=2&h=650&w=940,,,False,False,,tour-86__tour-real-variant-86__p01__pexels-29941646.jpg,D:\DATN\DATN_Tài liệu\data-center\media-assets\cloudinary-staging\tours\2026-06-04-tour-missing-thumbnail\originals\tour-86__tour-real-variant-86__p01__pexels-29941646.jpg,86,tour-real-variant-86,15,,2,Tour Tiết Kiệm Tour Đà Nẵng City - Những Cây Cầu,29941646,1,Võ Văn Tiến,https://www.pexels.com/@vo-van-ti-n-2037497312,355945.37,205735.79,0.00,pexels,https://www.pexels.com/photo/family-in-traditional-vietnamese-ao-dai-at-japanese-bridge-29941646/,danangtrip/tours/tour-real-variant-86/tour-86__tour-real-variant-86__p01,0.00,0,Tour Tiết Kiệm Tour Đà Nẵng City - Những Cây Cầu Vietnam travel,https://res.cloudinary.com/dmukxquza/image/upload/v1780567338/danangtrip/tours/tour-real-variant-86/tour-86__tour-real-variant-86__p01.jpg,Tour khám phá thành phố đáng sống.,tour-real-variant-86,,downloaded,,https://images.pexels.com/photos/29941646/pexels-photo-29941646.jpeg?auto=compress&cs=tinysrgb&h=350,1,86,tour-real-variant-86,2026-05-25 08:44:17,uploaded,1780567338,,0,1880
102aa1ee163e56e64ef3a7c163936f4e,,,open,0,353793,Tour Cố Đô Huế,tour-hue,danangtrip/tours/tour-real-variant-87/tour-87__tour-real-variant-87__p01,2026-05-25 08:44:17,,Trải nghiệm chuyên sâu hơn của Trải nghiệm cung đường đèo đẹp nhất Việt Nam và thư giãn tại vịnh biển Lăng Cô thơ mộng.,0,downloaded:353793,1 ngày,,jpg,1253,87,https://images.pexels.com/photos/32228483/pexels-photo-32228483.jpeg?auto=compress&cs=tinysrgb&dpr=2&h=650&w=940,,,False,False,,tour-87__tour-real-variant-87__p01__pexels-32228483.jpg,D:\DATN\DATN_Tài liệu\data-center\media-assets\cloudinary-staging\tours\2026-06-04-tour-missing-thumbnail\originals\tour-87__tour-real-variant-87__p01__pexels-32228483.jpg,87,tour-real-variant-87,20,,2,Tour Khám Phá Tour Đèo Hải Vân & Lăng Cô - Ô tô,32228483,1,Trieu Kim Tran,https://www.pexels.com/@trieu-kim-tran-489969244,917425.14,621453.47,150000.00,pexels,https://www.pexels.com/photo/scenic-boat-tour-on-tropical-waters-32228483/,danangtrip/tours/tour-real-variant-87/tour-87__tour-real-variant-87__p01,0.00,0,Tour Khám Phá Tour Đèo Hải Vân & Lăng Cô - Ô tô Vietnam travel,https://res.cloudinary.com/dmukxquza/image/upload/v1780567341/danangtrip/tours/tour-real-variant-87/tour-87__tour-real-variant-87__p01.jpg,"Ngắm nhìn ""Thiên hạ đệ nhất hùng quan"".",tour-real-variant-87,,downloaded,,https://images.pexels.com/photos/32228483/pexels-photo-32228483.jpeg?auto=compress&cs=tinysrgb&h=350,3,87,tour-real-variant-87,2026-05-25 08:44:17,uploaded,1780567341,,0,1880
9b5518eb8d70ed71b9df9a31d401df18,,,open,0,264185,Tour Ẩm Thực,tour-am-thuc,danangtrip/tours/tour-real-variant-88/tour-88__tour-real-variant-88__p01,2026-05-25 08:44:17,,"Trải nghiệm chuyên sâu hơn của Dạo bước phố đèn lồng, thả đèn hoa đăng và thưởng thức các món ăn đặc sản nổi tiếng của Hội An.",0,downloaded:264185,5 giờ,,jpg,1270,88,https://images.pexels.com/photos/34949975/pexels-photo-34949975.jpeg?auto=compress&cs=tinysrgb&dpr=2&h=650&w=940,,,False,False,,tour-88__tour-real-variant-88__p01__pexels-34949975.jpg,D:\DATN\DATN_Tài liệu\data-center\media-assets\cloudinary-staging\tours\2026-06-04-tour-missing-thumbnail\originals\tour-88__tour-real-variant-88__p01__pexels-34949975.jpg,88,tour-real-variant-88,25,,2,Tour Khám Phá Tour Đêm Phố Cổ Hội An & Ăn Tối,34949975,1,Võ Văn Tiến,https://www.pexels.com/@vo-van-ti-n-2037497312,692557.05,484083.25,100000.00,pexels,https://www.pexels.com/photo/traditional-vietnamese-attire-in-h-i-an-alleyway-34949975/,danangtrip/tours/tour-real-variant-88/tour-88__tour-real-variant-88__p01,0.00,0,Tour Khám Phá Tour Đêm Phố Cổ Hội An & Ăn Tối Vietnam travel,https://res.cloudinary.com/dmukxquza/image/upload/v1780567344/danangtrip/tours/tour-real-variant-88/tour-88__tour-real-variant-88__p01.jpg,Lãng mạn phố cổ về đêm.,tour-real-variant-88,,downloaded,,https://images.pexels.com/photos/34949975/pexels-photo-34949975.jpeg?auto=compress&cs=tinysrgb&h=350,6,88,tour-real-variant-88,2026-05-25 08:44:17,uploaded,1780567344,,0,1880
94c8cdf6a6cdbbd5ca1f1e032b809e17,,,open,0,390115,Tour Bà Nà Hills,tour-ba-na-hills,danangtrip/tours/tour-real-variant-89/tour-89__tour-real-variant-89__p01,2026-05-25 08:44:17,,"Trải nghiệm chuyên sâu hơn của Trải nghiệm Bà Nà Hills lung linh về đêm với Buffet tối, rượu vang và các show diễn đặc sắc.",0,downloaded:390115,1 ngày,,jpg,1300,89,https://images.pexels.com/photos/18671478/pexels-photo-18671478.jpeg?auto=compress&cs=tinysrgb&dpr=2&h=650&w=940,,,False,False,,tour-89__tour-real-variant-89__p01__pexels-18671478.jpg,D:\DATN\DATN_Tài liệu\data-center\media-assets\cloudinary-staging\tours\2026-06-04-tour-missing-thumbnail\originals\tour-89__tour-real-variant-89__p01__pexels-18671478.jpg,89,tour-real-variant-89,50,,1,Tour Khám Phá Tour Bà Nà Hills Đêm (Sun World Night),18671478,1,Prakash Achari,https://www.pexels.com/@prakaachu,1114565.19,793325.77,200000.00,pexels,https://www.pexels.com/photo/golden-bridge-ba-na-hills-vietnam-18671478/,danangtrip/tours/tour-real-variant-89/tour-89__tour-real-variant-89__p01,0.00,0,Tour Khám Phá Tour Bà Nà Hills Đêm (Sun World Night) Vietnam travel,https://res.cloudinary.com/dmukxquza/image/upload/v1780567347/danangtrip/tours/tour-real-variant-89/tour-89__tour-real-variant-89__p01.jpg,Bà Nà huyền ảo buổi đêm.,tour-real-variant-89,,downloaded,,https://images.pexels.com/photos/18671478/pexels-photo-18671478.jpeg?auto=compress&cs=tinysrgb&h=350,1,89,tour-real-variant-89,2026-05-25 08:44:17,uploaded,1780567347,,0,1856
f4d1d2380935ecda6df375ca723656c2,,,open,0,481066,Tour Bà Nà Hills,tour-ba-na-hills,danangtrip/tours/tour-real-variant-90/tour-90__tour-real-variant-90__p01,2026-05-25 08:44:17,,"Trải nghiệm sang trọng hơn của Vui chơi không giới hạn tại VinWonders Nam Hội An với Safari, Công viên nước và Đảo văn hóa.",0,downloaded:481066,1 ngày,,jpg,1214,90,https://images.pexels.com/photos/29521438/pexels-photo-29521438.jpeg?auto=compress&cs=tinysrgb&dpr=2&h=650&w=940,,,False,False,,tour-90__tour-real-variant-90__p01__pexels-29521438.jpg,D:\DATN\DATN_Tài liệu\data-center\media-assets\cloudinary-staging\tours\2026-06-04-tour-missing-thumbnail\originals\tour-90__tour-real-variant-90__p01__pexels-29521438.jpg,90,tour-real-variant-90,50,,1,Tour Cao Cấp Tour VinWonders Nam Hội An Full Day,29521438,1,Võ Văn Tiến,https://www.pexels.com/@vo-van-ti-n-2037497312,938059.36,722308.04,150000.00,pexels,https://www.pexels.com/photo/traditional-dress-at-h-i-an-historic-pagoda-29521438/,danangtrip/tours/tour-real-variant-90/tour-90__tour-real-variant-90__p01,0.00,0,Tour Cao Cấp Tour VinWonders Nam Hội An Full Day Vietnam travel,https://res.cloudinary.com/dmukxquza/image/upload/v1780567350/danangtrip/tours/tour-real-variant-90/tour-90__tour-real-variant-90__p01.jpg,Thế giới giải trí đa sắc màu.,tour-real-variant-90,,downloaded,,https://images.pexels.com/photos/29521438/pexels-photo-29521438.jpeg?auto=compress&cs=tinysrgb&h=350,1,90,tour-real-variant-90,2026-05-25 08:44:17,uploaded,1780567350,,0,1880
cacfd5488d3cabf15bcf4efee2eafbdd,,,open,0,587206,Tour Biển & Đảo,tour-bien-dao,danangtrip/tours/tour-real-variant-91/tour-91__tour-real-variant-91__p01,2026-05-25 08:44:17,,"Trải nghiệm chuyên sâu hơn của Thư giãn tuyệt đối với dịch vụ tắm khoáng, tắm bùn và khu vui chơi nước giữa núi rừng.",0,downloaded:587206,1 ngày,,jpg,1251,91,https://images.pexels.com/photos/35042236/pexels-photo-35042236.jpeg?auto=compress&cs=tinysrgb&dpr=2&h=650&w=940,,,False,False,,tour-91__tour-real-variant-91__p01__pexels-35042236.jpg,D:\DATN\DATN_Tài liệu\data-center\media-assets\cloudinary-staging\tours\2026-06-04-tour-missing-thumbnail\originals\tour-91__tour-real-variant-91__p01__pexels-35042236.jpg,91,tour-real-variant-91,30,,2,Tour Tiết Kiệm Tour Suối Khoáng Nóng Thần Tài Relax,35042236,1,Nguyen Ngoc Tien,https://www.pexels.com/@nguyen-ngoc-tien-1321490019,1012872.95,695090.99,150000.00,pexels,https://www.pexels.com/photo/group-enjoying-a-scenic-boat-ride-on-tranquil-lake-35042236/,danangtrip/tours/tour-real-variant-91/tour-91__tour-real-variant-91__p01,0.00,0,Tour Tiết Kiệm Tour Suối Khoáng Nóng Thần Tài Relax Vietnam travel,https://res.cloudinary.com/dmukxquza/image/upload/v1780567354/danangtrip/tours/tour-real-variant-91/tour-91__tour-real-variant-91__p01.jpg,Nghỉ dưỡng và chăm sóc sức khỏe.,tour-real-variant-91,,downloaded,,https://images.pexels.com/photos/35042236/pexels-photo-35042236.jpeg?auto=compress&cs=tinysrgb&h=350,4,91,tour-real-variant-91,2026-05-25 08:44:17,uploaded,1780567354,,0,1880
8630ecd77cb688addfb131444b4a0d78,,,open,0,302400,Tour Mạo Hiểm,tour-mao-hiem,danangtrip/tours/tour-real-variant-92/tour-92__tour-real-variant-92__p01,2026-05-25 08:44:17,,"Trải nghiệm chuyên sâu hơn của Thám hiểm rừng già Sơn Trà, tìm kiếm voọc chà vá chân nâu và chinh phục đỉnh Bàn Cờ.",0,downloaded:302400,6 giờ,,jpg,1251,92,https://images.pexels.com/photos/36748260/pexels-photo-36748260.jpeg?auto=compress&cs=tinysrgb&dpr=2&h=650&w=940,,,False,False,,tour-92__tour-real-variant-92__p01__pexels-36748260.jpg,D:\DATN\DATN_Tài liệu\data-center\media-assets\cloudinary-staging\tours\2026-06-04-tour-missing-thumbnail\originals\tour-92__tour-real-variant-92__p01__pexels-36748260.jpg,92,tour-real-variant-92,10,,2,Tour Khám Phá Tour Trekking Bán Đảo Sơn Trà,36748260,1,TUAN PHAN,https://www.pexels.com/@tuan-phan-2156993475,727342.23,758024.29,0.00,pexels,https://www.pexels.com/photo/scenic-coastal-view-of-s-n-tra-peninsula-vietnam-36748260/,danangtrip/tours/tour-real-variant-92/tour-92__tour-real-variant-92__p01,0.00,0,Tour Khám Phá Tour Trekking Bán Đảo Sơn Trà Vietnam travel,https://res.cloudinary.com/dmukxquza/image/upload/v1780567357/danangtrip/tours/tour-real-variant-92/tour-92__tour-real-variant-92__p01.jpg,Thử thách thiên nhiên Sơn Trà.,tour-real-variant-92,,downloaded,,https://images.pexels.com/photos/36748260/pexels-photo-36748260.jpeg?auto=compress&cs=tinysrgb&h=350,7,92,tour-real-variant-92,2026-05-25 08:44:17,uploaded,1780567357,,0,1880
cbbb4d1bcabe81bcb6bd32c00df973b9,,,open,0,346744,Tour Mạo Hiểm,tour-mao-hiem,danangtrip/tours/tour-real-variant-93/tour-93__tour-real-variant-93__p01,2026-05-25 08:44:17,,"Trải nghiệm chuyên sâu hơn của Trekking rừng quốc gia Bạch Mã, ngắm thác Đỗ Quyên và ngắm toàn cảnh vịnh Lăng Cô từ Hải Vọng Đài.",0,downloaded:346744,1 ngày,,jpg,1300,93,https://images.pexels.com/photos/31265701/pexels-photo-31265701.jpeg?auto=compress&cs=tinysrgb&dpr=2&h=650&w=940,,,False,False,,tour-93__tour-real-variant-93__p01__pexels-31265701.jpg,D:\DATN\DATN_Tài liệu\data-center\media-assets\cloudinary-staging\tours\2026-06-04-tour-missing-thumbnail\originals\tour-93__tour-real-variant-93__p01__pexels-31265701.jpg,93,tour-real-variant-93,15,,2,Tour Khám Phá Tour Khám Phá Bạch Mã National Park,31265701,1,Vietnam  Hidden Light,https://www.pexels.com/@vietnamhiddenlight,1105082.62,880787.95,200000.00,pexels,https://www.pexels.com/photo/scenic-mountain-road-in-ha-giang-vietnam-31265701/,danangtrip/tours/tour-real-variant-93/tour-93__tour-real-variant-93__p01,0.00,0,Tour Khám Phá Tour Khám Phá Bạch Mã National Park Vietnam travel,https://res.cloudinary.com/dmukxquza/image/upload/v1780567361/danangtrip/tours/tour-real-variant-93/tour-93__tour-real-variant-93__p01.jpg,Hành trình chinh phục đỉnh Bạch Mã.,tour-real-variant-93,,downloaded,,https://images.pexels.com/photos/31265701/pexels-photo-31265701.jpeg?auto=compress&cs=tinysrgb&h=350,7,93,tour-real-variant-93,2026-05-25 08:44:17,uploaded,1780567361,,0,1733
6a25b57ae0e441da6c3809ab95097dd4,,,open,0,306897,Tour Ẩm Thực,tour-am-thuc,danangtrip/tours/tour-real-variant-94/tour-94__tour-real-variant-94__p01,2026-05-25 08:44:17,,Trải nghiệm chuyên sâu hơn của Ngồi sau xe máy cùng HDV địa phương len lỏi vào các ngõ ngách thưởng thức 5-7 món ăn đặc sản.,0,downloaded:306897,4 giờ,,jpg,1253,94,https://images.pexels.com/photos/28899311/pexels-photo-28899311.jpeg?auto=compress&cs=tinysrgb&dpr=2&h=650&w=940,,,False,False,,tour-94__tour-real-variant-94__p01__pexels-28899311.jpg,D:\DATN\DATN_Tài liệu\data-center\media-assets\cloudinary-staging\tours\2026-06-04-tour-missing-thumbnail\originals\tour-94__tour-real-variant-94__p01__pexels-28899311.jpg,94,tour-real-variant-94,10,,1,Tour Khám Phá Street Food Tour Đà Nẵng bằng Xe Máy,28899311,1,Tường Chopper,https://www.pexels.com/@tuongchopper,737414.62,682634.00,0.00,pexels,https://www.pexels.com/photo/bustling-street-scene-in-ho-chi-minh-city-vietnam-28899311/,danangtrip/tours/tour-real-variant-94/tour-94__tour-real-variant-94__p01,0.00,0,Tour Khám Phá Street Food Tour Đà Nẵng bằng Xe Máy Vietnam travel,https://res.cloudinary.com/dmukxquza/image/upload/v1780567365/danangtrip/tours/tour-real-variant-94/tour-94__tour-real-variant-94__p01.jpg,Khám phá ẩm thực Đà Nẵng như người bản địa.,tour-real-variant-94,,downloaded,,https://images.pexels.com/photos/28899311/pexels-photo-28899311.jpeg?auto=compress&cs=tinysrgb&h=350,6,94,tour-real-variant-94,2026-05-25 08:44:17,uploaded,1780567365,,0,1880
36d7926ccb3a12dffa676a55c366a206,,,open,0,602871,Tour Khám Phá Thiên Nhiên,tour-thien-nhien,danangtrip/tours/tour-real-variant-95/tour-95__tour-real-variant-95__p01,2026-05-25 08:44:17,,"Trải nghiệm sang trọng hơn của Học cách xới đất, trồng rau, tưới nước và tự tay chế biến món ăn từ rau sạch Trà Quế.",0,downloaded:602871,4 giờ,,jpg,1057,95,https://images.pexels.com/photos/35518540/pexels-photo-35518540.jpeg?auto=compress&cs=tinysrgb&dpr=2&h=650&w=940,,,False,False,,tour-95__tour-real-variant-95__p01__pexels-35518540.jpg,D:\DATN\DATN_Tài liệu\data-center\media-assets\cloudinary-staging\tours\2026-06-04-tour-missing-thumbnail\originals\tour-95__tour-real-variant-95__p01__pexels-35518540.jpg,95,tour-real-variant-95,12,,1,Tour Cao Cấp Tour Làm Nông Dân Làng Rau Trà Quế,35518540,1,Duy Nguyen,https://www.pexels.com/@duy-nguyen-489946968,556516.92,376139.88,100000.00,pexels,https://www.pexels.com/photo/aerial-view-of-lush-agricultural-fields-in-vietnam-35518540/,danangtrip/tours/tour-real-variant-95/tour-95__tour-real-variant-95__p01,0.00,0,Tour Cao Cấp Tour Làm Nông Dân Làng Rau Trà Quế Vietnam travel,https://res.cloudinary.com/dmukxquza/image/upload/v1780567369/danangtrip/tours/tour-real-variant-95/tour-95__tour-real-variant-95__p01.jpg,Một ngày làm nông dân Hội An.,tour-real-variant-95,,downloaded,,https://images.pexels.com/photos/35518540/pexels-photo-35518540.jpeg?auto=compress&cs=tinysrgb&h=350,5,95,tour-real-variant-95,2026-05-25 08:44:17,uploaded,1780567369,,0,1880
7c2bd1253db928e491c32990f079aaf5,,,open,0,357075,Tour Bà Nà Hills,tour-ba-na-hills,danangtrip/tours/tour-real-variant-96/tour-96__tour-real-variant-96__p01,2026-05-25 08:44:17,,"Trải nghiệm chuyên sâu hơn của Ngắm nhìn thành phố ánh sáng từ giữa lòng sông và xem Cầu Rồng phun lửa, phun nước vào tối cuối tuần.",0,downloaded:357075,2 giờ,,jpg,1253,96,https://images.pexels.com/photos/19940389/pexels-photo-19940389.jpeg?auto=compress&cs=tinysrgb&dpr=2&h=650&w=940,,,False,False,,tour-96__tour-real-variant-96__p01__pexels-19940389.jpg,D:\DATN\DATN_Tài liệu\data-center\media-assets\cloudinary-staging\tours\2026-06-04-tour-missing-thumbnail\originals\tour-96__tour-real-variant-96__p01__pexels-19940389.jpg,96,tour-real-variant-96,80,,1,Tour Tiết Kiệm Tour Du Thuyền Sông Hàn & Xem Rồng Phun Lửa,19940389,1,Kirandeep Singh Walia,https://www.pexels.com/@kirandeepsingh,231843.82,152837.32,50000.00,pexels,https://www.pexels.com/photo/da-nang-administrative-center-in-vietnam-19940389/,danangtrip/tours/tour-real-variant-96/tour-96__tour-real-variant-96__p01,0.00,0,Tour Tiết Kiệm Tour Du Thuyền Sông Hàn & Xem Rồng Phun Lửa Vietnam travel,https://res.cloudinary.com/dmukxquza/image/upload/v1780567371/danangtrip/tours/tour-real-variant-96/tour-96__tour-real-variant-96__p01.jpg,Buổi tối lãng mạn trên sông Hàn.,tour-real-variant-96,,downloaded,,https://images.pexels.com/photos/19940389/pexels-photo-19940389.jpeg?auto=compress&cs=tinysrgb&h=350,1,96,tour-real-variant-96,2026-05-25 08:44:17,uploaded,1780567371,,0,1880
3c7f6995ecf0e39bb31cf70da5ee6ea6,,,open,0,456250,Tour Cố Đô Huế,tour-hue,danangtrip/tours/tour-real-variant-97/tour-97__tour-real-variant-97__p01,2026-05-25 08:44:17,,"Trải nghiệm chuyên sâu hơn của Khám phá hệ sinh thái đầm phá nước lợ, chèo thuyền Kayak và ngắm hoàng hôn tuyệt đẹp.",0,downloaded:456250,6 giờ,,jpg,1253,97,https://images.pexels.com/photos/33248828/pexels-photo-33248828.jpeg?auto=compress&cs=tinysrgb&dpr=2&h=650&w=940,,,False,False,,tour-97__tour-real-variant-97__p01__pexels-33248828.jpg,D:\DATN\DATN_Tài liệu\data-center\media-assets\cloudinary-staging\tours\2026-06-04-tour-missing-thumbnail\originals\tour-97__tour-real-variant-97__p01__pexels-33248828.jpg,97,tour-real-variant-97,20,,2,Tour Khám Phá Tour Đầm Phá Tam Giang & Sunset,33248828,1,NGUYỄN THÀNH NHƠN,https://www.pexels.com/@nguy-n-thanh-nh-n-203569019,857958.50,561541.17,150000.00,pexels,https://www.pexels.com/photo/speedboat-moored-by-riverside-in-sunny-weather-33248828/,danangtrip/tours/tour-real-variant-97/tour-97__tour-real-variant-97__p01,0.00,0,Tour Khám Phá Tour Đầm Phá Tam Giang & Sunset Vietnam travel,https://res.cloudinary.com/dmukxquza/image/upload/v1780567374/danangtrip/tours/tour-real-variant-97/tour-97__tour-real-variant-97__p01.jpg,Hoàng hôn rực rỡ trên phá Tam Giang.,tour-real-variant-97,,downloaded,,https://images.pexels.com/photos/33248828/pexels-photo-33248828.jpeg?auto=compress&cs=tinysrgb&h=350,3,97,tour-real-variant-97,2026-05-25 08:44:17,uploaded,1780567374,,0,1880
c6f3b066393808c419389d1a54e7f6bd,,,open,0,216563,Tour Khám Phá Thiên Nhiên,tour-thien-nhien,danangtrip/tours/tour-real-variant-98/tour-98__tour-real-variant-98__p01,2026-05-25 08:44:17,,Trải nghiệm chuyên sâu hơn của Thưởng thức loại hình nghệ thuật di sản phi vật thể và thả đèn hoa đăng cầu may trên sông Hương.,0,downloaded:216563,2 giờ,,jpg,1281,98,https://images.pexels.com/photos/29515987/pexels-photo-29515987.jpeg?auto=compress&cs=tinysrgb&dpr=2&h=650&w=940,,,False,False,,tour-98__tour-real-variant-98__p01__pexels-29515987.jpg,D:\DATN\DATN_Tài liệu\data-center\media-assets\cloudinary-staging\tours\2026-06-04-tour-missing-thumbnail\originals\tour-98__tour-real-variant-98__p01__pexels-29515987.jpg,98,tour-real-variant-98,30,,1,Tour Khám Phá Tour Ca Huế Trên Sông Hương & Ngắm Thành Phố,29515987,1,Võ Văn Tiến,https://www.pexels.com/@vo-van-ti-n-2037497312,166686.87,102911.22,0.00,pexels,https://www.pexels.com/photo/elegant-woman-in-ao-dai-on-trang-ti-n-bridge-29515987/,danangtrip/tours/tour-real-variant-98/tour-98__tour-real-variant-98__p01,0.00,0,Tour Khám Phá Tour Ca Huế Trên Sông Hương & Ngắm Thành Phố Vietnam travel,https://res.cloudinary.com/dmukxquza/image/upload/v1780567377/danangtrip/tours/tour-real-variant-98/tour-98__tour-real-variant-98__p01.jpg,Văn hóa cố đô đặc sắc.,tour-real-variant-98,,downloaded,,https://images.pexels.com/photos/29515987/pexels-photo-29515987.jpeg?auto=compress&cs=tinysrgb&h=350,5,98,tour-real-variant-98,2026-05-25 08:44:17,uploaded,1780567377,,0,1880
2945de53feac61abf47b202ec44c18c2,,,open,0,481500,Tour Mạo Hiểm,tour-mao-hiem,danangtrip/tours/tour-real-variant-99/tour-99__tour-real-variant-99__p01,2026-05-25 08:44:17,,Trải nghiệm chuyên sâu hơn của Đi tàu gỗ ra các hòn đảo nhỏ quanh bán đảo Sơn Trà để lặn ngắm san hô và câu cá.,0,downloaded:481500,6 giờ,,jpg,1253,99,https://images.pexels.com/photos/34472517/pexels-photo-34472517.jpeg?auto=compress&cs=tinysrgb&dpr=2&h=650&w=940,,,False,False,,tour-99__tour-real-variant-99__p01__pexels-34472517.jpg,D:\DATN\DATN_Tài liệu\data-center\media-assets\cloudinary-staging\tours\2026-06-04-tour-missing-thumbnail\originals\tour-99__tour-real-variant-99__p01__pexels-34472517.jpg,99,tour-real-variant-99,25,,4,Tour Khám Phá Tour Snorkeling Bán Đảo Sơn Trà,34472517,1,Thư Hugo,https://www.pexels.com/@th-hugo-349378163,604808.47,481891.43,100000.00,pexels,https://www.pexels.com/photo/peaceful-coastal-view-in-da-n-ng-vietnam-34472517/,danangtrip/tours/tour-real-variant-99/tour-99__tour-real-variant-99__p01,0.00,0,Tour Khám Phá Tour Snorkeling Bán Đảo Sơn Trà Vietnam travel,https://res.cloudinary.com/dmukxquza/image/upload/v1780567379/danangtrip/tours/tour-real-variant-99/tour-99__tour-real-variant-99__p01.jpg,Khám phá đại dương Sơn Trà.,tour-real-variant-99,,downloaded,,https://images.pexels.com/photos/34472517/pexels-photo-34472517.jpeg?auto=compress&cs=tinysrgb&h=350,7,99,tour-real-variant-99,2026-05-25 08:44:17,uploaded,1780567379,,0,1880
b2150aa5a37e539de5419f033a7ca695,,,open,0,390115,Tour Bà Nà Hills,tour-ba-na-hills,danangtrip/tours/tour-real-variant-100/tour-100__tour-real-variant-100__p01,2026-05-25 08:44:17,,"Trải nghiệm sang trọng hơn của Khám phá chốn bồng lai tiên cảnh với Cầu Vàng, Làng Pháp và hệ thống cáp treo đạt nhiều kỷ lục thế giới.",0,downloaded:390115,1 ngày,,jpg,1300,100,https://images.pexels.com/photos/18671478/pexels-photo-18671478.jpeg?auto=compress&cs=tinysrgb&dpr=2&h=650&w=940,,,False,False,,tour-100__tour-real-variant-100__p01__pexels-18671478.jpg,D:\DATN\DATN_Tài liệu\data-center\media-assets\cloudinary-staging\tours\2026-06-04-tour-missing-thumbnail\originals\tour-100__tour-real-variant-100__p01__pexels-18671478.jpg,100,tour-real-variant-100,45,,2,Tour Cao Cấp Tour Bà Nà Hills 1 Ngày (Buffet Trưa),18671478,1,Prakash Achari,https://www.pexels.com/@prakaachu,1290822.91,1042517.89,250000.00,pexels,https://www.pexels.com/photo/golden-bridge-ba-na-hills-vietnam-18671478/,danangtrip/tours/tour-real-variant-100/tour-100__tour-real-variant-100__p01,0.00,0,Tour Cao Cấp Tour Bà Nà Hills 1 Ngày (Buffet Trưa) Vietnam travel,https://res.cloudinary.com/dmukxquza/image/upload/v1780567383/danangtrip/tours/tour-real-variant-100/tour-100__tour-real-variant-100__p01.jpg,Hành trình đưa quý khách đến với đỉnh Núi Chúa - Đà Nẵng.,tour-real-variant-100,,downloaded,,https://images.pexels.com/photos/18671478/pexels-photo-18671478.jpeg?auto=compress&cs=tinysrgb&h=350,1,100,tour-real-variant-100,2026-05-25 08:44:17,uploaded,1780567383,,0,1856
