id,entity_type,external_id,name,address,latitude,longitude,category,has_image_candidate,duplicate_source_table,duplicate_source_id,duplicate_match_score,score,review_bucket,review_reasons,source_url
4,location,osm-node-2177056870,Thac Toc Tien,Da Nang,16.0244662,108.0262303,check-in-noi-tieng,False,,,,5,manual_review,weak_address;missing_image_candidate,https://www.openstreetmap.org/node/2177056870
5,location,osm-node-4172034499,Non Nuoc Beach,Da Nang,16.0205336,108.261744,check-in-noi-tieng,False,,,,5,manual_review,weak_address;missing_image_candidate,https://www.openstreetmap.org/node/4172034499
7,location,osm-node-4436290892,Danang and sea viewpoint,Da Nang,16.184926,108.1368673,check-in-noi-tieng,False,,,,5,manual_review,weak_address;missing_image_candidate,https://www.openstreetmap.org/node/4436290892
10,location,osm-node-4924323121,Fishing Village and Fleet,Da Nang,16.1017543,108.2589632,check-in-noi-tieng,False,,,,5,manual_review,weak_address;missing_image_candidate;lodging_manual_review,https://www.openstreetmap.org/node/4924323121
11,location,osm-node-5072875821,Love Bridge,Da Nang,16.0513135,108.2309046,check-in-noi-tieng,False,locations,16,70.00,0,duplicate_reject_or_link,weak_address;missing_image_candidate;duplicate_match,https://www.openstreetmap.org/node/5072875821
12,location,osm-node-5272117924,Dragon Bridge West Viewpoint,Da Nang,16.0616142,108.2245243,check-in-noi-tieng,False,locations,24,70.00,0,duplicate_reject_or_link,weak_address;missing_image_candidate;duplicate_match,https://www.openstreetmap.org/node/5272117924
13,location,osm-node-5272117925,Fishing Boats,Da Nang,16.0661735,108.2294201,check-in-noi-tieng,False,,,,5,manual_review,weak_address;missing_image_candidate,https://www.openstreetmap.org/node/5272117925
14,location,osm-node-5272119321,Dragon Bridge East Viewpoint,Da Nang,16.0618067,108.2298562,check-in-noi-tieng,False,,,,5,manual_review,weak_address;missing_image_candidate,https://www.openstreetmap.org/node/5272119321
15,location,osm-node-5273998822,Cau Tien Son,Da Nang,16.0352694,108.2352722,check-in-noi-tieng,False,,,,5,manual_review,weak_address;missing_image_candidate,https://www.openstreetmap.org/node/5273998822
17,location,osm-node-5273998830,Day & Night Viewpoint,Da Nang,16.0577748,108.2296131,check-in-noi-tieng,False,,,,5,manual_review,weak_address;missing_image_candidate,https://www.openstreetmap.org/node/5273998830
19,location,osm-node-5273999125,River Viewpoint,Da Nang,16.0749403,108.2247139,check-in-noi-tieng,False,,,,5,manual_review,weak_address;missing_image_candidate,https://www.openstreetmap.org/node/5273999125
20,location,osm-node-5273999621,Giant Egg Plants,Da Nang,16.0748758,108.2245799,check-in-noi-tieng,False,,,,5,manual_review,weak_address;missing_image_candidate,https://www.openstreetmap.org/node/5273999621
22,location,osm-node-5281444722,Basket Boats,Da Nang,16.1020467,108.2602185,check-in-noi-tieng,False,,,,5,manual_review,weak_address;missing_image_candidate,https://www.openstreetmap.org/node/5281444722
23,location,osm-node-5286977425,Nui Than Tai,Da Nang,15.9681262,108.0196301,check-in-noi-tieng,False,,,,5,manual_review,weak_address;missing_image_candidate,https://www.openstreetmap.org/node/5286977425
24,location,osm-node-5383428522,Khu Du Lich Sinh Thai Suoi Luong,Da Nang,16.1559167,108.1098007,check-in-noi-tieng,False,,,,5,manual_review,weak_address;missing_image_candidate,https://www.openstreetmap.org/node/5383428522
27,location,osm-node-6290544486,Da Nang view,Da Nang,16.126902,108.2458831,check-in-noi-tieng,False,,,,5,manual_review,weak_address;missing_image_candidate,https://www.openstreetmap.org/node/6290544486
28,location,osm-node-6346457485,Bay View,Da Nang,16.1042359,108.3077299,check-in-noi-tieng,False,,,,5,manual_review,weak_address;missing_image_candidate,https://www.openstreetmap.org/node/6346457485
29,location,osm-node-6346486685,Cay da dai thu,Da Nang,16.1226157,108.3316779,check-in-noi-tieng,False,,,,5,manual_review,weak_address;missing_image_candidate,https://www.openstreetmap.org/node/6346486685
30,location,osm-node-6512888885,Cementerio militar franco-espanol de Y Pha Nho,Da Nang,16.1223304,108.2200384,bao-tang-di-tich,False,,,,5,manual_review,weak_address;missing_image_candidate,https://www.openstreetmap.org/node/6512888885
31,location,osm-node-6528451001,Cay da Do Xu,Da Nang,16.0276784,108.2218873,check-in-noi-tieng,False,,,,5,manual_review,weak_address;missing_image_candidate,https://www.openstreetmap.org/node/6528451001
34,location,osm-node-7505801985,Great Viewpoint,Da Nang,16.0922667,108.224322,check-in-noi-tieng,False,,,,5,manual_review,weak_address;missing_image_candidate,https://www.openstreetmap.org/node/7505801985
40,location,osm-node-8032205986,Headland and View of Hai Van Mountains,Da Nang,16.1537132,108.2489294,check-in-noi-tieng,False,,,,5,manual_review,weak_address;missing_image_candidate,https://www.openstreetmap.org/node/8032205986
43,location,osm-node-8041992686,Sunken Ship,Da Nang,16.1440025,108.2304513,check-in-noi-tieng,False,,,,5,manual_review,weak_address;missing_image_candidate,https://www.openstreetmap.org/node/8041992686
44,location,osm-node-8041992688,Great of Hai Van Mountains,Da Nang,16.1430935,108.2361529,check-in-noi-tieng,False,,,,5,manual_review,weak_address;missing_image_candidate,https://www.openstreetmap.org/node/8041992688
49,location,osm-node-8344961818,Amazing Valley Viewpoint,Da Nang,16.0586525,108.0148707,check-in-noi-tieng,False,,,,5,manual_review,weak_address;missing_image_candidate,https://www.openstreetmap.org/node/8344961818
50,location,osm-node-8345051017,Amazing Valley Viewpoint,Da Nang,16.0608673,108.013933,check-in-noi-tieng,False,,,,5,manual_review,weak_address;missing_image_candidate,https://www.openstreetmap.org/node/8345051017
51,location,osm-node-8345051317,End of the Proper Road,Da Nang,16.0571299,108.0305535,check-in-noi-tieng,False,,,,5,manual_review,weak_address;missing_image_candidate,https://www.openstreetmap.org/node/8345051317
54,location,osm-node-8382814417,Great View of Da Nang Bay,Da Nang,16.1389474,108.1077126,check-in-noi-tieng,False,,,,5,manual_review,weak_address;missing_image_candidate,https://www.openstreetmap.org/node/8382814417
55,location,osm-node-8385783217,End of the Road?,Da Nang,16.1943855,108.0870258,check-in-noi-tieng,False,,,,5,manual_review,weak_address;missing_image_candidate,https://www.openstreetmap.org/node/8385783217
57,location,osm-node-8385783219,Great View of Son Tra and Da Nang Bay,Da Nang,16.1533288,108.095213,check-in-noi-tieng,False,,,,5,manual_review,weak_address;missing_image_candidate,https://www.openstreetmap.org/node/8385783219
58,location,osm-node-8397068517,Highest Point of the Hai Van Road,Da Nang,16.1825575,108.0856529,check-in-noi-tieng,False,,,,5,manual_review,weak_address;missing_image_candidate,https://www.openstreetmap.org/node/8397068517
59,location,osm-node-8459986717,Great Mountain and Lake Viewpoint,Da Nang,15.9836156,108.0901336,check-in-noi-tieng,False,,,,5,manual_review,weak_address;missing_image_candidate,https://www.openstreetmap.org/node/8459986717
60,location,osm-node-8459986817,Dam and Lake Viewpoint,Da Nang,15.9783501,108.0785409,check-in-noi-tieng,False,,,,5,manual_review,weak_address;missing_image_candidate,https://www.openstreetmap.org/node/8459986817
65,location,osm-node-8520834017,A Couple of Fjords to Cross Here,Da Nang,16.1492858,108.060537,check-in-noi-tieng,False,,,,5,manual_review,weak_address;missing_image_candidate,https://www.openstreetmap.org/node/8520834017
67,location,osm-node-8532747217,Secret Beach,Da Nang,16.194213,108.1690132,check-in-noi-tieng,False,,,,5,manual_review,weak_address;missing_image_candidate,https://www.openstreetmap.org/node/8532747217
68,location,osm-node-8625661017,Misty Mountains,Da Nang,16.059721,108.0111323,check-in-noi-tieng,False,,,,5,manual_review,weak_address;missing_image_candidate,https://www.openstreetmap.org/node/8625661017
70,location,osm-node-8634096418,Great Mountain Views on Uphill Path,Da Nang,15.9813252,107.9652689,check-in-noi-tieng,False,,,,5,manual_review,weak_address;missing_image_candidate,https://www.openstreetmap.org/node/8634096418
71,location,osm-node-8639646817,Great View of Hoa Trung Reservoir and Son Tra,Da Nang,16.072922,108.0302849,check-in-noi-tieng,False,,,,5,manual_review,weak_address;missing_image_candidate,https://www.openstreetmap.org/node/8639646817
72,location,osm-node-8639646917,"Great View of Son Tra, Hoa Trung Reservoir and Da Nang Graveyard",Da Nang,16.0746393,108.026623,check-in-noi-tieng,False,,,,5,manual_review,weak_address;missing_image_candidate,https://www.openstreetmap.org/node/8639646917
73,location,osm-node-8649471017,Cape and View of the Bay,Da Nang,16.1183642,108.337563,check-in-noi-tieng,False,,,,5,manual_review,weak_address;missing_image_candidate,https://www.openstreetmap.org/node/8649471017
76,location,osm-node-8678722617,Beginning of Uphill Trail,Da Nang,16.04012,108.0460365,check-in-noi-tieng,False,,,,5,manual_review,weak_address;missing_image_candidate,https://www.openstreetmap.org/node/8678722617
77,location,osm-node-8680939217,Closed War Bunker,Da Nang,16.0391426,108.0439723,check-in-noi-tieng,False,,,,5,manual_review,weak_address;missing_image_candidate,https://www.openstreetmap.org/node/8680939217
78,location,osm-node-8680939218,Beautiful View of Hoa Trung Reservoir and Son Tra,Da Nang,16.0775838,108.0327157,check-in-noi-tieng,False,,,,5,manual_review,weak_address;missing_image_candidate,https://www.openstreetmap.org/node/8680939218
79,location,osm-node-8686623717,Numerous War Bunkers and Gun Placements,Da Nang,16.1646167,108.1277212,check-in-noi-tieng,False,,,,5,manual_review,weak_address;missing_image_candidate,https://www.openstreetmap.org/node/8686623717
80,location,osm-node-8700412519,Road Ends and Footpath Begins Here,Da Nang,16.067843,108.0343304,check-in-noi-tieng,False,,,,5,manual_review,weak_address;missing_image_candidate,https://www.openstreetmap.org/node/8700412519
81,location,osm-node-8702003818,Lovely View of the Valley,Da Nang,16.0710944,108.0292003,check-in-noi-tieng,False,,,,5,manual_review,weak_address;missing_image_candidate,https://www.openstreetmap.org/node/8702003818
82,location,osm-node-8713712417,Great View of the Bay,Da Nang,16.1732051,108.0927382,check-in-noi-tieng,False,,,,5,manual_review,weak_address;missing_image_candidate,https://www.openstreetmap.org/node/8713712417
83,location,osm-node-8715425518,Great Valley Viewpoint,Da Nang,16.1356185,108.0857273,check-in-noi-tieng,False,,,,5,manual_review,weak_address;missing_image_candidate,https://www.openstreetmap.org/node/8715425518
84,location,osm-node-8715429117,Great Valley Viewpoint,Da Nang,16.1295543,108.0888502,check-in-noi-tieng,False,,,,5,manual_review,weak_address;missing_image_candidate,https://www.openstreetmap.org/node/8715429117
85,location,osm-node-8715429118,Great View of the Bay,Da Nang,16.1315656,108.0893829,check-in-noi-tieng,False,,,,5,manual_review,weak_address;missing_image_candidate,https://www.openstreetmap.org/node/8715429118
86,location,osm-node-8715429217,Amazing Valley Viewpoint,Da Nang,16.1367984,108.0894967,check-in-noi-tieng,False,,,,5,manual_review,weak_address;missing_image_candidate,https://www.openstreetmap.org/node/8715429217
87,location,osm-node-8727034718,Great View Looking Towards Hai Van Mountains,Da Nang,16.1216141,108.0971787,check-in-noi-tieng,False,,,,5,manual_review,weak_address;missing_image_candidate,https://www.openstreetmap.org/node/8727034718
88,location,osm-node-8730209417,Great View of the Bay,Da Nang,16.1267549,108.0942769,check-in-noi-tieng,False,,,,5,manual_review,weak_address;missing_image_candidate,https://www.openstreetmap.org/node/8730209417
89,location,osm-node-8740267017,Great View of the Valley,Da Nang,16.1445466,108.068875,check-in-noi-tieng,False,,,,5,manual_review,weak_address;missing_image_candidate,https://www.openstreetmap.org/node/8740267017
90,location,osm-node-8740267117,Mountain Stream and Waterfall,Da Nang,16.1577726,108.073156,check-in-noi-tieng,False,,,,5,manual_review,weak_address;missing_image_candidate,https://www.openstreetmap.org/node/8740267117
91,location,osm-node-8757278219,Great Valley View,Da Nang,16.1485162,108.0589073,check-in-noi-tieng,False,,,,5,manual_review,weak_address;missing_image_candidate,https://www.openstreetmap.org/node/8757278219
96,location,osm-node-8771291917,Amazing Valley and River View,Da Nang,16.1469226,108.0688889,check-in-noi-tieng,False,,,,5,manual_review,weak_address;missing_image_candidate,https://www.openstreetmap.org/node/8771291917
97,location,osm-node-8785078417,Great View of the Valley and the Bay,Da Nang,16.1346787,108.0806251,check-in-noi-tieng,False,,,,5,manual_review,weak_address;missing_image_candidate,https://www.openstreetmap.org/node/8785078417
98,location,osm-node-8785078517,Great View of the Valley and Cu De River,Da Nang,16.1355606,108.0791996,check-in-noi-tieng,False,,,,5,manual_review,weak_address;missing_image_candidate,https://www.openstreetmap.org/node/8785078517
99,location,osm-node-8785078518,Great Place for Snorkelling Next to the Rocks,Da Nang,16.1597371,108.1372257,check-in-noi-tieng,False,,,,5,manual_review,weak_address;missing_image_candidate,https://www.openstreetmap.org/node/8785078518
100,location,osm-node-8841056618,Crossroads Going West and South West,Da Nang,16.1268929,108.0839936,check-in-noi-tieng,False,,,,5,manual_review,weak_address;missing_image_candidate,https://www.openstreetmap.org/node/8841056618
101,location,osm-node-8841058418,Great View Looking Towards Hoa Trung,Da Nang,16.1265512,108.0787053,check-in-noi-tieng,False,,,,5,manual_review,weak_address;missing_image_candidate,https://www.openstreetmap.org/node/8841058418
102,location,osm-node-8841060117,Great Views of Son Tra and Da Nang Graveyard,Da Nang,16.0354157,108.1452889,check-in-noi-tieng,False,,,,5,manual_review,weak_address;missing_image_candidate,https://www.openstreetmap.org/node/8841060117
103,location,osm-node-8841060217,Gravel Road and Ford Across the Road,Da Nang,16.1243642,108.0857102,check-in-noi-tieng,False,,,,5,manual_review,weak_address;missing_image_candidate,https://www.openstreetmap.org/node/8841060217
104,location,osm-node-8841060218,Great View Looking Towards Hai Van,Da Nang,16.1269921,108.080954,check-in-noi-tieng,False,,,,5,manual_review,weak_address;missing_image_candidate,https://www.openstreetmap.org/node/8841060218
105,location,osm-node-8841737718,Great View of the Back of Bana Hills,Da Nang,16.0077062,107.9637018,check-in-noi-tieng,False,,,,5,manual_review,weak_address;missing_image_candidate,https://www.openstreetmap.org/node/8841737718
107,location,osm-node-8874361417,Steeper Central Path to Climb Up,Da Nang,16.1318491,108.0791326,check-in-noi-tieng,False,,,,5,manual_review,weak_address;missing_image_candidate,https://www.openstreetmap.org/node/8874361417
108,location,osm-node-8880291417,Dam Across the Lake,Da Nang,15.9873685,108.0904809,check-in-noi-tieng,False,,,,5,manual_review,weak_address;missing_image_candidate,https://www.openstreetmap.org/node/8880291417
110,location,osm-node-9653941217,Dinh Dong Museum and Cafe,Da Nang,16.1012126,108.2755096,bao-tang-di-tich,False,,,,5,manual_review,weak_address;missing_image_candidate,https://www.openstreetmap.org/node/9653941217
112,location,osm-node-10603622205,Pont main,Da Nang,16.0520775,108.2156357,check-in-noi-tieng,False,,,,5,manual_review,weak_address;missing_image_candidate,https://www.openstreetmap.org/node/10603622205
113,location,osm-node-10709724107,Lang da my nghe Non Nuoc,Da Nang,16.0009523,108.2666434,check-in-noi-tieng,False,,,,5,manual_review,weak_address;missing_image_candidate,https://www.openstreetmap.org/node/10709724107
114,location,osm-node-10709738005,Lang chieu Cam Ne,Da Nang,15.9867322,108.1772823,check-in-noi-tieng,False,,,,5,manual_review,weak_address;missing_image_candidate,https://www.openstreetmap.org/node/10709738005
115,location,osm-node-10709738105,Lang nuoc mam Nam O,Da Nang,16.1128315,108.1300902,check-in-noi-tieng,False,,,,5,manual_review,weak_address;missing_image_candidate,https://www.openstreetmap.org/node/10709738105
116,location,osm-node-10873187605,Sunworld Amusement Park Ba Na Hills,Da Nang,16.0257483,108.0311553,check-in-noi-tieng,False,,,,5,manual_review,weak_address;missing_image_candidate,https://www.openstreetmap.org/node/10873187605
117,location,osm-node-11161070774,Dragon's Tail,Da Nang,16.06108,108.2248167,check-in-noi-tieng,False,locations,31,70.00,0,duplicate_reject_or_link,weak_address;missing_image_candidate;duplicate_match,https://www.openstreetmap.org/node/11161070774
118,location,osm-node-11161070775,Dragon's Head (Fire Show),Da Nang,16.0612476,108.2296554,check-in-noi-tieng,False,locations,36,70.00,0,duplicate_reject_or_link,weak_address;missing_image_candidate;duplicate_match,https://www.openstreetmap.org/node/11161070775
119,location,osm-node-11176025737,Lang Bich hoa Da Nang,Da Nang,16.0607097,108.2200254,check-in-noi-tieng,False,,,,5,manual_review,weak_address;missing_image_candidate,https://www.openstreetmap.org/node/11176025737
120,location,osm-node-11359603957,Nam Son Pagoda,Da Nang,15.9987986,108.2051036,check-in-noi-tieng,False,,,,5,manual_review,weak_address;missing_image_candidate,https://www.openstreetmap.org/node/11359603957
122,location,osm-node-11628670169,Covered rocks,Da Nang,16.1186467,108.1307991,check-in-noi-tieng,False,,,,5,manual_review,weak_address;missing_image_candidate,https://www.openstreetmap.org/node/11628670169
123,location,osm-node-11628679569,fishing boats,Da Nang,16.1172763,108.1319496,check-in-noi-tieng,False,,,,5,manual_review,weak_address;missing_image_candidate,https://www.openstreetmap.org/node/11628679569
124,location,osm-node-11832500969,Rao chan,Da Nang,16.1167482,108.3084376,check-in-noi-tieng,False,,,,5,manual_review,weak_address;missing_image_candidate,https://www.openstreetmap.org/node/11832500969
125,location,osm-node-11876463269,Fishing harbor,Da Nang,16.1034054,108.2392611,check-in-noi-tieng,False,,,,5,manual_review,weak_address;missing_image_candidate,https://www.openstreetmap.org/node/11876463269
126,location,osm-node-11934169470,Queen Cobra,Da Nang,16.0432987,108.22599,check-in-noi-tieng,False,,,,5,manual_review,weak_address;missing_image_candidate,https://www.openstreetmap.org/node/11934169470
128,location,osm-node-12622064034,Marble Mountains Museum,Da Nang,16.003907,108.2660314,bao-tang-di-tich,False,,,,5,manual_review,weak_address;missing_image_candidate,https://www.openstreetmap.org/node/12622064034
129,location,osm-node-12701646101,Son Tra view,Da Nang,16.109214,108.2517721,check-in-noi-tieng,False,,,,5,manual_review,weak_address;missing_image_candidate,https://www.openstreetmap.org/node/12701646101
130,location,osm-node-12701675501,Small waterfall,Da Nang,16.1145234,108.2556163,check-in-noi-tieng,False,,,,5,manual_review,weak_address;missing_image_candidate,https://www.openstreetmap.org/node/12701675501
131,location,osm-node-12815941401,7 wonders,Da Nang,16.0988101,108.2244144,check-in-noi-tieng,False,,,,5,manual_review,weak_address;missing_image_candidate,https://www.openstreetmap.org/node/12815941401
132,location,osm-node-13261644768,Nha Trung bay Hoang Sa,Da Nang,16.0935205,108.2512559,bao-tang-di-tich,False,,,,5,manual_review,weak_address;missing_image_candidate,https://www.openstreetmap.org/node/13261644768
133,location,osm-node-13525483833,Hard to climb,Da Nang,16.0039418,108.2633507,check-in-noi-tieng,False,locations,21,80.00,0,duplicate_reject_or_link,weak_address;missing_image_candidate;duplicate_match,https://www.openstreetmap.org/node/13525483833
134,location,osm-node-13531850361,Old Jets,Da Nang,16.0351948,108.2037811,bao-tang-di-tich,False,,,,5,manual_review,weak_address;missing_image_candidate,https://www.openstreetmap.org/node/13531850361
135,location,osm-node-13677406601,"Memorial to the victims of the Flight 229 plane crash on March 15, 1979.",Da Nang,16.121001,108.2572286,bao-tang-di-tich,False,,,,5,manual_review,weak_address;missing_image_candidate,https://www.openstreetmap.org/node/13677406601
141,location,osm-way-204790989,Cho Con,"Quan Hai Chau, Da Nang",16.0681703,108.2145338,check-in-noi-tieng,False,locations,91,80.00,2,duplicate_reject_or_link,missing_image_candidate;duplicate_match,https://www.openstreetmap.org/way/204790989
143,location,osm-way-302872188,Bao tang Nghe thuat Dieu khac Cham Da Nang,"Duong Bach Dang, Da Nang",16.0601964,108.223168,bao-tang-di-tich,False,locations,24,70.00,2,duplicate_reject_or_link,missing_image_candidate;duplicate_match,https://www.openstreetmap.org/way/302872188
145,location,osm-way-359114064,Sun World Ba Na Hills,Da Nang,15.9956307,107.9897217,cong-vien-nuoc,False,locations,23,70.00,0,duplicate_reject_or_link,weak_address;missing_image_candidate;duplicate_match,https://www.openstreetmap.org/way/359114064
146,location,osm-way-420947244,Quan Am,Da Nang,16.0996857,108.2770161,bao-tang-di-tich,False,locations,20,70.00,0,duplicate_reject_or_link,weak_address;missing_image_candidate;duplicate_match,https://www.openstreetmap.org/way/420947244
148,location,osm-way-542867598,Luna Castle,Da Nang,15.9930651,107.9921265,bao-tang-di-tich,False,,,,5,manual_review,weak_address;missing_image_candidate,https://www.openstreetmap.org/way/542867598
151,location,osm-way-694831926,Cau Rong,Da Nang,16.0611683,108.2278981,check-in-noi-tieng,False,locations,14,80.00,0,duplicate_reject_or_link,weak_address;missing_image_candidate;duplicate_match,https://www.openstreetmap.org/way/694831926
152,location,osm-way-1109970009,Nha tho Saint Denis,Da Nang,15.997358,107.9877992,check-in-noi-tieng,False,,,,5,manual_review,weak_address;missing_image_candidate,https://www.openstreetmap.org/way/1109970009
154,location,osm-way-1331565206,Dai Tuong niem Liet sy thanh pho Da Nang,Da Nang,16.0409714,108.2243231,bao-tang-di-tich,False,,,,5,manual_review,weak_address;missing_image_candidate,https://www.openstreetmap.org/way/1331565206
155,location,osm-way-1368599361,Bao tang Da Nang,"42, Duong Tran Phu, Da Nang",16.0748319,108.2239805,bao-tang-di-tich,False,locations,25,70.00,2,duplicate_reject_or_link,missing_image_candidate;duplicate_match,https://www.openstreetmap.org/way/1368599361
156,location,osm-way-1474610279,Old Water Tower,Da Nang,16.1021807,108.2472638,check-in-noi-tieng,False,,,,5,manual_review,weak_address;missing_image_candidate,https://www.openstreetmap.org/way/1474610279
157,location,osm-way-1481663044,Ban sao nha san,Da Nang,16.0472363,108.217429,bao-tang-di-tich,False,,,,5,manual_review,weak_address;missing_image_candidate,https://www.openstreetmap.org/way/1481663044
158,location,osm-way-1511011826,Louvre,Da Nang,15.9951834,107.9897584,check-in-noi-tieng,False,locations,23,80.00,0,duplicate_reject_or_link,weak_address;missing_image_candidate;duplicate_match,https://www.openstreetmap.org/way/1511011826
161,restaurant,osm-node-1992479743,Tao Do,Da Nang,16.0568235,108.2207613,am-thuc-dia-phuong,False,,,,5,manual_review,weak_address;missing_image_candidate,https://www.openstreetmap.org/node/1992479743
163,restaurant,osm-node-2747371589,Mr Duc's,Da Nang,16.0660927,108.2233715,am-thuc-dia-phuong,False,locations,19,70.00,0,duplicate_reject_or_link,weak_address;missing_image_candidate;duplicate_match,https://www.openstreetmap.org/node/2747371589
171,restaurant,osm-node-3628855206,HQ Thai Food,"9, Yen Bai, Da Nang",16.0697702,108.2229678,am-thuc-dia-phuong,False,locations,97,70.00,2,duplicate_reject_or_link,missing_image_candidate;duplicate_match,https://www.openstreetmap.org/node/3628855206
174,restaurant,osm-node-3893467887,Karma Waters,Da Nang,16.0765579,108.2203123,am-thuc-dia-phuong,False,locations,46,80.00,0,duplicate_reject_or_link,weak_address;missing_image_candidate;duplicate_match,https://www.openstreetmap.org/node/3893467887
184,restaurant,osm-node-4259583468,Au Lac,Da Nang,16.0711878,108.2174617,am-thuc-dia-phuong,False,,,,5,manual_review,weak_address;missing_image_candidate,https://www.openstreetmap.org/node/4259583468
186,restaurant,osm-node-4267912389,Tran,"4, Le Duan, Da Nang",16.0717989,108.2226291,am-thuc-dia-phuong,False,locations,15,70.00,2,duplicate_reject_or_link,missing_image_candidate;duplicate_match,https://www.openstreetmap.org/node/4267912389
187,restaurant,osm-node-4279350990,Pho Bac Hai,Da Nang,16.0662091,108.2238218,am-thuc-dia-phuong,False,locations,75,80.00,0,duplicate_reject_or_link,weak_address;missing_image_candidate;duplicate_match,https://www.openstreetmap.org/node/4279350990
190,restaurant,osm-node-4281430501,Be Man,Da Nang,16.0818092,108.2472755,am-thuc-dia-phuong,False,,,,5,manual_review,weak_address;missing_image_candidate,https://www.openstreetmap.org/node/4281430501
191,restaurant,osm-node-4289580589,KFC,Da Nang,16.0712358,108.2185085,am-thuc-dia-phuong,False,,,,5,manual_review,weak_address;missing_image_candidate,https://www.openstreetmap.org/node/4289580589
192,restaurant,osm-node-4326474789,Banh trang Tran,Da Nang,16.0692226,108.205109,am-thuc-dia-phuong,False,,,,5,manual_review,weak_address;missing_image_candidate,https://www.openstreetmap.org/node/4326474789
199,restaurant,osm-node-4352266389,Burger Bros,Da Nang,16.0485431,108.246541,am-thuc-dia-phuong,False,locations,48,100.00,0,duplicate_reject_or_link,weak_address;missing_image_candidate;duplicate_match,https://www.openstreetmap.org/node/4352266389
200,restaurant,osm-node-4352266689,Nha hang nam hien,Da Nang,16.0560809,108.2452639,am-thuc-dia-phuong,False,,,,5,manual_review,weak_address;missing_image_candidate,https://www.openstreetmap.org/node/4352266689
204,restaurant,osm-node-4378701501,quan pho hong,"19, Ly Tu Trong, Da Nang",16.0775502,108.2217728,am-thuc-dia-phuong,False,locations,54,70.00,2,duplicate_reject_or_link,missing_image_candidate;duplicate_match,https://www.openstreetmap.org/node/4378701501
208,restaurant,osm-node-4430018990,LUNA pub,Da Nang,16.0798099,108.223011,am-thuc-dia-phuong,False,locations,96,70.00,0,duplicate_reject_or_link,weak_address;missing_image_candidate;duplicate_match,https://www.openstreetmap.org/node/4430018990
209,restaurant,osm-node-4430043290,Sofia Restaurant,"Pham Van Dong, Da Nang",16.0705038,108.2423861,am-thuc-dia-phuong,False,locations,49,100.00,2,duplicate_reject_or_link,missing_image_candidate;duplicate_match,https://www.openstreetmap.org/node/4430043290
212,restaurant,osm-node-4430078489,Red Sky Bar & Restaurant,"Tran Phu, Da Nang",16.0628344,108.2232276,am-thuc-dia-phuong,False,locations,47,80.00,2,duplicate_reject_or_link,missing_image_candidate;duplicate_match,https://www.openstreetmap.org/node/4430078489
213,restaurant,osm-node-4436185493,Quan Com Ga A.HAI,Da Nang,16.0653281,108.2203147,am-thuc-dia-phuong,False,locations,34,80.00,0,duplicate_reject_or_link,weak_address;missing_image_candidate;duplicate_match,https://www.openstreetmap.org/node/4436185493
214,restaurant,osm-node-4451141191,Bun cha,Da Nang,16.0082442,108.2583234,am-thuc-dia-phuong,False,,,,5,manual_review,weak_address;missing_image_candidate,https://www.openstreetmap.org/node/4451141191
217,restaurant,osm-node-4496285792,Vueng Beo Hoi Quan,Da Nang,16.0555881,108.2457892,am-thuc-dia-phuong,False,,,,5,manual_review,weak_address;missing_image_candidate,https://www.openstreetmap.org/node/4496285792
219,restaurant,osm-node-4522677590,Quan Chay Vegetarian Restaurant Ngoc Chi,"32, Thai Phien, Da Nang",16.0650511,108.2227097,am-thuc-dia-phuong,False,locations,52,80.00,2,duplicate_reject_or_link,missing_image_candidate;duplicate_match,https://www.openstreetmap.org/node/4522677590
221,restaurant,osm-node-4541141193,Ba Duong Banh Xeo,Da Nang,16.0652255,108.2194342,am-thuc-dia-phuong,False,locations,60,80.00,0,duplicate_reject_or_link,weak_address;missing_image_candidate;duplicate_match,https://www.openstreetmap.org/node/4541141193
231,restaurant,osm-node-4675884490,Bun mam Ba Thuyen,Da Nang,16.067356,108.2074353,am-thuc-dia-phuong,False,,,,5,manual_review,weak_address;missing_image_candidate,https://www.openstreetmap.org/node/4675884490
235,restaurant,osm-node-4729384190,Lau & Nuong,Da Nang,16.0660595,108.223402,am-thuc-dia-phuong,False,locations,19,70.00,0,duplicate_reject_or_link,weak_address;missing_image_candidate;duplicate_match,https://www.openstreetmap.org/node/4729384190
240,restaurant,osm-node-4755851322,Bun Thit Nuong Ba Ngoc,Da Nang,16.0777523,108.2165181,am-thuc-dia-phuong,False,,,,5,manual_review,weak_address;missing_image_candidate,https://www.openstreetmap.org/node/4755851322
241,restaurant,osm-node-4759752150,Pho nuong Tokyo,"4, Pham Van Dong, Son Tra, Da Nang",16.07061,108.2428955,am-thuc-dia-phuong,False,locations,76,70.00,2,duplicate_reject_or_link,missing_image_candidate;duplicate_match,https://www.openstreetmap.org/node/4759752150
242,restaurant,osm-node-4778581323,My Casa,"53, Duong Morrison, Da Nang",16.0717885,108.2427211,am-thuc-dia-phuong,False,locations,51,100.00,2,duplicate_reject_or_link,missing_image_candidate;duplicate_match,https://www.openstreetmap.org/node/4778581323
246,restaurant,osm-node-4844817359,Kim Dy Restaurant,Da Nang,16.0652476,108.223499,am-thuc-dia-phuong,False,locations,52,80.00,0,duplicate_reject_or_link,weak_address;missing_image_candidate;duplicate_match,https://www.openstreetmap.org/node/4844817359
251,restaurant,osm-node-4931152321,Phu Hong,"19, Yen Bai, Da Nang",16.0695853,108.2229138,am-thuc-dia-phuong,False,locations,97,70.00,2,duplicate_reject_or_link,missing_image_candidate;duplicate_match,https://www.openstreetmap.org/node/4931152321
253,restaurant,osm-node-4985355119,Lotteria,Da Nang,16.0347403,108.2293072,am-thuc-dia-phuong,False,,,,5,manual_review,weak_address;missing_image_candidate,https://www.openstreetmap.org/node/4985355119
259,restaurant,osm-node-5083724023,Bahn My Chay,Da Nang,16.0586131,108.2112385,am-thuc-dia-phuong,False,,,,5,manual_review,weak_address;missing_image_candidate,https://www.openstreetmap.org/node/5083724023
264,restaurant,osm-node-5216150024,Bun Cha Hue Chi,"6, Hoang Quoc Viet, Da Nang",16.0848384,108.2296613,am-thuc-dia-phuong,False,,,,7,manual_review,missing_image_candidate,https://www.openstreetmap.org/node/5216150024
275,restaurant,osm-node-5379622975,Nan n Kabab,"233, Ho Nghinh, Da Nang",16.0669196,108.2433992,am-thuc-dia-phuong,False,locations,51,70.00,2,duplicate_reject_or_link,missing_image_candidate;duplicate_match,https://www.openstreetmap.org/node/5379622975
276,restaurant,osm-node-5397903222,Am Thuc Chay Da Nang,Da Nang,16.0651438,108.221835,am-thuc-dia-phuong,False,locations,38,90.00,0,duplicate_reject_or_link,weak_address;missing_image_candidate;duplicate_match,https://www.openstreetmap.org/node/5397903222
278,restaurant,osm-node-5401407621,24 7,Da Nang,16.0685698,108.2432035,am-thuc-dia-phuong,False,locations,51,70.00,0,duplicate_reject_or_link,weak_address;missing_image_candidate;duplicate_match,https://www.openstreetmap.org/node/5401407621
279,restaurant,osm-node-5414316021,Litaliano,"40, Duong An Thuong 30, Da Nang",16.0511561,108.2456807,am-thuc-dia-phuong,False,locations,88,80.00,2,duplicate_reject_or_link,missing_image_candidate;duplicate_match,https://www.openstreetmap.org/node/5414316021
281,restaurant,osm-node-5429167110,Thai Market,"4, Tran Quoc Toan, Da Nang",16.0661423,108.2242408,am-thuc-dia-phuong,False,locations,75,80.00,2,duplicate_reject_or_link,missing_image_candidate;duplicate_match,https://www.openstreetmap.org/node/5429167110
282,restaurant,osm-node-5429181331,Thai Market,"46, Thai Phien, Da Nang",16.0651331,108.2225171,am-thuc-dia-phuong,False,locations,52,80.00,2,duplicate_reject_or_link,missing_image_candidate;duplicate_match,https://www.openstreetmap.org/node/5429181331
285,restaurant,osm-node-5461718921,Banh Mi,Da Nang,16.0715283,108.2124559,am-thuc-dia-phuong,False,,,,5,manual_review,weak_address;missing_image_candidate,https://www.openstreetmap.org/node/5461718921
287,restaurant,osm-node-5484776621,Pho 29,Da Nang,16.066153,108.2227599,am-thuc-dia-phuong,False,locations,19,70.00,0,duplicate_reject_or_link,weak_address;missing_image_candidate;duplicate_match,https://www.openstreetmap.org/node/5484776621
288,restaurant,osm-node-5484788221,Tre vie,Da Nang,16.0662328,108.2244753,am-thuc-dia-phuong,False,locations,75,90.00,0,duplicate_reject_or_link,weak_address;missing_image_candidate;duplicate_match,https://www.openstreetmap.org/node/5484788221
291,restaurant,osm-node-5485496021,Be Bien,"202, Duong Vo Nguyen Giap, Da Nang",16.0686243,108.244962,am-thuc-dia-phuong,False,locations,51,70.00,2,duplicate_reject_or_link,missing_image_candidate;duplicate_match,https://www.openstreetmap.org/node/5485496021
292,restaurant,osm-node-5487860421,Minh Quang,Da Nang,16.0512864,108.2377222,am-thuc-dia-phuong,False,,,,5,manual_review,weak_address;missing_image_candidate,https://www.openstreetmap.org/node/5487860421
293,restaurant,osm-node-5539964821,KFC,Da Nang,16.0668458,108.2135577,am-thuc-dia-phuong,False,,,,5,manual_review,weak_address;missing_image_candidate,https://www.openstreetmap.org/node/5539964821
294,restaurant,osm-node-5541654970,NEM Restaurant,"216, Vo Nguyen Giap, Son Tra, Da Nang",16.0675122,108.2449556,am-thuc-dia-phuong,False,locations,51,70.00,2,duplicate_reject_or_link,missing_image_candidate;duplicate_match,https://www.openstreetmap.org/node/5541654970
295,restaurant,osm-node-5552095626,Hai San Thanh Hien 2,"Vo Nguyen Giap, Da Nang",16.0598778,108.2462089,am-thuc-dia-phuong,False,locations,67,70.00,2,duplicate_reject_or_link,missing_image_candidate;duplicate_match,https://www.openstreetmap.org/node/5552095626
297,restaurant,osm-node-5582157521,Da Nang com chay,"87/16, Nguyen Du, Da Nang",16.0784606,108.219203,am-thuc-dia-phuong,False,locations,54,70.00,2,duplicate_reject_or_link,missing_image_candidate;duplicate_match,https://www.openstreetmap.org/node/5582157521
301,restaurant,osm-node-5678663421,Mi Quang Giao Thuy,"16, Duong Ba Dinh, Da Nang",16.0762132,108.2193113,am-thuc-dia-phuong,False,locations,46,80.00,2,duplicate_reject_or_link,missing_image_candidate;duplicate_match,https://www.openstreetmap.org/node/5678663421
308,restaurant,osm-node-5791962853,Huong Khach Vegetarian,"106, Hoang Dieu, Da Nang",16.0642464,108.2185815,am-thuc-dia-phuong,False,locations,60,70.00,2,duplicate_reject_or_link,missing_image_candidate;duplicate_match,https://www.openstreetmap.org/node/5791962853
313,restaurant,osm-node-5898266285,Bun Cha Ha Noi,Da Nang,16.0746282,108.218807,am-thuc-dia-phuong,False,,,,5,manual_review,weak_address;missing_image_candidate,https://www.openstreetmap.org/node/5898266285
314,restaurant,osm-node-5901161285,Hiri,"41, Le Hong Phong, Da Nang",16.0639503,108.221258,am-thuc-dia-phuong,False,locations,94,70.00,2,duplicate_reject_or_link,missing_image_candidate;duplicate_match,https://www.openstreetmap.org/node/5901161285
317,restaurant,osm-node-5942230789,Bo ne,Da Nang,16.0701223,108.2228896,am-thuc-dia-phuong,False,locations,97,70.00,0,duplicate_reject_or_link,weak_address;missing_image_candidate;duplicate_match,https://www.openstreetmap.org/node/5942230789
318,restaurant,osm-node-5947469388,Pho 139,Da Nang,16.0422624,108.2412865,am-thuc-dia-phuong,False,,,,5,manual_review,weak_address;missing_image_candidate,https://www.openstreetmap.org/node/5947469388
322,restaurant,osm-node-5947469394,bun cha ha noi 58 Thai phien,Da Nang,16.0651171,108.2218944,am-thuc-dia-phuong,False,locations,38,90.00,0,duplicate_reject_or_link,weak_address;missing_image_candidate;duplicate_match,https://www.openstreetmap.org/node/5947469394
327,restaurant,osm-node-5977538086,"Banh xeo, Bun thit nuong k25/16",Da Nang,16.0661084,108.2231021,am-thuc-dia-phuong,False,locations,19,70.00,0,duplicate_reject_or_link,weak_address;missing_image_candidate;duplicate_match,https://www.openstreetmap.org/node/5977538086
330,restaurant,osm-node-5993039994,Bun cha va beo 120,Da Nang,16.0614101,108.2107771,am-thuc-dia-phuong,False,,,,5,manual_review,weak_address;missing_image_candidate,https://www.openstreetmap.org/node/5993039994
332,restaurant,osm-node-6001904585,Bun thit nuong Nga 191,Da Nang,16.0658388,108.2237856,am-thuc-dia-phuong,False,locations,75,70.00,0,duplicate_reject_or_link,weak_address;missing_image_candidate;duplicate_match,https://www.openstreetmap.org/node/6001904585
339,restaurant,osm-node-6109275899,BBQ Grill Roaster,Da Nang,16.048356,108.2466278,am-thuc-dia-phuong,False,,,,5,manual_review,weak_address;missing_image_candidate,https://www.openstreetmap.org/node/6109275899
340,restaurant,osm-node-6109480851,Issun Boshi,Da Nang,16.0489959,108.2467271,am-thuc-dia-phuong,False,locations,48,70.00,0,duplicate_reject_or_link,weak_address;missing_image_candidate;duplicate_match,https://www.openstreetmap.org/node/6109480851
341,restaurant,osm-node-6109480872,Vallhalla GRILL,Da Nang,16.0484563,108.2465774,am-thuc-dia-phuong,False,,,,5,manual_review,weak_address;missing_image_candidate,https://www.openstreetmap.org/node/6109480872
345,restaurant,osm-node-6146772485,Bun Mam Van 20k,Da Nang,16.0667417,108.2170505,am-thuc-dia-phuong,False,,,,5,manual_review,weak_address;missing_image_candidate,https://www.openstreetmap.org/node/6146772485
346,restaurant,osm-node-6146787785,Ba Vui Xoi Ga 25k,Da Nang,16.0641275,108.2210621,am-thuc-dia-phuong,False,locations,53,70.00,0,duplicate_reject_or_link,weak_address;missing_image_candidate;duplicate_match,https://www.openstreetmap.org/node/6146787785
348,restaurant,osm-node-6146805186,Bun Mam Co Loc,Da Nang,16.0675517,108.2201686,am-thuc-dia-phuong,False,,,,5,manual_review,weak_address;missing_image_candidate,https://www.openstreetmap.org/node/6146805186
350,restaurant,osm-node-6146812885,Phu Hong,"19, Duong Yen Bai, Da Nang",16.0691035,108.2229133,am-thuc-dia-phuong,False,locations,84,70.00,2,duplicate_reject_or_link,missing_image_candidate;duplicate_match,https://www.openstreetmap.org/node/6146812885
351,restaurant,osm-node-6146979985,Banh Canh Thu,Da Nang,16.0730481,108.220801,am-thuc-dia-phuong,False,locations,26,70.00,0,duplicate_reject_or_link,weak_address;missing_image_candidate;duplicate_match,https://www.openstreetmap.org/node/6146979985
352,restaurant,osm-node-6146985085,Banh Canh Nga,Da Nang,16.0731703,108.2207901,am-thuc-dia-phuong,False,locations,26,70.00,0,duplicate_reject_or_link,weak_address;missing_image_candidate;duplicate_match,https://www.openstreetmap.org/node/6146985085
355,restaurant,osm-node-6147077585,Banh Beo Ba Be,Da Nang,16.0629478,108.2191193,am-thuc-dia-phuong,False,,,,5,manual_review,weak_address;missing_image_candidate,https://www.openstreetmap.org/node/6147077585
357,restaurant,osm-node-6147083886,Banh Canh Van,Da Nang,16.0600258,108.2183956,am-thuc-dia-phuong,False,,,,5,manual_review,weak_address;missing_image_candidate,https://www.openstreetmap.org/node/6147083886
361,restaurant,osm-node-6147100486,Bun Cha Ca Hon,Da Nang,16.0725373,108.2207906,am-thuc-dia-phuong,False,locations,26,80.00,0,duplicate_reject_or_link,weak_address;missing_image_candidate;duplicate_match,https://www.openstreetmap.org/node/6147100486
362,restaurant,osm-node-6147117085,Bun Mam Ba Dong,Da Nang,16.0574457,108.2181871,am-thuc-dia-phuong,False,,,,5,manual_review,weak_address;missing_image_candidate,https://www.openstreetmap.org/node/6147117085
363,restaurant,osm-node-6147119285,Bun Thit Nuong Ba Trai,Da Nang,16.078513,108.2173327,am-thuc-dia-phuong,False,,,,5,manual_review,weak_address;missing_image_candidate,https://www.openstreetmap.org/node/6147119285
365,restaurant,osm-node-6147253586,Pho Bac 63,Da Nang,16.0761098,108.2157175,am-thuc-dia-phuong,False,,,,5,manual_review,weak_address;missing_image_candidate,https://www.openstreetmap.org/node/6147253586
369,restaurant,osm-node-6151202685,Che Xuan Trang,"31, Le Duan, Da Nang",16.071271,108.2205088,am-thuc-dia-phuong,False,locations,26,70.00,2,duplicate_reject_or_link,missing_image_candidate;duplicate_match,https://www.openstreetmap.org/node/6151202685
374,restaurant,osm-node-6152603585,Oc buou tron Co Ha,"348-352, Ong Ich Khiem, Da Nang",16.0673375,108.2139836,am-thuc-dia-phuong,False,locations,91,70.00,2,duplicate_reject_or_link,missing_image_candidate;duplicate_match,https://www.openstreetmap.org/node/6152603585
387,restaurant,osm-node-6303318585,Local SeaFood Market&Restaurant,Da Nang,16.1014736,108.2582066,am-thuc-dia-phuong,False,,,,5,manual_review,weak_address;missing_image_candidate,https://www.openstreetmap.org/node/6303318585
392,restaurant,osm-node-6357894214,Lotteria,Da Nang,16.0660834,108.2200417,am-thuc-dia-phuong,False,locations,34,70.00,0,duplicate_reject_or_link,weak_address;missing_image_candidate;duplicate_match,https://www.openstreetmap.org/node/6357894214
394,restaurant,osm-node-729406385,Cafe Win,Da Nang,16.0746726,108.2187015,ca-phe-tra-sua,False,,,,5,manual_review,weak_address;missing_image_candidate,https://www.openstreetmap.org/node/729406385
400,restaurant,osm-node-729406391,Cafe Truc Phuong,Da Nang,16.0684586,108.1500026,ca-phe-tra-sua,False,,,,5,manual_review,weak_address;missing_image_candidate,https://www.openstreetmap.org/node/729406391
401,restaurant,osm-node-729406392,Ca Phe 83,Da Nang,16.0785765,108.2193388,ca-phe-tra-sua,False,locations,54,70.00,0,duplicate_reject_or_link,weak_address;missing_image_candidate;duplicate_match,https://www.openstreetmap.org/node/729406392
402,restaurant,osm-node-729406393,Cafe Dong Xanh,Da Nang,16.0640577,108.2208466,ca-phe-tra-sua,False,locations,94,70.00,0,duplicate_reject_or_link,weak_address;missing_image_candidate;duplicate_match,https://www.openstreetmap.org/node/729406393
410,restaurant,osm-node-729406402,Ca Phe Thuan,Da Nang,16.0515981,108.1700044,ca-phe-tra-sua,False,,,,5,manual_review,weak_address;missing_image_candidate,https://www.openstreetmap.org/node/729406402
418,restaurant,osm-node-729406411,AnhLinh Coffee,Da Nang,16.0703982,108.2013201,ca-phe-tra-sua,False,,,,5,manual_review,weak_address;missing_image_candidate,https://www.openstreetmap.org/node/729406411
424,restaurant,osm-node-729406417,AnhLinh Coffee,Da Nang,16.0851302,108.2196914,ca-phe-tra-sua,False,,,,5,manual_review,weak_address;missing_image_candidate,https://www.openstreetmap.org/node/729406417
426,restaurant,osm-node-729406419,324Coffee,Da Nang,16.0569901,108.2128107,ca-phe-tra-sua,False,,,,5,manual_review,weak_address;missing_image_candidate,https://www.openstreetmap.org/node/729406419
428,restaurant,osm-node-729406422,BaoNhi Coffee,Da Nang,16.0822257,108.2399242,ca-phe-tra-sua,False,,,,5,manual_review,weak_address;missing_image_candidate,https://www.openstreetmap.org/node/729406422
438,restaurant,osm-node-729406432,Ca Phe New Life,Da Nang,16.0659805,108.2200312,ca-phe-tra-sua,False,locations,34,70.00,0,duplicate_reject_or_link,weak_address;missing_image_candidate;duplicate_match,https://www.openstreetmap.org/node/729406432
442,restaurant,osm-node-729406437,Ca Phe Chieu Tim,Da Nang,16.0860629,108.2405662,ca-phe-tra-sua,False,,,,5,manual_review,weak_address;missing_image_candidate,https://www.openstreetmap.org/node/729406437
444,restaurant,osm-node-729406439,Cafe153,Da Nang,16.0905214,108.2428407,ca-phe-tra-sua,False,,,,5,manual_review,weak_address;missing_image_candidate,https://www.openstreetmap.org/node/729406439
450,restaurant,osm-node-729406446,Ca Phe Giai Khat Yen Trang,Da Nang,16.0864224,108.2407112,ca-phe-tra-sua,False,,,,5,manual_review,weak_address;missing_image_candidate,https://www.openstreetmap.org/node/729406446
461,restaurant,osm-node-729406457,Ca Phe Paris Da,Da Nang,16.0733682,108.214039,ca-phe-tra-sua,False,,,,5,manual_review,weak_address;missing_image_candidate,https://www.openstreetmap.org/node/729406457
465,restaurant,osm-node-729406461,Ca Phe Trung,Da Nang,16.056491,108.1666315,ca-phe-tra-sua,False,,,,5,manual_review,weak_address;missing_image_candidate,https://www.openstreetmap.org/node/729406461
466,restaurant,osm-node-729406462,Ca Phe Cam Ni,Da Nang,16.0525482,108.1796323,ca-phe-tra-sua,False,,,,5,manual_review,weak_address;missing_image_candidate,https://www.openstreetmap.org/node/729406462
467,restaurant,osm-node-729406463,Ca Phe Bien Nho,Da Nang,16.0559075,108.2444179,ca-phe-tra-sua,False,,,,5,manual_review,weak_address;missing_image_candidate,https://www.openstreetmap.org/node/729406463
469,restaurant,osm-node-729406465,Cafe Giai Khat 417,Da Nang,16.0693105,108.2051503,ca-phe-tra-sua,False,,,,5,manual_review,weak_address;missing_image_candidate,https://www.openstreetmap.org/node/729406465
473,restaurant,osm-node-729406471,55Coffee,Da Nang,16.0733415,108.1775719,ca-phe-tra-sua,False,,,,5,manual_review,weak_address;missing_image_candidate,https://www.openstreetmap.org/node/729406471
477,restaurant,osm-node-729406475,Trung Nguyen Coffee,Da Nang,16.0311905,108.2242256,ca-phe-tra-sua,False,,,,5,manual_review,weak_address;missing_image_candidate,https://www.openstreetmap.org/node/729406475
481,restaurant,osm-node-729406479,Ca Phe May Chieu,Da Nang,16.0344483,108.2238466,ca-phe-tra-sua,False,,,,5,manual_review,weak_address;missing_image_candidate,https://www.openstreetmap.org/node/729406479
482,restaurant,osm-node-729406480,Ca Phe Vuon Noi,Da Nang,16.0478859,108.1814933,ca-phe-tra-sua,False,,,,5,manual_review,weak_address;missing_image_candidate,https://www.openstreetmap.org/node/729406480
486,restaurant,osm-node-729406485,Cafe Yen Nhi,Da Nang,16.0209679,108.2120651,ca-phe-tra-sua,False,,,,5,manual_review,weak_address;missing_image_candidate,https://www.openstreetmap.org/node/729406485
490,restaurant,osm-node-729406490,74Coffee,Da Nang,16.0721044,108.1787467,ca-phe-tra-sua,False,,,,5,manual_review,weak_address;missing_image_candidate,https://www.openstreetmap.org/node/729406490
495,restaurant,osm-node-729406496,Cafe Giai Khat 310,Da Nang,16.0665269,108.2069313,ca-phe-tra-sua,False,,,,5,manual_review,weak_address;missing_image_candidate,https://www.openstreetmap.org/node/729406496
498,restaurant,osm-node-729406500,Ca Phe Thanh Huyen,Da Nang,16.0687947,108.1668088,ca-phe-tra-sua,False,,,,5,manual_review,weak_address;missing_image_candidate,https://www.openstreetmap.org/node/729406500
500,restaurant,osm-node-729406502,Ca Phe Phuong Nam,Da Nang,16.0535155,108.1693858,ca-phe-tra-sua,False,,,,5,manual_review,weak_address;missing_image_candidate,https://www.openstreetmap.org/node/729406502
506,restaurant,osm-node-729406508,Cafe Manila,Da Nang,16.068639,108.1504425,ca-phe-tra-sua,False,,,,5,manual_review,weak_address;missing_image_candidate,https://www.openstreetmap.org/node/729406508
510,restaurant,osm-node-729406512,BaoNgoc Coffee,Da Nang,16.0993814,108.1356382,ca-phe-tra-sua,False,,,,5,manual_review,weak_address;missing_image_candidate,https://www.openstreetmap.org/node/729406512
515,restaurant,osm-node-729406518,Ca Phe Ly Thong,Da Nang,16.0515208,108.1700258,ca-phe-tra-sua,False,,,,5,manual_review,weak_address;missing_image_candidate,https://www.openstreetmap.org/node/729406518
517,restaurant,osm-node-729406520,Ca Phe Phuong Linh,Da Nang,16.0567117,108.1779206,ca-phe-tra-sua,False,,,,5,manual_review,weak_address;missing_image_candidate,https://www.openstreetmap.org/node/729406520
520,restaurant,osm-node-729406524,Cafe Thien Thanh,Da Nang,16.1113228,108.1296022,ca-phe-tra-sua,False,,,,5,manual_review,weak_address;missing_image_candidate,https://www.openstreetmap.org/node/729406524
523,restaurant,osm-node-729406528,Ca Phe Thanh Tuan,Da Nang,16.0516806,108.1699776,ca-phe-tra-sua,False,,,,5,manual_review,weak_address;missing_image_candidate,https://www.openstreetmap.org/node/729406528
529,restaurant,osm-node-729406534,BarCa Phe Quynh Anh,Da Nang,16.0697796,108.2173544,ca-phe-tra-sua,False,,,,5,manual_review,weak_address;missing_image_candidate,https://www.openstreetmap.org/node/729406534
531,restaurant,osm-node-729406536,Cafe Matrix,Da Nang,16.0689122,108.1511345,ca-phe-tra-sua,False,,,,5,manual_review,weak_address;missing_image_candidate,https://www.openstreetmap.org/node/729406536
533,restaurant,osm-node-729406538,Cafe Tay Son,Da Nang,16.068661,108.2087874,ca-phe-tra-sua,False,,,,5,manual_review,weak_address;missing_image_candidate,https://www.openstreetmap.org/node/729406538
545,restaurant,osm-node-729406550,Ca Phe Giai Khat Thanh Van,Da Nang,16.0546458,108.2399741,ca-phe-tra-sua,False,,,,5,manual_review,weak_address;missing_image_candidate,https://www.openstreetmap.org/node/729406550
548,restaurant,osm-node-729406553,BaoTran Coffee,Da Nang,16.0948767,108.2443642,ca-phe-tra-sua,False,,,,5,manual_review,weak_address;missing_image_candidate,https://www.openstreetmap.org/node/729406553
551,restaurant,osm-node-729406556,Ca Phe Thanh Thanh,Da Nang,16.058284,108.1774163,ca-phe-tra-sua,False,,,,5,manual_review,weak_address;missing_image_candidate,https://www.openstreetmap.org/node/729406556
552,restaurant,osm-node-729406557,BachDat Coffee,Da Nang,16.0624685,108.2176904,ca-phe-tra-sua,False,locations,59,80.00,0,duplicate_reject_or_link,weak_address;missing_image_candidate;duplicate_match,https://www.openstreetmap.org/node/729406557
554,restaurant,osm-node-729406559,Ca Phe Van Anh,Da Nang,16.0712642,108.1928766,ca-phe-tra-sua,False,,,,5,manual_review,weak_address;missing_image_candidate,https://www.openstreetmap.org/node/729406559
559,restaurant,osm-node-729406565,Cafe Anh Linh,Da Nang,16.0687243,108.2015572,ca-phe-tra-sua,False,,,,5,manual_review,weak_address;missing_image_candidate,https://www.openstreetmap.org/node/729406565
569,restaurant,osm-node-729406575,Ca Phe Jet,Da Nang,16.059902,108.2123879,ca-phe-tra-sua,False,,,,5,manual_review,weak_address;missing_image_candidate,https://www.openstreetmap.org/node/729406575
571,restaurant,osm-node-729406577,Ca Phe Huong Xuan,Da Nang,16.0569523,108.1673985,ca-phe-tra-sua,False,,,,5,manual_review,weak_address;missing_image_candidate,https://www.openstreetmap.org/node/729406577
574,restaurant,osm-node-729406581,AnhLinh Coffee,Da Nang,16.069094,108.2015631,ca-phe-tra-sua,False,,,,5,manual_review,weak_address;missing_image_candidate,https://www.openstreetmap.org/node/729406581
580,restaurant,osm-node-729406588,42Coffee,Da Nang,16.0645165,108.2097208,ca-phe-tra-sua,False,locations,77,80.00,0,duplicate_reject_or_link,weak_address;missing_image_candidate;duplicate_match,https://www.openstreetmap.org/node/729406588
581,restaurant,osm-node-729406589,Ca Phe Hoang Uyen,Da Nang,16.0682022,108.1937456,ca-phe-tra-sua,False,,,,5,manual_review,weak_address;missing_image_candidate,https://www.openstreetmap.org/node/729406589
583,restaurant,osm-node-729406592,Cafe Giai Khat Loc Vung,Da Nang,16.0710734,108.1433576,ca-phe-tra-sua,False,,,,5,manual_review,weak_address;missing_image_candidate,https://www.openstreetmap.org/node/729406592
585,restaurant,osm-node-729406594,352Coffee,Da Nang,16.0549851,108.218971,ca-phe-tra-sua,False,,,,5,manual_review,weak_address;missing_image_candidate,https://www.openstreetmap.org/node/729406594
592,restaurant,osm-node-729406602,Cafe Thanh Thuy,Da Nang,16.0626452,108.1571871,ca-phe-tra-sua,False,,,,5,manual_review,weak_address;missing_image_candidate,https://www.openstreetmap.org/node/729406602
596,restaurant,osm-node-729406606,Cafe Mat Trang Xanh,Da Nang,16.0628102,108.1567579,ca-phe-tra-sua,False,,,,5,manual_review,weak_address;missing_image_candidate,https://www.openstreetmap.org/node/729406606
598,restaurant,osm-node-729406608,Ca Phe Huong Ngoc Lan,Da Nang,16.0562723,108.1659995,ca-phe-tra-sua,False,,,,5,manual_review,weak_address;missing_image_candidate,https://www.openstreetmap.org/node/729406608
600,restaurant,osm-node-729406610,Ca Phe 54,Da Nang,16.0701198,108.1505084,ca-phe-tra-sua,False,,,,5,manual_review,weak_address;missing_image_candidate,https://www.openstreetmap.org/node/729406610
601,restaurant,osm-node-729406611,Cafe Kieu Diem,Da Nang,16.0705631,108.1479335,ca-phe-tra-sua,False,,,,5,manual_review,weak_address;missing_image_candidate,https://www.openstreetmap.org/node/729406611
603,restaurant,osm-node-729406613,Cafe Hai Quynh,Da Nang,16.0534176,108.2176226,ca-phe-tra-sua,False,,,,5,manual_review,weak_address;missing_image_candidate,https://www.openstreetmap.org/node/729406613
605,restaurant,osm-node-729406615,Ca Phe Hung,Da Nang,16.0784395,108.2184863,ca-phe-tra-sua,False,,,,5,manual_review,weak_address;missing_image_candidate,https://www.openstreetmap.org/node/729406615
608,restaurant,osm-node-729406618,Ca Phe Brown,Da Nang,16.0715138,108.2117833,ca-phe-tra-sua,False,,,,5,manual_review,weak_address;missing_image_candidate,https://www.openstreetmap.org/node/729406618
609,restaurant,osm-node-729406620,Cafe New Style,Da Nang,16.0161779,108.2022267,ca-phe-tra-sua,False,,,,5,manual_review,weak_address;missing_image_candidate,https://www.openstreetmap.org/node/729406620
615,restaurant,osm-node-729406626,Cafe 50,Da Nang,16.0641453,108.2214904,ca-phe-tra-sua,False,locations,53,70.00,0,duplicate_reject_or_link,weak_address;missing_image_candidate;duplicate_match,https://www.openstreetmap.org/node/729406626
618,restaurant,osm-node-729406629,Ca Phe Quynh Huong,Da Nang,16.063238,108.1668484,ca-phe-tra-sua,False,,,,5,manual_review,weak_address;missing_image_candidate,https://www.openstreetmap.org/node/729406629
619,restaurant,osm-node-729406630,Cafe Golden Fish,Da Nang,16.0707745,108.218733,ca-phe-tra-sua,False,,,,5,manual_review,weak_address;missing_image_candidate,https://www.openstreetmap.org/node/729406630
620,restaurant,osm-node-729406632,Ca Phe Trau Cau,Da Nang,16.0711817,108.1550681,ca-phe-tra-sua,False,,,,5,manual_review,weak_address;missing_image_candidate,https://www.openstreetmap.org/node/729406632
621,restaurant,osm-node-729406633,157Coffee,Da Nang,16.0713724,108.2024467,ca-phe-tra-sua,False,,,,5,manual_review,weak_address;missing_image_candidate,https://www.openstreetmap.org/node/729406633
625,restaurant,osm-node-729406637,Cafe Anh,Da Nang,16.0178588,108.2068294,ca-phe-tra-sua,False,,,,5,manual_review,weak_address;missing_image_candidate,https://www.openstreetmap.org/node/729406637
631,restaurant,osm-node-729406643,Ca Phe Legend,Da Nang,16.0516239,108.1699937,ca-phe-tra-sua,False,,,,5,manual_review,weak_address;missing_image_candidate,https://www.openstreetmap.org/node/729406643
641,restaurant,osm-node-729406653,Cafe Den Bin,Da Nang,16.0733879,108.2200581,ca-phe-tra-sua,False,,,,5,manual_review,weak_address;missing_image_candidate,https://www.openstreetmap.org/node/729406653
645,hotel,osm-node-2986079833,Jimy,Da Nang,16.072038,108.2428221,khach-san-homestay,False,locations,49,90.00,0,duplicate_reject_or_link,weak_address;missing_image_candidate;duplicate_match;lodging_manual_review,https://www.openstreetmap.org/node/2986079833
646,hotel,osm-node-2987457465,Danang Riverside,Da Nang,16.0624934,108.2304346,khach-san-homestay,False,,,,5,manual_review,weak_address;missing_image_candidate;lodging_manual_review,https://www.openstreetmap.org/node/2987457465
649,hotel,osm-node-2987524737,Sun River,"132-134-136, Duong Bach Dang, Da Nang",16.067392,108.2248021,khach-san-homestay,False,locations,78,80.00,2,duplicate_reject_or_link,missing_image_candidate;duplicate_match;lodging_manual_review,https://www.openstreetmap.org/node/2987524737
650,hotel,osm-node-2987525036,Avora Hotel,"170, Bach Dang, Da Nang",16.0664261,108.2246379,khach-san-homestay,False,locations,75,90.00,2,duplicate_reject_or_link,missing_image_candidate;duplicate_match;lodging_manual_review,https://www.openstreetmap.org/node/2987525036
651,hotel,osm-node-2987527733,Happy Day,"160, Duong Bach Dang, Da Nang",16.0668209,108.2247629,khach-san-homestay,False,locations,75,80.00,2,duplicate_reject_or_link,missing_image_candidate;duplicate_match;lodging_manual_review,https://www.openstreetmap.org/node/2987527733
653,hotel,osm-node-2987527833,Brilliant Hotel,"162, Duong Bach Dang, Da Nang",16.0666727,108.2247119,khach-san-homestay,False,locations,75,100.00,2,duplicate_reject_or_link,missing_image_candidate;duplicate_match;lodging_manual_review,https://www.openstreetmap.org/node/2987527833
656,hotel,osm-node-2987533633,Hoang Linh,Da Nang,16.0672663,108.2241581,khach-san-homestay,False,locations,44,70.00,0,duplicate_reject_or_link,weak_address;missing_image_candidate;duplicate_match;lodging_manual_review,https://www.openstreetmap.org/node/2987533633
658,hotel,osm-node-3159486161,Funtastic Danang Hostel,Da Nang,16.071774,108.214645,khach-san-homestay,False,,,,5,manual_review,weak_address;missing_image_candidate;lodging_manual_review,https://www.openstreetmap.org/node/3159486161
689,hotel,osm-node-3628308493,Fulmar Hotel,"11, Yen Bai, Da Nang",16.0696685,108.2229641,khach-san-homestay,False,locations,97,70.00,2,duplicate_reject_or_link,missing_image_candidate;duplicate_match;lodging_manual_review,https://www.openstreetmap.org/node/3628308493
690,hotel,osm-node-3630417210,Hoa Viet Hotel,"8, Phan Dinh Phung, Da Nang",16.070395,108.223643,khach-san-homestay,False,locations,97,80.00,2,duplicate_reject_or_link,missing_image_candidate;duplicate_match;lodging_manual_review,https://www.openstreetmap.org/node/3630417210
691,hotel,osm-node-3673190359,Ha Bong Hotel,Da Nang,16.068082,108.2437616,khach-san-homestay,False,locations,51,90.00,0,duplicate_reject_or_link,weak_address;missing_image_candidate;duplicate_match;lodging_manual_review,https://www.openstreetmap.org/node/3673190359
693,hotel,osm-node-3893467765,Funtastic Beach Hostel,Da Nang,16.0683414,108.2438326,khach-san-homestay,False,locations,51,80.00,0,duplicate_reject_or_link,weak_address;missing_image_candidate;duplicate_match;lodging_manual_review,https://www.openstreetmap.org/node/3893467765
700,hotel,osm-node-4299663593,1812 Boutique hostel,Da Nang,16.0694815,108.2424446,khach-san-homestay,False,,,,5,manual_review,weak_address;missing_image_candidate;lodging_manual_review,https://www.openstreetmap.org/node/4299663593
702,hotel,osm-node-4347925793,Truong Son Tung 5,Da Nang,16.0586832,108.2460005,khach-san-homestay,False,locations,66,70.00,0,duplicate_reject_or_link,weak_address;missing_image_candidate;duplicate_match;lodging_manual_review,https://www.openstreetmap.org/node/4347925793
703,hotel,osm-node-4396866289,Da Nang Petro Hotel,Da Nang,16.0752564,108.2226322,khach-san-homestay,False,locations,25,80.00,0,duplicate_reject_or_link,weak_address;missing_image_candidate;duplicate_match;lodging_manual_review,https://www.openstreetmap.org/node/4396866289
709,hotel,osm-node-4580711594,Newsky Hotel,"207, Ho Nghinh, Da Nang",16.06739,108.2433859,khach-san-homestay,False,locations,51,70.00,2,duplicate_reject_or_link,missing_image_candidate;duplicate_match;lodging_manual_review,https://www.openstreetmap.org/node/4580711594
710,hotel,osm-node-4582707890,CaPhe Giai Khat 78,Da Nang,16.0593521,108.2084405,ca-phe-tra-sua,False,,,,5,manual_review,weak_address;missing_image_candidate;lodging_manual_review,https://www.openstreetmap.org/node/4582707890
715,hotel,osm-node-4659470491,Hung binh hotel,Da Nang,16.0824068,108.2204617,khach-san-homestay,False,,,,5,manual_review,weak_address;missing_image_candidate;lodging_manual_review,https://www.openstreetmap.org/node/4659470491
719,hotel,osm-node-4728565395,Gon Go,Da Nang,15.9747831,108.1380052,khach-san-homestay,False,,,,5,manual_review,weak_address;missing_image_candidate;lodging_manual_review,https://www.openstreetmap.org/node/4728565395
720,hotel,osm-node-4755840322,Bookaholic,Da Nang,16.0861573,108.2185184,khach-san-homestay,False,,,,5,manual_review,weak_address;missing_image_candidate;lodging_manual_review,https://www.openstreetmap.org/node/4755840322
723,hotel,osm-node-4862929421,Hachi Hostel,Da Nang,16.0720991,108.2184383,khach-san-homestay,False,,,,5,manual_review,weak_address;missing_image_candidate;lodging_manual_review,https://www.openstreetmap.org/node/4862929421
726,hotel,osm-node-4967908922,Home,Da Nang,15.9798181,108.249729,khach-san-homestay,False,,,,5,manual_review,weak_address;missing_image_candidate;lodging_manual_review,https://www.openstreetmap.org/node/4967908922
733,hotel,osm-node-5295016121,Dang Ha Hotel,Da Nang,16.0744739,108.2416778,khach-san-homestay,False,,,,5,manual_review,weak_address;missing_image_candidate;lodging_manual_review,https://www.openstreetmap.org/node/5295016121
734,hotel,osm-node-5311766223,City Hostel,"114, Yen Bai, Da Nang",16.0655088,108.2223258,khach-san-homestay,False,locations,38,80.00,2,duplicate_reject_or_link,missing_image_candidate;duplicate_match;lodging_manual_review,https://www.openstreetmap.org/node/5311766223
741,hotel,osm-node-5424056421,Kara Beachside hotel,Da Nang,16.0439303,108.2469894,khach-san-homestay,False,,,,5,manual_review,weak_address;missing_image_candidate;lodging_manual_review,https://www.openstreetmap.org/node/5424056421
745,hotel,osm-node-5436574423,HaLo Homestay,"k30/h1/08, Duong Ha Bong, Da Nang",16.0668988,108.2438296,khach-san-homestay,False,locations,51,70.00,2,duplicate_reject_or_link,missing_image_candidate;duplicate_match;lodging_manual_review,https://www.openstreetmap.org/node/5436574423
747,hotel,osm-node-5464674523,Otium hostel danang,"73, Duong Nguyen Chi Thanh, Da Nang",16.0762739,108.2205138,khach-san-homestay,False,locations,46,80.00,2,duplicate_reject_or_link,missing_image_candidate;duplicate_match;lodging_manual_review,https://www.openstreetmap.org/node/5464674523
756,hotel,osm-node-5729312621,hoang kim khach san,Da Nang,16.1308058,108.119611,khach-san-homestay,False,,,,5,manual_review,weak_address;missing_image_candidate;lodging_manual_review,https://www.openstreetmap.org/node/5729312621
757,hotel,osm-node-5762588562,Orchidees,"09, Duong Dinh Nghe, Da Nang",16.068851,108.2441758,khach-san-homestay,False,locations,51,70.00,2,duplicate_reject_or_link,missing_image_candidate;duplicate_match;lodging_manual_review,https://www.openstreetmap.org/node/5762588562
758,hotel,osm-node-5780635953,travidat,"20, Ha Bong, Da Nang",16.067533,108.2443277,khach-san-homestay,False,locations,51,80.00,2,duplicate_reject_or_link,missing_image_candidate;duplicate_match;lodging_manual_review,https://www.openstreetmap.org/node/5780635953
759,hotel,osm-node-5780795147,Dreamy House,"k30/3, Ha Bong, Son Tra, Da Nang",16.067078,108.2438459,khach-san-homestay,False,locations,51,70.00,2,duplicate_reject_or_link,missing_image_candidate;duplicate_match;lodging_manual_review,https://www.openstreetmap.org/node/5780795147
760,hotel,osm-node-5815719653,Stingray hostel,"15-17, Nguyen Van Linh, Da Nang",16.0608725,108.2216027,khach-san-homestay,False,locations,93,70.00,2,duplicate_reject_or_link,missing_image_candidate;duplicate_match;lodging_manual_review,https://www.openstreetmap.org/node/5815719653
762,hotel,osm-node-5818616054,City Hostel Danang,"114, Yen Bai, Da Nang",16.0653434,108.2223565,khach-san-homestay,False,locations,38,80.00,2,duplicate_reject_or_link,missing_image_candidate;duplicate_match;lodging_manual_review,https://www.openstreetmap.org/node/5818616054
770,hotel,osm-node-6332534540,Elena,Da Nang,16.0488744,108.2483821,khach-san-homestay,False,,,,5,manual_review,weak_address;missing_image_candidate;lodging_manual_review,https://www.openstreetmap.org/node/6332534540
773,hotel,osm-node-6332534548,Angel Hotels,Da Nang,16.0486026,108.2481857,khach-san-homestay,False,,,,5,manual_review,weak_address;missing_image_candidate;lodging_manual_review,https://www.openstreetmap.org/node/6332534548
778,hotel,osm-node-6518732280,New Orient Hotel,"20, Duong Dong Da, Da Nang",16.0825866,108.2214313,khach-san-homestay,False,locations,43,70.00,2,duplicate_reject_or_link,missing_image_candidate;duplicate_match;lodging_manual_review,https://www.openstreetmap.org/node/6518732280
788,hotel,osm-node-6643623494,D&C Hotel,Da Nang,16.0661345,108.2310854,khach-san-homestay,False,,,,5,manual_review,weak_address;missing_image_candidate;lodging_manual_review,https://www.openstreetmap.org/node/6643623494
793,hotel,osm-node-6976178456,Dreams Hotel,Da Nang,16.0420845,108.248275,khach-san-homestay,False,,,,5,manual_review,weak_address;missing_image_candidate;lodging_manual_review,https://www.openstreetmap.org/node/6976178456
796,hotel,osm-node-7079687848,FC Hotel & Coffee,Da Nang,16.0697171,108.2241967,khach-san-homestay,False,locations,97,80.00,0,duplicate_reject_or_link,weak_address;missing_image_candidate;duplicate_match;lodging_manual_review,https://www.openstreetmap.org/node/7079687848
799,hotel,osm-node-7095281754,Dai A,Da Nang,16.065957,108.2226034,khach-san-homestay,False,locations,52,70.00,0,duplicate_reject_or_link,weak_address;missing_image_candidate;duplicate_match;lodging_manual_review,https://www.openstreetmap.org/node/7095281754
801,hotel,osm-node-7103226711,Tulip Hotel,"58, Tran Phu, Da Nang",16.0706895,108.2238849,khach-san-homestay,False,locations,95,80.00,2,duplicate_reject_or_link,missing_image_candidate;duplicate_match;lodging_manual_review,https://www.openstreetmap.org/node/7103226711
802,hotel,osm-node-7105401510,Evelyn Hotel,Da Nang,16.0687296,108.2240722,khach-san-homestay,False,locations,84,80.00,0,duplicate_reject_or_link,weak_address;missing_image_candidate;duplicate_match;lodging_manual_review,https://www.openstreetmap.org/node/7105401510
803,hotel,osm-node-7116041302,Fivitel Boutique da nang,"202, Da Nang",16.0643682,108.2206297,khach-san-homestay,False,locations,34,70.00,2,duplicate_reject_or_link,missing_image_candidate;duplicate_match;lodging_manual_review,https://www.openstreetmap.org/node/7116041302
806,hotel,osm-node-7608069985,Gia Bao Homestay,Da Nang,16.0393074,108.2476055,khach-san-homestay,False,,,,5,manual_review,weak_address;missing_image_candidate;lodging_manual_review,https://www.openstreetmap.org/node/7608069985
810,hotel,osm-node-9921305987,Huy Hoang Hotel,Da Nang,16.0721459,108.1939154,khach-san-homestay,False,,,,5,manual_review,weak_address;missing_image_candidate;lodging_manual_review,https://www.openstreetmap.org/node/9921305987
818,hotel,osm-node-10600854557,The Memory - Danang,Da Nang,16.0669994,108.2430093,khach-san-homestay,False,,,,5,manual_review,weak_address;missing_image_candidate;lodging_manual_review,https://www.openstreetmap.org/node/10600854557
824,hotel,osm-node-11423755656,Hotel de Marseille,Da Nang,15.9969473,107.9880352,khach-san-homestay,False,,,,5,manual_review,weak_address;missing_image_candidate;lodging_manual_review,https://www.openstreetmap.org/node/11423755656
825,hotel,osm-node-11423815712,Hotel de Strasbourg,Da Nang,15.9972684,107.9867889,khach-san-homestay,False,,,,5,manual_review,weak_address;missing_image_candidate;lodging_manual_review,https://www.openstreetmap.org/node/11423815712
826,hotel,osm-node-11427607734,Hotel de Paris,Da Nang,15.9975206,107.987915,khach-san-homestay,False,,,,5,manual_review,weak_address;missing_image_candidate;lodging_manual_review,https://www.openstreetmap.org/node/11427607734
828,hotel,osm-node-11530773064,Khach San Sea Castle Hotel Sea Castle Hotel,"171, Ho Nghinh, Da Nang",16.0683117,108.243309,khach-san-homestay,False,locations,51,70.00,2,duplicate_reject_or_link,missing_image_candidate;duplicate_match;lodging_manual_review,https://www.openstreetmap.org/node/11530773064
831,hotel,osm-node-11684508969,Jolias House,"1, Kiet 498 Vo Nguyen Giap, Da Nang",16.0383857,108.2497851,khach-san-homestay,False,locations,7,80.00,2,duplicate_reject_or_link,missing_image_candidate;duplicate_match;lodging_manual_review,https://www.openstreetmap.org/node/11684508969
833,hotel,osm-node-11878409048,Haka Boutique Hotel,Da Nang,16.0789591,108.2446667,khach-san-homestay,False,,,,5,manual_review,weak_address;missing_image_candidate;lodging_manual_review,https://www.openstreetmap.org/node/11878409048
838,hotel,osm-node-11896424870,Da nang beach hotel,Da Nang,16.0529309,108.244791,khach-san-homestay,False,,,,5,manual_review,weak_address;missing_image_candidate;lodging_manual_review,https://www.openstreetmap.org/node/11896424870
839,hotel,osm-node-11896430969,Dream house homestay,Da Nang,16.0498482,108.2450698,khach-san-homestay,False,locations,37,90.00,0,duplicate_reject_or_link,weak_address;missing_image_candidate;duplicate_match;lodging_manual_review,https://www.openstreetmap.org/node/11896430969
842,hotel,osm-node-11934076219,Dr. Dan Hotel & Apartment,Da Nang,16.1055133,108.2594805,khach-san-homestay,False,,,,5,manual_review,weak_address;missing_image_candidate;lodging_manual_review,https://www.openstreetmap.org/node/11934076219
844,hotel,osm-node-11938896470,Fusion Resort & Villas,Da Nang,15.9724202,108.2822877,khach-san-homestay,False,,,,5,manual_review,weak_address;missing_image_candidate;lodging_manual_review,https://www.openstreetmap.org/node/11938896470
846,hotel,osm-node-12093910501,Bay Capital Da Nang Hotel,"17, Duong Quang Trung, Da Nang",16.0750141,108.221755,khach-san-homestay,False,locations,25,70.00,2,duplicate_reject_or_link,missing_image_candidate;duplicate_match;lodging_manual_review,https://www.openstreetmap.org/node/12093910501
852,hotel,osm-node-12114300901,Zuka Hotel & Apartments,"09, Kiet 35 Duong Dinh Nghe, Da Nang",16.0677368,108.2436651,khach-san-homestay,False,locations,51,80.00,2,duplicate_reject_or_link,missing_image_candidate;duplicate_match;lodging_manual_review,https://www.openstreetmap.org/node/12114300901
854,hotel,osm-node-12121684001,Alibaba,"168, Duong Ho Nghinh, Da Nang",16.0720626,108.2428897,khach-san-homestay,False,locations,49,90.00,2,duplicate_reject_or_link,missing_image_candidate;duplicate_match;lodging_manual_review,https://www.openstreetmap.org/node/12121684001
856,hotel,osm-node-12133395101,Grand Sea View Hotel,"121, Duong Hoang Ke Viem, Da Nang",16.0499198,108.2471017,khach-san-homestay,False,locations,48,70.00,2,duplicate_reject_or_link,missing_image_candidate;duplicate_match;lodging_manual_review,https://www.openstreetmap.org/node/12133395101
862,hotel,osm-node-12164803912,Baan Taley Da Nang,Da Nang,16.0509565,108.2466457,khach-san-homestay,False,locations,88,80.00,0,duplicate_reject_or_link,weak_address;missing_image_candidate;duplicate_match;lodging_manual_review,https://www.openstreetmap.org/node/12164803912
866,hotel,osm-node-12167609734,Do Hai,Da Nang,16.0601454,108.2139664,khach-san-homestay,False,,,,5,manual_review,weak_address;missing_image_candidate;lodging_manual_review,https://www.openstreetmap.org/node/12167609734
868,hotel,osm-node-12167716639,Hiyori Garden Tower,Da Nang,16.0613917,108.2353554,khach-san-homestay,False,,,,5,manual_review,weak_address;missing_image_candidate;lodging_manual_review,https://www.openstreetmap.org/node/12167716639
869,hotel,osm-node-12167716640,Gemma,Da Nang,16.0615288,108.2364112,khach-san-homestay,False,,,,5,manual_review,weak_address;missing_image_candidate;lodging_manual_review,https://www.openstreetmap.org/node/12167716640
870,hotel,osm-node-12167716642,Khanh Vinh,Da Nang,16.0621372,108.2373514,khach-san-homestay,False,,,,5,manual_review,weak_address;missing_image_candidate;lodging_manual_review,https://www.openstreetmap.org/node/12167716642
871,hotel,osm-node-12167716643,Calix,Da Nang,16.0617296,108.2373536,khach-san-homestay,False,,,,5,manual_review,weak_address;missing_image_candidate;lodging_manual_review,https://www.openstreetmap.org/node/12167716643
875,hotel,osm-node-12167891403,Golden Sun,Da Nang,16.0627565,108.242083,khach-san-homestay,False,,,,5,manual_review,weak_address;missing_image_candidate;lodging_manual_review,https://www.openstreetmap.org/node/12167891403
876,hotel,osm-node-12167891417,Arrive Apartment,Da Nang,16.0621868,108.2454565,khach-san-homestay,False,,,,5,manual_review,weak_address;missing_image_candidate;lodging_manual_review,https://www.openstreetmap.org/node/12167891417
877,hotel,osm-node-12167891418,An House,Da Nang,16.0619012,108.2452014,khach-san-homestay,False,,,,5,manual_review,weak_address;missing_image_candidate;lodging_manual_review,https://www.openstreetmap.org/node/12167891418
878,hotel,osm-node-12167891419,K House,Da Nang,16.0615602,108.2452591,khach-san-homestay,False,,,,5,manual_review,weak_address;missing_image_candidate;lodging_manual_review,https://www.openstreetmap.org/node/12167891419
879,hotel,osm-node-12168408886,Ecogreen Boutique,Da Nang,16.0495831,108.2467755,khach-san-homestay,False,locations,48,70.00,0,duplicate_reject_or_link,weak_address;missing_image_candidate;duplicate_match;lodging_manual_review,https://www.openstreetmap.org/node/12168408886
882,hotel,osm-node-12168408897,Calla Lily,Da Nang,16.0490512,108.2467206,khach-san-homestay,False,locations,48,70.00,0,duplicate_reject_or_link,weak_address;missing_image_candidate;duplicate_match;lodging_manual_review,https://www.openstreetmap.org/node/12168408897
884,location,osm-node-2093848427,Hoa Son,Da Nang,15.9984266,108.2560076,hang-dong-nui-non,False,,,,5,manual_review,weak_address;missing_image_candidate,https://www.openstreetmap.org/node/2093848427
885,location,osm-node-2093848429,Kim Son,Da Nang,15.9997446,108.2562213,hang-dong-nui-non,False,,,,5,manual_review,weak_address;missing_image_candidate,https://www.openstreetmap.org/node/2093848429
886,location,osm-node-2093848431,Moc Son,Da Nang,16.0000029,108.2621751,hang-dong-nui-non,False,,,,5,manual_review,weak_address;missing_image_candidate,https://www.openstreetmap.org/node/2093848431
888,location,osm-node-4122433690,Nui Ba Na,Da Nang,15.9982174,107.9856335,hang-dong-nui-non,False,,,,5,manual_review,weak_address;missing_image_candidate,https://www.openstreetmap.org/node/4122433690
889,location,osm-node-4347089780,My An Beach,Da Nang,16.025095,108.2595335,check-in-noi-tieng,False,,,,5,manual_review,weak_address;missing_image_candidate,https://www.openstreetmap.org/node/4347089780
890,location,osm-node-10303626687,Nui Phuoc Tuong,Da Nang,16.0277351,108.1647027,hang-dong-nui-non,False,,,,5,manual_review,weak_address;missing_image_candidate,https://www.openstreetmap.org/node/10303626687
891,location,osm-node-10303626688,Nui Cam Khe,Da Nang,16.0349223,108.1622001,hang-dong-nui-non,False,,,,5,manual_review,weak_address;missing_image_candidate,https://www.openstreetmap.org/node/10303626688
892,location,osm-node-10892129283,Nui Dong Den,Da Nang,16.1073907,108.0386388,hang-dong-nui-non,False,,,,5,manual_review,weak_address;missing_image_candidate,https://www.openstreetmap.org/node/10892129283
893,location,osm-node-11629841009,Nui Khe Xuong,Da Nang,16.0647808,107.9641938,hang-dong-nui-non,False,,,,5,manual_review,weak_address;missing_image_candidate,https://www.openstreetmap.org/node/11629841009
894,location,osm-node-11629996926,Nui Hai Van,Da Nang,16.1922104,108.136611,hang-dong-nui-non,False,,,,5,manual_review,weak_address;missing_image_candidate,https://www.openstreetmap.org/node/11629996926
895,location,osm-node-11630013743,Nui Hoi,Da Nang,16.1836944,108.1097027,hang-dong-nui-non,False,,,,5,manual_review,weak_address;missing_image_candidate,https://www.openstreetmap.org/node/11630013743
896,location,osm-node-11762365155,Nui Hong Chan,Da Nang,16.1936801,107.9687946,hang-dong-nui-non,False,,,,5,manual_review,weak_address;missing_image_candidate,https://www.openstreetmap.org/node/11762365155
898,location,osm-node-13040467529,Bai Da,Da Nang,16.0988527,108.3012745,check-in-noi-tieng,False,,,,5,manual_review,weak_address;missing_image_candidate,https://www.openstreetmap.org/node/13040467529
900,location,osm-way-508243736,Bai Ham,Da Nang,16.1505237,108.1373248,check-in-noi-tieng,False,,,,5,manual_review,weak_address;missing_image_candidate,https://www.openstreetmap.org/way/508243736
901,location,osm-way-508244759,Bai Xoan,Da Nang,16.1665742,108.1509793,check-in-noi-tieng,False,,,,5,manual_review,weak_address;missing_image_candidate,https://www.openstreetmap.org/way/508244759
906,location,osm-way-834419904,Khu giai tri truoc Uy ban Quan,Da Nang,16.072269,108.1590818,cong-vien-vuon-hoa,False,,,,5,manual_review,weak_address;missing_image_candidate,https://www.openstreetmap.org/way/834419904
907,location,osm-way-834422404,EKOCENTER playground,Da Nang,16.0741088,108.1700083,cong-vien-vuon-hoa,False,,,,5,manual_review,weak_address;missing_image_candidate,https://www.openstreetmap.org/way/834422404
909,location,osm-way-961973763,Cong vien Dam Rong,Da Nang,16.0835868,108.2178648,cong-vien-vuon-hoa,False,,,,5,manual_review,weak_address;missing_image_candidate,https://www.openstreetmap.org/way/961973763
910,location,osm-way-961973996,Cong vien Thanh Binh,Da Nang,16.0794713,108.2118706,cong-vien-vuon-hoa,False,,,,5,manual_review,weak_address;missing_image_candidate,https://www.openstreetmap.org/way/961973996
911,location,osm-way-962129075,Cong vien Ha Than,Da Nang,16.0649082,108.2318255,cong-vien-vuon-hoa,False,,,,5,manual_review,weak_address;missing_image_candidate,https://www.openstreetmap.org/way/962129075
912,location,osm-way-962129076,Cong vien An Hai,Da Nang,16.0815021,108.2303846,cong-vien-vuon-hoa,False,,,,5,manual_review,weak_address;missing_image_candidate,https://www.openstreetmap.org/way/962129076
913,location,osm-way-962129077,Cong vien An Nhon,Da Nang,16.0688547,108.2330704,cong-vien-vuon-hoa,False,,,,5,manual_review,weak_address;missing_image_candidate,https://www.openstreetmap.org/way/962129077
914,location,osm-way-962129078,Cong vien An Nhon,Da Nang,16.0680608,108.2342877,cong-vien-vuon-hoa,False,,,,5,manual_review,weak_address;missing_image_candidate,https://www.openstreetmap.org/way/962129078
915,location,osm-way-962129079,Cong vien K20,Da Nang,16.0225341,108.2430172,cong-vien-vuon-hoa,False,,,,5,manual_review,weak_address;missing_image_candidate,https://www.openstreetmap.org/way/962129079
916,location,osm-way-962130353,Cong vien Ho Nghinh,Da Nang,16.0762001,108.2424022,cong-vien-vuon-hoa,False,,,,5,manual_review,weak_address;missing_image_candidate,https://www.openstreetmap.org/way/962130353
917,location,osm-way-962134784,Cong vien Le Co,Da Nang,16.043477,108.2195746,cong-vien-vuon-hoa,False,,,,5,manual_review,weak_address;missing_image_candidate,https://www.openstreetmap.org/way/962134784
918,location,osm-way-962134785,Quang truong Tuong Dai,Da Nang,16.0654551,108.1536394,cong-vien-vuon-hoa,False,,,,5,manual_review,weak_address;missing_image_candidate,https://www.openstreetmap.org/way/962134785
919,location,osm-way-966750005,Cong vien Thanh Nien,Da Nang,16.0271335,108.2165342,cong-vien-vuon-hoa,False,,,,5,manual_review,weak_address;missing_image_candidate,https://www.openstreetmap.org/way/966750005
921,location,osm-way-1115788711,Cong vien Ngu Hanh,Da Nang,15.9973138,108.251079,cong-vien-vuon-hoa,False,,,,5,manual_review,weak_address;missing_image_candidate,https://www.openstreetmap.org/way/1115788711
922,location,osm-way-1115791518,Cong vien Co Co,Da Nang,16.002063,108.2500102,cong-vien-vuon-hoa,False,,,,5,manual_review,weak_address;missing_image_candidate,https://www.openstreetmap.org/way/1115791518
923,location,osm-way-1115795402,Cong vien Dam Sen,Da Nang,15.9997561,108.2516007,cong-vien-vuon-hoa,False,,,,5,manual_review,weak_address;missing_image_candidate,https://www.openstreetmap.org/way/1115795402
924,location,osm-way-1169531150,Cong vien Hoi Kieng,Da Nang,16.0053772,108.244771,cong-vien-vuon-hoa,False,,,,5,manual_review,weak_address;missing_image_candidate,https://www.openstreetmap.org/way/1169531150
926,location,osm-way-1205391949,Bai bien Tan Tra,Da Nang,15.9840305,108.2799055,check-in-noi-tieng,False,,,,5,manual_review,weak_address;missing_image_candidate,https://www.openstreetmap.org/way/1205391949
928,location,osm-way-1252368755,Cong vien cau Bo Quan,Da Nang,16.0117056,108.2463408,cong-vien-vuon-hoa,False,,,,5,manual_review,weak_address;missing_image_candidate,https://www.openstreetmap.org/way/1252368755
929,location,osm-way-1252486503,Cong vien Bo Quan,Da Nang,16.0146753,108.2386636,cong-vien-vuon-hoa,False,,,,5,manual_review,weak_address;missing_image_candidate,https://www.openstreetmap.org/way/1252486503
931,location,osm-way-1265740821,Cat Vang Beach,Da Nang,16.1426647,108.2315842,check-in-noi-tieng,False,,,,5,manual_review,weak_address;missing_image_candidate,https://www.openstreetmap.org/way/1265740821
932,location,osm-way-1265740825,Small Secluded Beach,Da Nang,16.1473544,108.2310868,check-in-noi-tieng,False,,,,5,manual_review,weak_address;missing_image_candidate,https://www.openstreetmap.org/way/1265740825
933,location,osm-way-1330726238,Bai bien Bac,Da Nang,16.123965,108.3079479,check-in-noi-tieng,False,,,,5,manual_review,weak_address;missing_image_candidate,https://www.openstreetmap.org/way/1330726238
935,location,osm-way-1384907056,Cong vien Nam Duong,Da Nang,16.0604251,108.2174928,cong-vien-vuon-hoa,False,,,,5,manual_review,weak_address;missing_image_candidate,https://www.openstreetmap.org/way/1384907056
936,location,osm-way-1384911812,Cong vien Nhu Nguyet,Da Nang,16.0906977,108.219673,cong-vien-vuon-hoa,False,locations,81,70.00,0,duplicate_reject_or_link,weak_address;missing_image_candidate;duplicate_match,https://www.openstreetmap.org/way/1384911812
937,location,osm-way-1415072215,Bai Sung Co,Da Nang,16.1903109,108.1559182,check-in-noi-tieng,False,,,,5,manual_review,weak_address;missing_image_candidate,https://www.openstreetmap.org/way/1415072215
938,location,osm-way-1415072216,Bai Ba Da,Da Nang,16.1939524,108.16435,check-in-noi-tieng,False,,,,5,manual_review,weak_address;missing_image_candidate,https://www.openstreetmap.org/way/1415072216
939,location,osm-relation-7055216,Rung dac dung Son Tra,Da Nang,16.1257063,108.279626,cong-vien-vuon-hoa,False,,,,5,manual_review,weak_address;missing_image_candidate,https://www.openstreetmap.org/relation/7055216
940,location,osm-relation-13129586,Rung dac dung Ba Na - Nui Chua,Da Nang,16.0868357,107.9285462,cong-vien-vuon-hoa,False,,,,5,manual_review,weak_address;missing_image_candidate,https://www.openstreetmap.org/relation/13129586
