id,name,slug,status,address,district,ward,latitude,longitude,phone,website,opening_hours,price_min,price_max,avg_rating,review_count,thumbnail,images,category_name,category_slug,review_score,review_bucket,review_reasons
113,139nguyen ducedm,139nguyen-ducedm,inactive,"139, Nguyen duc chung, Da Nang",Da Nang,,16.06281500,108.21016330,,,,,,0.00,0,https://res.cloudinary.com/dmukxquza/image/upload/v1780559280/danangtrip/locations/139nguyen-ducedm/loc-113__139nguyen-ducedm__p01.jpg,"[""https://res.cloudinary.com/dmukxquza/image/upload/v1780559280/danangtrip/locations/139nguyen-ducedm/loc-113__139nguyen-ducedm__p01.jpg""]",Khách sạn & Homestay,khach-san-homestay,7,manual_lodging_review,lodging_needs_manual_review
114,4 Seasons Danang Hostel,4-seasons-danang-hostel,inactive,"69, Chau Thi Vinh Te, Ngu Hanh Son District, Danang",Ngu Hanh Son District,,16.05093900,108.24040080,,,,,,0.00,0,https://res.cloudinary.com/dmukxquza/image/upload/v1780559283/danangtrip/locations/4-seasons-danang-hostel/loc-114__4-seasons-danang-hostel__p01.jpg,"[""https://res.cloudinary.com/dmukxquza/image/upload/v1780559283/danangtrip/locations/4-seasons-danang-hostel/loc-114__4-seasons-danang-hostel__p01.jpg""]",Khách sạn & Homestay,khach-san-homestay,7,manual_lodging_review,lodging_needs_manual_review
117,Adela,adela,inactive,"10, Duong An Thuong 36, Da Nang",Da Nang,,16.05291700,108.24405740,,,,,,0.00,0,https://res.cloudinary.com/dmukxquza/image/upload/v1780559292/danangtrip/locations/adela/loc-117__adela__p01.jpg,"[""https://res.cloudinary.com/dmukxquza/image/upload/v1780559292/danangtrip/locations/adela/loc-117__adela__p01.jpg""]",Khách sạn & Homestay,khach-san-homestay,7,manual_lodging_review,lodging_needs_manual_review
118,Altara Suites,altara-suites,inactive,"120, Da Nang",Da Nang,,16.07774380,108.24513650,,http://altarasuites.com,,,,0.00,0,https://res.cloudinary.com/dmukxquza/image/upload/v1780559329/danangtrip/locations/altara-suites/loc-118__altara-suites__p01.jpg,"[""https://res.cloudinary.com/dmukxquza/image/upload/v1780559329/danangtrip/locations/altara-suites/loc-118__altara-suites__p01.jpg""]",Khách sạn & Homestay,khach-san-homestay,7,manual_lodging_review,lodging_needs_manual_review
119,Alyssa hotel,alyssa-hotel,inactive,"109D, Duong Duong Dinh Nghe, Da Nang",Da Nang,,16.06866590,108.23882730,,,,,,0.00,0,https://res.cloudinary.com/dmukxquza/image/upload/v1780559332/danangtrip/locations/alyssa-hotel/loc-119__alyssa-hotel__p01.jpg,"[""https://res.cloudinary.com/dmukxquza/image/upload/v1780559332/danangtrip/locations/alyssa-hotel/loc-119__alyssa-hotel__p01.jpg""]",Khách sạn & Homestay,khach-san-homestay,7,manual_lodging_review,lodging_needs_manual_review
120,Aria Da Nang,aria-da-nang,inactive,"02, Duong Truong Sa, Ngu Hanh Son, Da Nang",Ngu Hanh Son,,15.98965940,108.27233350,,https://www.facebook.com/CanhobietthucaocapAriaDaNang,,,,0.00,0,https://res.cloudinary.com/dmukxquza/image/upload/v1780559335/danangtrip/locations/aria-da-nang/loc-120__aria-da-nang__p01.jpg,"[""https://res.cloudinary.com/dmukxquza/image/upload/v1780559335/danangtrip/locations/aria-da-nang/loc-120__aria-da-nang__p01.jpg""]",Khách sạn & Homestay,khach-san-homestay,7,manual_lodging_review,lodging_needs_manual_review
137,Barney's Danang Backpacker's Hostel,barney-s-danang-backpacker-s-hostel,inactive,"169, Tran Hung Dao, Da Nang",Da Nang,,16.07892410,108.22896490,,http://www.barneyhostel.com,"{""raw"": ""Mo-Su 07:00-22:30""}",,,0.00,0,https://res.cloudinary.com/dmukxquza/image/upload/v1780559381/danangtrip/locations/barney-s-danang-backpacker-s-hostel/loc-137__barney-s-danang-backpacker-s-hostel__p01.jpg,"[""https://res.cloudinary.com/dmukxquza/image/upload/v1780559381/danangtrip/locations/barney-s-danang-backpacker-s-hostel/loc-137__barney-s-danang-backpacker-s-hostel__p01.jpg""]",Khách sạn & Homestay,khach-san-homestay,7,manual_lodging_review,lodging_needs_manual_review
140,bella boutique Villa,bella-boutique-villa,inactive,"29, Do The Chap, Son Tra, Da Nang",Son Tra,,16.07775880,108.24441520,,,,,,0.00,0,https://res.cloudinary.com/dmukxquza/image/upload/v1780559390/danangtrip/locations/bella-boutique-villa/loc-140__bella-boutique-villa__p01.jpg,"[""https://res.cloudinary.com/dmukxquza/image/upload/v1780559390/danangtrip/locations/bella-boutique-villa/loc-140__bella-boutique-villa__p01.jpg""]",Khách sạn & Homestay,khach-san-homestay,7,manual_lodging_review,lodging_needs_manual_review
141,Bien Vang Hotel,bien-vang-hotel,inactive,"Pham Van Dong, Da Nang",Da Nang,,16.07092630,108.23526010,,,,,,0.00,0,https://res.cloudinary.com/dmukxquza/image/upload/v1780559392/danangtrip/locations/bien-vang-hotel/loc-141__bien-vang-hotel__p01.jpg,"[""https://res.cloudinary.com/dmukxquza/image/upload/v1780559392/danangtrip/locations/bien-vang-hotel/loc-141__bien-vang-hotel__p01.jpg""]",Khách sạn & Homestay,khach-san-homestay,7,manual_lodging_review,lodging_needs_manual_review
156,Cents Hotel,cents-hotel,inactive,"108, Cao Ba Quat, Da Nang",Da Nang,,16.06284840,108.23065580,,,,,,0.00,0,https://res.cloudinary.com/dmukxquza/image/upload/v1780559434/danangtrip/locations/cents-hotel/loc-156__cents-hotel__p01.jpg,"[""https://res.cloudinary.com/dmukxquza/image/upload/v1780559434/danangtrip/locations/cents-hotel/loc-156__cents-hotel__p01.jpg""]",Khách sạn & Homestay,khach-san-homestay,7,manual_lodging_review,lodging_needs_manual_review
157,ChaChi homestay,chachi-homestay,inactive,"06, Kiet 15 Luong The Vinh, Son Tra, Da Nang",Son Tra,,16.06388240,108.23431620,,,,,,0.00,0,https://res.cloudinary.com/dmukxquza/image/upload/v1780559437/danangtrip/locations/chachi-homestay/loc-157__chachi-homestay__p01.jpg,"[""https://res.cloudinary.com/dmukxquza/image/upload/v1780559437/danangtrip/locations/chachi-homestay/loc-157__chachi-homestay__p01.jpg""]",Khách sạn & Homestay,khach-san-homestay,7,manual_lodging_review,lodging_needs_manual_review
160,Cherry Hotel & Apartments,cherry-hotel-apartments,inactive,"20, Duong Do Bi, Da Nang",Da Nang,,16.05438340,108.24581710,,,,,,0.00,0,https://res.cloudinary.com/dmukxquza/image/upload/v1780559446/danangtrip/locations/cherry-hotel-apartments/loc-160__cherry-hotel-apartments__p01.jpg,"[""https://res.cloudinary.com/dmukxquza/image/upload/v1780559446/danangtrip/locations/cherry-hotel-apartments/loc-160__cherry-hotel-apartments__p01.jpg""]",Khách sạn & Homestay,khach-san-homestay,7,manual_lodging_review,lodging_needs_manual_review
161,Chi Hoa,chi-hoa,inactive,"52, Bac Dau, Da Nang",Da Nang,,16.07590940,108.21080490,,,,,,0.00,0,https://res.cloudinary.com/dmukxquza/image/upload/v1780559449/danangtrip/locations/chi-hoa/loc-161__chi-hoa__p01.jpg,"[""https://res.cloudinary.com/dmukxquza/image/upload/v1780559449/danangtrip/locations/chi-hoa/loc-161__chi-hoa__p01.jpg""]",Khách sạn & Homestay,khach-san-homestay,7,manual_lodging_review,lodging_needs_manual_review
162,Chi House Hotel & Apartment,chi-house-hotel-apartment,inactive,"42, Duong Lam Hoanh, Da Nang",Da Nang,,16.06173240,108.24520050,,https://chihousedanang.com/,,,,0.00,0,https://res.cloudinary.com/dmukxquza/image/upload/v1780559452/danangtrip/locations/chi-house-hotel-apartment/loc-162__chi-house-hotel-apartment__p01.jpg,"[""https://res.cloudinary.com/dmukxquza/image/upload/v1780559452/danangtrip/locations/chi-house-hotel-apartment/loc-162__chi-house-hotel-apartment__p01.jpg""]",Khách sạn & Homestay,khach-san-homestay,7,manual_lodging_review,lodging_needs_manual_review
163,ChiPa Homestay,chipa-homestay,inactive,"1A, Duong Pham Van Nghi, Da Nang",Da Nang,,16.05893810,108.20946020,,,,,,0.00,0,https://res.cloudinary.com/dmukxquza/image/upload/v1780559455/danangtrip/locations/chipa-homestay/loc-163__chipa-homestay__p01.jpg,"[""https://res.cloudinary.com/dmukxquza/image/upload/v1780559455/danangtrip/locations/chipa-homestay/loc-163__chipa-homestay__p01.jpg""]",Khách sạn & Homestay,khach-san-homestay,7,manual_lodging_review,lodging_needs_manual_review
170,Dai Long hotel,dai-long-hotel,inactive,"194, Duong Ha Huy Tap, Da Nang",Da Nang,,16.06237710,108.19188610,,,,,,0.00,0,https://res.cloudinary.com/dmukxquza/image/upload/v1780559476/danangtrip/locations/dai-long-hotel/loc-170__dai-long-hotel__p01.jpg,"[""https://res.cloudinary.com/dmukxquza/image/upload/v1780559476/danangtrip/locations/dai-long-hotel/loc-170__dai-long-hotel__p01.jpg""]",Khách sạn & Homestay,khach-san-homestay,7,manual_lodging_review,lodging_needs_manual_review
171,Dan Oasis Hotel,dan-oasis-hotel,inactive,"A2.3, Hoang Sa, Son Tra, Da Nang",Son Tra,,16.09549440,108.25202720,+84 2363 925688,http://www.danoasis.com/,,,,0.00,0,https://res.cloudinary.com/dmukxquza/image/upload/v1780559479/danangtrip/locations/dan-oasis-hotel/loc-171__dan-oasis-hotel__p01.jpg,"[""https://res.cloudinary.com/dmukxquza/image/upload/v1780559479/danangtrip/locations/dan-oasis-hotel/loc-171__dan-oasis-hotel__p01.jpg""]",Khách sạn & Homestay,khach-san-homestay,7,manual_lodging_review,lodging_needs_manual_review
172,Danang Backpackers Hostel,danang-backpackers-hostel,inactive,"106, Nguyen Chi Thanh, Da Nang",Da Nang,,16.06976360,108.22106380,,http://danangbackpackershostel.com,"{""raw"": ""24/7""}",,,0.00,0,https://res.cloudinary.com/dmukxquza/image/upload/v1780559482/danangtrip/locations/danang-backpackers-hostel/loc-172__danang-backpackers-hostel__p01.jpg,"[""https://res.cloudinary.com/dmukxquza/image/upload/v1780559482/danangtrip/locations/danang-backpackers-hostel/loc-172__danang-backpackers-hostel__p01.jpg""]",Khách sạn & Homestay,khach-san-homestay,7,manual_lodging_review,lodging_needs_manual_review
175,Diamond Beach,diamond-beach,inactive,"22, Chinh Huu, Da Nang",Da Nang,,16.07416850,108.23957030,,,,,,0.00,0,https://res.cloudinary.com/dmukxquza/image/upload/v1780559490/danangtrip/locations/diamond-beach/loc-175__diamond-beach__p01.jpg,"[""https://res.cloudinary.com/dmukxquza/image/upload/v1780559490/danangtrip/locations/diamond-beach/loc-175__diamond-beach__p01.jpg""]",Khách sạn & Homestay,khach-san-homestay,7,manual_lodging_review,lodging_needs_manual_review
177,DTC Hotel,dtc-hotel,inactive,"252B, Duong Vo Nguyen Giap, Da Nang",Da Nang,,16.06264680,108.24606730,,,,,,0.00,0,https://res.cloudinary.com/dmukxquza/image/upload/v1780559496/danangtrip/locations/dtc-hotel/loc-177__dtc-hotel__p01.jpg,"[""https://res.cloudinary.com/dmukxquza/image/upload/v1780559496/danangtrip/locations/dtc-hotel/loc-177__dtc-hotel__p01.jpg""]",Khách sạn & Homestay,khach-san-homestay,7,manual_lodging_review,lodging_needs_manual_review
178,Ecodanang,ecodanang,inactive,"31, Duong Dinh Nghe, Da Nang",Da Nang,,16.06841000,108.23891000,,http://Facebook.com/ecodananghotel,"{""raw"": ""24/7""}",,,0.00,0,https://res.cloudinary.com/dmukxquza/image/upload/v1780559499/danangtrip/locations/ecodanang/loc-178__ecodanang__p01.jpg,"[""https://res.cloudinary.com/dmukxquza/image/upload/v1780559499/danangtrip/locations/ecodanang/loc-178__ecodanang__p01.jpg""]",Khách sạn & Homestay,khach-san-homestay,7,manual_lodging_review,lodging_needs_manual_review
179,Faifo Hotel,faifo-hotel,inactive,"200, Hai Phong, Da Nang",Da Nang,,16.07126510,108.20987820,,,,,,0.00,0,https://res.cloudinary.com/dmukxquza/image/upload/v1780559502/danangtrip/locations/faifo-hotel/loc-179__faifo-hotel__p01.jpg,"[""https://res.cloudinary.com/dmukxquza/image/upload/v1780559502/danangtrip/locations/faifo-hotel/loc-179__faifo-hotel__p01.jpg""]",Khách sạn & Homestay,khach-san-homestay,7,manual_lodging_review,lodging_needs_manual_review
181,Fedora Hostel,fedora-hostel,inactive,"284/9, Duong Dien Bien Phu, Da Nang",Da Nang,,16.06630130,108.19393860,,,,,,0.00,0,https://res.cloudinary.com/dmukxquza/image/upload/v1780559510/danangtrip/locations/fedora-hostel/loc-181__fedora-hostel__p01.jpg,"[""https://res.cloudinary.com/dmukxquza/image/upload/v1780559510/danangtrip/locations/fedora-hostel/loc-181__fedora-hostel__p01.jpg""]",Khách sạn & Homestay,khach-san-homestay,7,manual_lodging_review,lodging_needs_manual_review
182,Flora Hotel,flora-hotel,inactive,"103, Duong Nguyen Van Linh, Da Nang",Da Nang,,16.06071190,108.21847920,,,,,,0.00,0,https://res.cloudinary.com/dmukxquza/image/upload/v1780559513/danangtrip/locations/flora-hotel/loc-182__flora-hotel__p01.jpg,"[""https://res.cloudinary.com/dmukxquza/image/upload/v1780559513/danangtrip/locations/flora-hotel/loc-182__flora-hotel__p01.jpg""]",Khách sạn & Homestay,khach-san-homestay,7,manual_lodging_review,lodging_needs_manual_review
183,Fusion Suites,fusion-suites,inactive,"88, Duong Vo Nguyen Giap, Da Nang",Da Nang,,16.08107790,108.24697000,,,,,,0.00,0,https://res.cloudinary.com/dmukxquza/image/upload/v1780559516/danangtrip/locations/fusion-suites/loc-183__fusion-suites__p01.jpg,"[""https://res.cloudinary.com/dmukxquza/image/upload/v1780559516/danangtrip/locations/fusion-suites/loc-183__fusion-suites__p01.jpg""]",Khách sạn & Homestay,khach-san-homestay,7,manual_lodging_review,lodging_needs_manual_review
185,Green Balcony Hostel & Coffee,green-balcony-hostel-coffee,inactive,"01, Suong Nguyet Anh, Da Nang",Da Nang,,16.06831580,108.24044770,,,,,,0.00,0,https://res.cloudinary.com/dmukxquza/image/upload/v1780559522/danangtrip/locations/green-balcony-hostel-coffee/loc-185__green-balcony-hostel-coffee__p01.jpg,"[""https://res.cloudinary.com/dmukxquza/image/upload/v1780559522/danangtrip/locations/green-balcony-hostel-coffee/loc-185__green-balcony-hostel-coffee__p01.jpg""]",Khách sạn & Homestay,khach-san-homestay,7,manual_lodging_review,lodging_needs_manual_review
188,Hai Yen Hotel,hai-yen-hotel,inactive,"428, Duong Lam Hoanh, Da Nang",Da Nang,,16.06150010,108.24530320,,https://m.facebook.com/khachsandanangkhachsangiare/,,,,0.00,0,https://res.cloudinary.com/dmukxquza/image/upload/v1780559532/danangtrip/locations/hai-yen-hotel/loc-188__hai-yen-hotel__p01.jpg,"[""https://res.cloudinary.com/dmukxquza/image/upload/v1780559532/danangtrip/locations/hai-yen-hotel/loc-188__hai-yen-hotel__p01.jpg""]",Khách sạn & Homestay,khach-san-homestay,7,manual_lodging_review,lodging_needs_manual_review
189,Hana Homestay Danang,hana-homestay-danang,inactive,"84, Duong Thach Lam, Ngu Hanh Son, DA NANG",Ngu Hanh Son,,16.05652870,108.24452980,,,,,,0.00,0,https://res.cloudinary.com/dmukxquza/image/upload/v1780559535/danangtrip/locations/hana-homestay-danang/loc-189__hana-homestay-danang__p01.jpg,"[""https://res.cloudinary.com/dmukxquza/image/upload/v1780559535/danangtrip/locations/hana-homestay-danang/loc-189__hana-homestay-danang__p01.jpg""]",Khách sạn & Homestay,khach-san-homestay,7,manual_lodging_review,lodging_needs_manual_review
192,Herriott,herriott,inactive,"7, Duong Le Van Quy, Danang",Da Nang,,16.07180930,108.23865100,,,,,,0.00,0,https://res.cloudinary.com/dmukxquza/image/upload/v1780559544/danangtrip/locations/herriott/loc-192__herriott__p01.jpg,"[""https://res.cloudinary.com/dmukxquza/image/upload/v1780559544/danangtrip/locations/herriott/loc-192__herriott__p01.jpg""]",Khách sạn & Homestay,khach-san-homestay,7,manual_lodging_review,lodging_needs_manual_review
193,Hilary Hotel,hilary-hotel,inactive,"128, Ho Nghinh, Son Tra, Da Nang",Son Tra,,16.07335880,108.24293920,,,,,,0.00,0,https://res.cloudinary.com/dmukxquza/image/upload/v1780559547/danangtrip/locations/hilary-hotel/loc-193__hilary-hotel__p01.jpg,"[""https://res.cloudinary.com/dmukxquza/image/upload/v1780559547/danangtrip/locations/hilary-hotel/loc-193__hilary-hotel__p01.jpg""]",Khách sạn & Homestay,khach-san-homestay,7,manual_lodging_review,lodging_needs_manual_review
194,Hilton Garden Inn Da Nang,hilton-garden-inn-da-nang,inactive,"96, Duong Vo Nguyen Giap, Son Tra",Da Nang,,16.08010310,108.24641780,,https://www.hilton.com/en/hotels/daddagi-hilton-garden-inn-da-nang/,,,,0.00,0,https://res.cloudinary.com/dmukxquza/image/upload/v1780559551/danangtrip/locations/hilton-garden-inn-da-nang/loc-194__hilton-garden-inn-da-nang__p01.jpg,"[""https://res.cloudinary.com/dmukxquza/image/upload/v1780559551/danangtrip/locations/hilton-garden-inn-da-nang/loc-194__hilton-garden-inn-da-nang__p01.jpg""]",Khách sạn & Homestay,khach-san-homestay,7,manual_lodging_review,lodging_needs_manual_review
195,Hoang Phuong Hotel,hoang-phuong-hotel,inactive,"Nguyen Huu Tho, Da Nang",Da Nang,,16.04090900,108.21076620,,,,,,0.00,0,https://res.cloudinary.com/dmukxquza/image/upload/v1780559554/danangtrip/locations/hoang-phuong-hotel/loc-195__hoang-phuong-hotel__p01.jpg,"[""https://res.cloudinary.com/dmukxquza/image/upload/v1780559554/danangtrip/locations/hoang-phuong-hotel/loc-195__hoang-phuong-hotel__p01.jpg""]",Khách sạn & Homestay,khach-san-homestay,7,manual_lodging_review,lodging_needs_manual_review
196,Hodi Hotel,hodi-hotel,inactive,"12-14, Duong An Thuong 26, Da Nang",Da Nang,,16.05511000,108.24454990,,https://www.hodihotel.com/,,,,0.00,0,https://res.cloudinary.com/dmukxquza/image/upload/v1780559557/danangtrip/locations/hodi-hotel/loc-196__hodi-hotel__p01.jpg,"[""https://res.cloudinary.com/dmukxquza/image/upload/v1780559557/danangtrip/locations/hodi-hotel/loc-196__hodi-hotel__p01.jpg""]",Khách sạn & Homestay,khach-san-homestay,7,manual_lodging_review,lodging_needs_manual_review
197,Homestay Halley,homestay-halley,inactive,"37, Duong Dao Cam Moc, Da Nang",Da Nang,,16.04335700,108.21201250,,,,,,0.00,0,https://res.cloudinary.com/dmukxquza/image/upload/v1780559561/danangtrip/locations/homestay-halley/loc-197__homestay-halley__p01.jpg,"[""https://res.cloudinary.com/dmukxquza/image/upload/v1780559561/danangtrip/locations/homestay-halley/loc-197__homestay-halley__p01.jpg""]",Khách sạn & Homestay,khach-san-homestay,7,manual_lodging_review,lodging_needs_manual_review
198,Homestay Heo Dat,homestay-heo-dat,inactive,"32, Duong Dao Cam Moc, Da Nang",Da Nang,,16.04343460,108.21210300,,,,,,0.00,0,https://res.cloudinary.com/dmukxquza/image/upload/v1780559563/danangtrip/locations/homestay-heo-dat/loc-198__homestay-heo-dat__p01.jpg,"[""https://res.cloudinary.com/dmukxquza/image/upload/v1780559563/danangtrip/locations/homestay-heo-dat/loc-198__homestay-heo-dat__p01.jpg""]",Khách sạn & Homestay,khach-san-homestay,7,manual_lodging_review,lodging_needs_manual_review
200,Hong Chau,hong-chau,inactive,"122, Duong Ho Nghinh, Da Nang",Da Nang,,16.07352580,108.24288100,,,,,,0.00,0,https://res.cloudinary.com/dmukxquza/image/upload/v1780559568/danangtrip/locations/hong-chau/loc-200__hong-chau__p01.jpg,"[""https://res.cloudinary.com/dmukxquza/image/upload/v1780559568/danangtrip/locations/hong-chau/loc-200__hong-chau__p01.jpg""]",Khách sạn & Homestay,khach-san-homestay,7,manual_lodging_review,lodging_needs_manual_review
201,Hue Chi,hue-chi,inactive,"6, Hoang Viet, Da Nang",Da Nang,,16.08102760,108.22967780,,,,,,0.00,0,https://res.cloudinary.com/dmukxquza/image/upload/v1780559572/danangtrip/locations/hue-chi/loc-201__hue-chi__p01.jpg,"[""https://res.cloudinary.com/dmukxquza/image/upload/v1780559572/danangtrip/locations/hue-chi/loc-201__hue-chi__p01.jpg""]",Khách sạn & Homestay,khach-san-homestay,7,manual_lodging_review,lodging_needs_manual_review
203,Iris Hotel,iris-hotel,inactive,"181-183, Le Duan, Da Nang",Da Nang,,16.07015540,108.21377120,,http://www.irishotel.vn,,,,0.00,0,https://res.cloudinary.com/dmukxquza/image/upload/v1780559577/danangtrip/locations/iris-hotel/loc-203__iris-hotel__p01.jpg,"[""https://res.cloudinary.com/dmukxquza/image/upload/v1780559577/danangtrip/locations/iris-hotel/loc-203__iris-hotel__p01.jpg""]",Khách sạn & Homestay,khach-san-homestay,7,manual_lodging_review,lodging_needs_manual_review
205,Khach san Bon Mua,khach-san-bon-mua,inactive,"194, Nguyen Huu Tho, Da Nang",Da Nang,,16.04289440,108.21008760,,,"{""raw"": ""24/7""}",,,0.00,0,https://res.cloudinary.com/dmukxquza/image/upload/v1780559582/danangtrip/locations/khach-san-bon-mua/loc-205__khach-san-bon-mua__p01.jpg,"[""https://res.cloudinary.com/dmukxquza/image/upload/v1780559582/danangtrip/locations/khach-san-bon-mua/loc-205__khach-san-bon-mua__p01.jpg""]",Khách sạn & Homestay,khach-san-homestay,7,manual_lodging_review,lodging_needs_manual_review
206,Khach san Hai An,khach-san-hai-an,inactive,"1449, Nguyen Tat Thanh, Da Nang",Da Nang,,16.07553870,108.17874400,,https://fb.com/haianhotel,"{""raw"": ""24/7""}",,,0.00,0,https://res.cloudinary.com/dmukxquza/image/upload/v1780559585/danangtrip/locations/khach-san-hai-an/loc-206__khach-san-hai-an__p01.jpg,"[""https://res.cloudinary.com/dmukxquza/image/upload/v1780559585/danangtrip/locations/khach-san-hai-an/loc-206__khach-san-hai-an__p01.jpg""]",Khách sạn & Homestay,khach-san-homestay,7,manual_lodging_review,lodging_needs_manual_review
208,King Garden Hotel,king-garden-hotel,inactive,"456A, Duong Nguyen Tri Phuong, Da Nang",Da Nang,,16.05144170,108.21144220,,,,,,0.00,0,https://res.cloudinary.com/dmukxquza/image/upload/v1780559591/danangtrip/locations/king-garden-hotel/loc-208__king-garden-hotel__p01.jpg,"[""https://res.cloudinary.com/dmukxquza/image/upload/v1780559591/danangtrip/locations/king-garden-hotel/loc-208__king-garden-hotel__p01.jpg""]",Khách sạn & Homestay,khach-san-homestay,7,manual_lodging_review,lodging_needs_manual_review
210,Kon-Tiki Hostel,kon-tiki-hostel,inactive,"12, Duong Trieu Viet Vuong, Da Nang",Da Nang,,16.06424770,108.23082240,,,,,,0.00,0,https://res.cloudinary.com/dmukxquza/image/upload/v1780559596/danangtrip/locations/kon-tiki-hostel/loc-210__kon-tiki-hostel__p01.jpg,"[""https://res.cloudinary.com/dmukxquza/image/upload/v1780559596/danangtrip/locations/kon-tiki-hostel/loc-210__kon-tiki-hostel__p01.jpg""]",Khách sạn & Homestay,khach-san-homestay,7,manual_lodging_review,lodging_needs_manual_review
211,La Belle Vie Hottel,la-belle-vie-hottel,inactive,"02, Duong Cao Xuan Duc, Da Nang",Da Nang,,16.08734620,108.21971870,,https://labelleviehotel.vn,"{""raw"": ""24/7""}",,,0.00,0,https://res.cloudinary.com/dmukxquza/image/upload/v1780559600/danangtrip/locations/la-belle-vie-hottel/loc-211__la-belle-vie-hottel__p01.jpg,"[""https://res.cloudinary.com/dmukxquza/image/upload/v1780559600/danangtrip/locations/la-belle-vie-hottel/loc-211__la-belle-vie-hottel__p01.jpg""]",Khách sạn & Homestay,khach-san-homestay,7,manual_lodging_review,lodging_needs_manual_review
212,La COOL House Hostel,la-cool-house-hostel,inactive,"42, An Nhon 6, Son Tra, Da Nang",Son Tra,,16.06877740,108.23582070,,,,,,0.00,0,https://res.cloudinary.com/dmukxquza/image/upload/v1780559603/danangtrip/locations/la-cool-house-hostel/loc-212__la-cool-house-hostel__p01.jpg,"[""https://res.cloudinary.com/dmukxquza/image/upload/v1780559603/danangtrip/locations/la-cool-house-hostel/loc-212__la-cool-house-hostel__p01.jpg""]",Khách sạn & Homestay,khach-san-homestay,7,manual_lodging_review,lodging_needs_manual_review
215,Lenid,lenid,inactive,"23, Duong Dinh Thi Hoa, Quan Son Tra, Danang",Quan Son Tra,,16.07134380,108.23636310,,,,,,0.00,0,https://res.cloudinary.com/dmukxquza/image/upload/v1780559614/danangtrip/locations/lenid/loc-215__lenid__p01.jpg,"[""https://res.cloudinary.com/dmukxquza/image/upload/v1780559614/danangtrip/locations/lenid/loc-215__lenid__p01.jpg""]",Khách sạn & Homestay,khach-san-homestay,7,manual_lodging_review,lodging_needs_manual_review
217,Lu peaceful homestay,lu-peaceful-homestay,inactive,"Duong Phan Lang 14, Da Nang",Da Nang,,16.05511350,108.18918500,,,,,,0.00,0,https://res.cloudinary.com/dmukxquza/image/upload/v1780559619/danangtrip/locations/lu-peaceful-homestay/loc-217__lu-peaceful-homestay__p01.jpg,"[""https://res.cloudinary.com/dmukxquza/image/upload/v1780559619/danangtrip/locations/lu-peaceful-homestay/loc-217__lu-peaceful-homestay__p01.jpg""]",Khách sạn & Homestay,khach-san-homestay,7,manual_lodging_review,lodging_needs_manual_review
218,Luxtery,luxtery,inactive,"136, Duong Pham Van Dong, Danang",Da Nang,,16.07069200,108.23579230,,,,,,0.00,0,https://res.cloudinary.com/dmukxquza/image/upload/v1780559622/danangtrip/locations/luxtery/loc-218__luxtery__p01.jpg,"[""https://res.cloudinary.com/dmukxquza/image/upload/v1780559622/danangtrip/locations/luxtery/loc-218__luxtery__p01.jpg""]",Khách sạn & Homestay,khach-san-homestay,7,manual_lodging_review,lodging_needs_manual_review
220,Mari Gold,mari-gold,inactive,"14, Duong Nguyen Cao Luyen, Son Tra, Da Nang",Son Tra,,16.06929570,108.24158420,,,,,,0.00,0,https://res.cloudinary.com/dmukxquza/image/upload/v1780559628/danangtrip/locations/mari-gold/loc-220__mari-gold__p01.jpg,"[""https://res.cloudinary.com/dmukxquza/image/upload/v1780559628/danangtrip/locations/mari-gold/loc-220__mari-gold__p01.jpg""]",Khách sạn & Homestay,khach-san-homestay,7,manual_lodging_review,lodging_needs_manual_review
221,Memory Lounge,memory-lounge,inactive,"7, Bach Dang, Da Nang",Da Nang,,16.07266610,108.22516450,,https://www.facebook.com/memoryloungedanang/,,,,0.00,0,https://res.cloudinary.com/dmukxquza/image/upload/v1780559630/danangtrip/locations/memory-lounge/loc-221__memory-lounge__p01.jpg,"[""https://res.cloudinary.com/dmukxquza/image/upload/v1780559630/danangtrip/locations/memory-lounge/loc-221__memory-lounge__p01.jpg""]",Ẩm thực địa phương,am-thuc-dia-phuong,2,duplicate_keep_inactive,duplicate_of_active:96
222,Mercure Hotels,mercure-hotels,inactive,Da Nang,Da Nang,,15.99739760,107.98823160,,https://all.accor.com/ssr/app/accor/rates/8488/index.en.shtml,"{""raw"": ""24/7""}",,,0.00,0,https://res.cloudinary.com/dmukxquza/image/upload/v1780559633/danangtrip/locations/mercure-hotels/loc-222__mercure-hotels__p01.jpg,"[""https://res.cloudinary.com/dmukxquza/image/upload/v1780559633/danangtrip/locations/mercure-hotels/loc-222__mercure-hotels__p01.jpg""]",Khách sạn & Homestay,khach-san-homestay,5,hold,lodging_needs_manual_review
228,My Little Pig Homestay,my-little-pig-homestay,inactive,"04, Duong An Nhon 1, Son Tra, Da Nang",Son Tra,,16.07049860,108.23302200,,,,,,0.00,0,https://res.cloudinary.com/dmukxquza/image/upload/v1780559650/danangtrip/locations/my-little-pig-homestay/loc-228__my-little-pig-homestay__p01.jpg,"[""https://res.cloudinary.com/dmukxquza/image/upload/v1780559650/danangtrip/locations/my-little-pig-homestay/loc-228__my-little-pig-homestay__p01.jpg""]",Khách sạn & Homestay,khach-san-homestay,7,manual_lodging_review,lodging_needs_manual_review
229,New Life Hotel,new-life-hotel,inactive,"Duong Trinh Cong Son, Da Nang",Da Nang,,16.03356380,108.22068570,,,,,,0.00,0,https://res.cloudinary.com/dmukxquza/image/upload/v1780559653/danangtrip/locations/new-life-hotel/loc-229__new-life-hotel__p01.jpg,"[""https://res.cloudinary.com/dmukxquza/image/upload/v1780559653/danangtrip/locations/new-life-hotel/loc-229__new-life-hotel__p01.jpg""]",Khách sạn & Homestay,khach-san-homestay,7,manual_lodging_review,lodging_needs_manual_review
232,Nha Chung Homestay,nha-chung-homestay,inactive,"Kiet 81 Luong The Vinh, Da Nang",Da Nang,,16.06380360,108.23853050,,,,,,0.00,0,https://res.cloudinary.com/dmukxquza/image/upload/v1780559662/danangtrip/locations/nha-chung-homestay/loc-232__nha-chung-homestay__p01.jpg,"[""https://res.cloudinary.com/dmukxquza/image/upload/v1780559662/danangtrip/locations/nha-chung-homestay/loc-232__nha-chung-homestay__p01.jpg""]",Khách sạn & Homestay,khach-san-homestay,7,manual_lodging_review,lodging_needs_manual_review
236,Nha hang HanCook,nha-hang-hancook,inactive,"316 - 318, Hai Phong, Da Nang",Da Nang,,16.06891100,108.20498310,,,"{""raw"": ""Mo-Su 10:00-22:00""}",,,0.00,0,https://res.cloudinary.com/dmukxquza/image/upload/v1780559673/danangtrip/locations/nha-hang-hancook/loc-236__nha-hang-hancook__p01.jpg,"[""https://res.cloudinary.com/dmukxquza/image/upload/v1780559673/danangtrip/locations/nha-hang-hancook/loc-236__nha-hang-hancook__p01.jpg""]",Ẩm thực địa phương,am-thuc-dia-phuong,4,duplicate_keep_inactive,duplicate_name_in_inactive
237,Nha Hang HanCook,nha-hang-hancook-crawl-215,inactive,"1, Nui Thanh, Da Nang",Da Nang,,16.05399570,108.22030240,,,"{""raw"": ""Mo-Su 10:00-22:00""}",,,0.00,0,https://res.cloudinary.com/dmukxquza/image/upload/v1780559673/danangtrip/locations/nha-hang-hancook/loc-236__nha-hang-hancook__p01.jpg,"[""https://res.cloudinary.com/dmukxquza/image/upload/v1780559673/danangtrip/locations/nha-hang-hancook/loc-236__nha-hang-hancook__p01.jpg""]",Ẩm thực địa phương,am-thuc-dia-phuong,3,duplicate_keep_inactive,duplicate_name_in_inactive;crawl_suffix_slug
238,Nha hang HanCook,nha-hang-hancook-crawl-216,inactive,"Ngo Quyen, Da Nang",Da Nang,,16.07165570,108.23007220,,,"{""raw"": ""Mo-Su 10:00-22:00""}",,,0.00,0,https://res.cloudinary.com/dmukxquza/image/upload/v1780559673/danangtrip/locations/nha-hang-hancook/loc-236__nha-hang-hancook__p01.jpg,"[""https://res.cloudinary.com/dmukxquza/image/upload/v1780559673/danangtrip/locations/nha-hang-hancook/loc-236__nha-hang-hancook__p01.jpg""]",Ẩm thực địa phương,am-thuc-dia-phuong,3,duplicate_keep_inactive,duplicate_name_in_inactive;crawl_suffix_slug
239,Nha tro Dinh Quoc Vuong,nha-tro-dinh-quoc-vuong,inactive,"Le Thien Tri, Ngu Hanh Son, Da Nang",Ngu Hanh Son,,15.97886480,108.25258340,,,,,,0.00,0,https://res.cloudinary.com/dmukxquza/image/upload/v1780559681/danangtrip/locations/nha-tro-dinh-quoc-vuong/loc-239__nha-tro-dinh-quoc-vuong__p01.jpg,"[""https://res.cloudinary.com/dmukxquza/image/upload/v1780559681/danangtrip/locations/nha-tro-dinh-quoc-vuong/loc-239__nha-tro-dinh-quoc-vuong__p01.jpg""]",Khách sạn & Homestay,khach-san-homestay,7,manual_lodging_review,lodging_needs_manual_review
240,Nha tro DUong Thi Tanh,nha-tro-duong-thi-tanh,inactive,"Luu Quang Vu, Ngu Hanh Son, Da Nang",Ngu Hanh Son,,15.96719670,108.23825520,,,,,,0.00,0,https://res.cloudinary.com/dmukxquza/image/upload/v1780559684/danangtrip/locations/nha-tro-duong-thi-tanh/loc-240__nha-tro-duong-thi-tanh__p01.jpg,"[""https://res.cloudinary.com/dmukxquza/image/upload/v1780559684/danangtrip/locations/nha-tro-duong-thi-tanh/loc-240__nha-tro-duong-thi-tanh__p01.jpg""]",Khách sạn & Homestay,khach-san-homestay,7,manual_lodging_review,lodging_needs_manual_review
241,Nha tro Hoang Van Sinh,nha-tro-hoang-van-sinh,inactive,"Luu Quang Vu, Ngu Hanh Son, Da Nang",Ngu Hanh Son,,15.97068800,108.24403860,,,,,,0.00,0,https://res.cloudinary.com/dmukxquza/image/upload/v1780559687/danangtrip/locations/nha-tro-hoang-van-sinh/loc-241__nha-tro-hoang-van-sinh__p01.jpg,"[""https://res.cloudinary.com/dmukxquza/image/upload/v1780559687/danangtrip/locations/nha-tro-hoang-van-sinh/loc-241__nha-tro-hoang-van-sinh__p01.jpg""]",Khách sạn & Homestay,khach-san-homestay,7,manual_lodging_review,lodging_needs_manual_review
242,Nha tro Hua Dien,nha-tro-hua-dien,inactive,"Nguyen Thuc Tu, Ngu Hanh Son, Da Nang",Ngu Hanh Son,,15.98034960,108.25116390,,,,,,0.00,0,https://res.cloudinary.com/dmukxquza/image/upload/v1780559690/danangtrip/locations/nha-tro-hua-dien/loc-242__nha-tro-hua-dien__p01.jpg,"[""https://res.cloudinary.com/dmukxquza/image/upload/v1780559690/danangtrip/locations/nha-tro-hua-dien/loc-242__nha-tro-hua-dien__p01.jpg""]",Khách sạn & Homestay,khach-san-homestay,7,manual_lodging_review,lodging_needs_manual_review
243,Nha tro Huynh Dinh,nha-tro-huynh-dinh,inactive,"Luu Quang Vu, Ngu Hanh Son, Da Nang",Ngu Hanh Son,,15.97132550,108.24390010,,,,,,0.00,0,https://res.cloudinary.com/dmukxquza/image/upload/v1780559693/danangtrip/locations/nha-tro-huynh-dinh/loc-243__nha-tro-huynh-dinh__p01.jpg,"[""https://res.cloudinary.com/dmukxquza/image/upload/v1780559693/danangtrip/locations/nha-tro-huynh-dinh/loc-243__nha-tro-huynh-dinh__p01.jpg""]",Khách sạn & Homestay,khach-san-homestay,7,manual_lodging_review,lodging_needs_manual_review
244,Nha tro Huynh Dinh Dung,nha-tro-huynh-dinh-dung,inactive,"Luu Quang Vu, Ngu Hanh Son, Da Nang",Ngu Hanh Son,,15.97600150,108.24804710,01681539066,,,,,0.00,0,https://res.cloudinary.com/dmukxquza/image/upload/v1780559695/danangtrip/locations/nha-tro-huynh-dinh-dung/loc-244__nha-tro-huynh-dinh-dung__p01.jpg,"[""https://res.cloudinary.com/dmukxquza/image/upload/v1780559695/danangtrip/locations/nha-tro-huynh-dinh-dung/loc-244__nha-tro-huynh-dinh-dung__p01.jpg""]",Khách sạn & Homestay,khach-san-homestay,7,manual_lodging_review,lodging_needs_manual_review
245,Nha tro Le Duc Tin,nha-tro-le-duc-tin,inactive,"Le Thien Tri, Ngu Hanh Son, Da Nang",Ngu Hanh Son,,15.97863380,108.25104900,,,,,,0.00,0,https://res.cloudinary.com/dmukxquza/image/upload/v1780559698/danangtrip/locations/nha-tro-le-duc-tin/loc-245__nha-tro-le-duc-tin__p01.jpg,"[""https://res.cloudinary.com/dmukxquza/image/upload/v1780559698/danangtrip/locations/nha-tro-le-duc-tin/loc-245__nha-tro-le-duc-tin__p01.jpg""]",Khách sạn & Homestay,khach-san-homestay,7,manual_lodging_review,lodging_needs_manual_review
246,Nha tro Mai Truc Lam,nha-tro-mai-truc-lam,inactive,"Luu Quang Vu, Ngu Hanh Son, Da Nang",Ngu Hanh Son,,15.97561840,108.24790940,,,,,,0.00,0,https://res.cloudinary.com/dmukxquza/image/upload/v1780559701/danangtrip/locations/nha-tro-mai-truc-lam/loc-246__nha-tro-mai-truc-lam__p01.jpg,"[""https://res.cloudinary.com/dmukxquza/image/upload/v1780559701/danangtrip/locations/nha-tro-mai-truc-lam/loc-246__nha-tro-mai-truc-lam__p01.jpg""]",Khách sạn & Homestay,khach-san-homestay,7,manual_lodging_review,lodging_needs_manual_review
247,Nha tro Ngo Dinh Tu,nha-tro-ngo-dinh-tu,inactive,"Luu Quang Vu, Ngu Hanh Son, Da Nang",Ngu Hanh Son,,15.97598660,108.24850500,01687854262,,,,,0.00,0,https://res.cloudinary.com/dmukxquza/image/upload/v1780559704/danangtrip/locations/nha-tro-ngo-dinh-tu/loc-247__nha-tro-ngo-dinh-tu__p01.jpg,"[""https://res.cloudinary.com/dmukxquza/image/upload/v1780559704/danangtrip/locations/nha-tro-ngo-dinh-tu/loc-247__nha-tro-ngo-dinh-tu__p01.jpg""]",Khách sạn & Homestay,khach-san-homestay,7,manual_lodging_review,lodging_needs_manual_review
248,Nha tro Nguyen Doan Chinh,nha-tro-nguyen-doan-chinh,inactive,"Luu Quang Vu, Ngu Hanh Son, Da Nang",Ngu Hanh Son,,15.97617140,108.24895050,0982421377,,,,,0.00,0,https://res.cloudinary.com/dmukxquza/image/upload/v1780559707/danangtrip/locations/nha-tro-nguyen-doan-chinh/loc-248__nha-tro-nguyen-doan-chinh__p01.jpg,"[""https://res.cloudinary.com/dmukxquza/image/upload/v1780559707/danangtrip/locations/nha-tro-nguyen-doan-chinh/loc-248__nha-tro-nguyen-doan-chinh__p01.jpg""]",Khách sạn & Homestay,khach-san-homestay,7,manual_lodging_review,lodging_needs_manual_review
249,Nha tro Nguyen Huy Vu,nha-tro-nguyen-huy-vu,inactive,"Luu Quang Vu, Ngu Hanh Son, Da Nang",Ngu Hanh Son,,15.97566700,108.24762810,,,,,,0.00,0,https://res.cloudinary.com/dmukxquza/image/upload/v1780559710/danangtrip/locations/nha-tro-nguyen-huy-vu/loc-249__nha-tro-nguyen-huy-vu__p01.jpg,"[""https://res.cloudinary.com/dmukxquza/image/upload/v1780559710/danangtrip/locations/nha-tro-nguyen-huy-vu/loc-249__nha-tro-nguyen-huy-vu__p01.jpg""]",Khách sạn & Homestay,khach-san-homestay,7,manual_lodging_review,lodging_needs_manual_review
250,Nha tro Nguyen Le Viet,nha-tro-nguyen-le-viet,inactive,"Luu Quang Vu, Ngu Hanh Son, Da Nang",Ngu Hanh Son,,15.97644290,108.24923950,0983032983,,,,,0.00,0,https://res.cloudinary.com/dmukxquza/image/upload/v1780559713/danangtrip/locations/nha-tro-nguyen-le-viet/loc-250__nha-tro-nguyen-le-viet__p01.jpg,"[""https://res.cloudinary.com/dmukxquza/image/upload/v1780559713/danangtrip/locations/nha-tro-nguyen-le-viet/loc-250__nha-tro-nguyen-le-viet__p01.jpg""]",Khách sạn & Homestay,khach-san-homestay,7,manual_lodging_review,lodging_needs_manual_review
251,Nha tro Nguyen Long,nha-tro-nguyen-long,inactive,"Nguyen Minh Chau, Ngu Hanh Son, Da Nang",Ngu Hanh Son,,15.97877510,108.25428580,,,,,,0.00,0,https://res.cloudinary.com/dmukxquza/image/upload/v1780559716/danangtrip/locations/nha-tro-nguyen-long/loc-251__nha-tro-nguyen-long__p01.jpg,"[""https://res.cloudinary.com/dmukxquza/image/upload/v1780559716/danangtrip/locations/nha-tro-nguyen-long/loc-251__nha-tro-nguyen-long__p01.jpg""]",Khách sạn & Homestay,khach-san-homestay,7,manual_lodging_review,lodging_needs_manual_review
252,Nha tro Nguyen Ngoc Linh,nha-tro-nguyen-ngoc-linh,inactive,"Luu Quang Vu, Ngu Hanh Son, Da Nang",Ngu Hanh Son,,15.97528770,108.24749640,,,,,,0.00,0,https://res.cloudinary.com/dmukxquza/image/upload/v1780559719/danangtrip/locations/nha-tro-nguyen-ngoc-linh/loc-252__nha-tro-nguyen-ngoc-linh__p01.jpg,"[""https://res.cloudinary.com/dmukxquza/image/upload/v1780559719/danangtrip/locations/nha-tro-nguyen-ngoc-linh/loc-252__nha-tro-nguyen-ngoc-linh__p01.jpg""]",Khách sạn & Homestay,khach-san-homestay,7,manual_lodging_review,lodging_needs_manual_review
253,Nha tro Nguyen Quoc Dung,nha-tro-nguyen-quoc-dung,inactive,"Nguyen Minh Chau, Ngu Hanh Son, Da Nang",Ngu Hanh Son,,15.97903960,108.25416390,01225584350,,,,,0.00,0,https://res.cloudinary.com/dmukxquza/image/upload/v1780559722/danangtrip/locations/nha-tro-nguyen-quoc-dung/loc-253__nha-tro-nguyen-quoc-dung__p01.jpg,"[""https://res.cloudinary.com/dmukxquza/image/upload/v1780559722/danangtrip/locations/nha-tro-nguyen-quoc-dung/loc-253__nha-tro-nguyen-quoc-dung__p01.jpg""]",Khách sạn & Homestay,khach-san-homestay,7,manual_lodging_review,lodging_needs_manual_review
254,Nha tro Nguyen Thi Nga,nha-tro-nguyen-thi-nga,inactive,"Duong Luu Quang Vu, Ngu Hanh Son, Da Nang",Ngu Hanh Son,,15.97269300,108.24178650,,,,,,0.00,0,https://res.cloudinary.com/dmukxquza/image/upload/v1780559725/danangtrip/locations/nha-tro-nguyen-thi-nga/loc-254__nha-tro-nguyen-thi-nga__p01.jpg,"[""https://res.cloudinary.com/dmukxquza/image/upload/v1780559725/danangtrip/locations/nha-tro-nguyen-thi-nga/loc-254__nha-tro-nguyen-thi-nga__p01.jpg""]",Khách sạn & Homestay,khach-san-homestay,7,manual_lodging_review,lodging_needs_manual_review
255,Nha tro Nguyen Thi Thu Ha,nha-tro-nguyen-thi-thu-ha,inactive,"Le Thien Tri, Ngu Hanh Son, Da Nang",Ngu Hanh Son,,15.97851150,108.25254790,0987699189,,,,,0.00,0,https://res.cloudinary.com/dmukxquza/image/upload/v1780559728/danangtrip/locations/nha-tro-nguyen-thi-thu-ha/loc-255__nha-tro-nguyen-thi-thu-ha__p01.jpg,"[""https://res.cloudinary.com/dmukxquza/image/upload/v1780559728/danangtrip/locations/nha-tro-nguyen-thi-thu-ha/loc-255__nha-tro-nguyen-thi-thu-ha__p01.jpg""]",Khách sạn & Homestay,khach-san-homestay,7,manual_lodging_review,lodging_needs_manual_review
256,Nha tro Nguyen Van Hung,nha-tro-nguyen-van-hung,inactive,"Luu Quang Vu, Ngu Hanh Son, Da Nang",Ngu Hanh Son,,15.96796960,108.23801220,0962827851,,,,,0.00,0,https://res.cloudinary.com/dmukxquza/image/upload/v1780559731/danangtrip/locations/nha-tro-nguyen-van-hung/loc-256__nha-tro-nguyen-van-hung__p01.jpg,"[""https://res.cloudinary.com/dmukxquza/image/upload/v1780559731/danangtrip/locations/nha-tro-nguyen-van-hung/loc-256__nha-tro-nguyen-van-hung__p01.jpg""]",Khách sạn & Homestay,khach-san-homestay,7,manual_lodging_review,lodging_needs_manual_review
257,Nha tro Nguyen Van Sy,nha-tro-nguyen-van-sy,inactive,"Le Thien Tri, Ngu Hanh Son, Da Nang",Ngu Hanh Son,,15.97863380,108.25167750,,,,,,0.00,0,https://res.cloudinary.com/dmukxquza/image/upload/v1780559734/danangtrip/locations/nha-tro-nguyen-van-sy/loc-257__nha-tro-nguyen-van-sy__p01.jpg,"[""https://res.cloudinary.com/dmukxquza/image/upload/v1780559734/danangtrip/locations/nha-tro-nguyen-van-sy/loc-257__nha-tro-nguyen-van-sy__p01.jpg""]",Khách sạn & Homestay,khach-san-homestay,7,manual_lodging_review,lodging_needs_manual_review
258,Nha tro Pham Ngoc Hai,nha-tro-pham-ngoc-hai,inactive,"Nguyen Minh Chau, Ngu Hanh Son, Da Nang",Ngu Hanh Son,,15.97924100,108.25086110,0904468528,,,,,0.00,0,https://res.cloudinary.com/dmukxquza/image/upload/v1780559737/danangtrip/locations/nha-tro-pham-ngoc-hai/loc-258__nha-tro-pham-ngoc-hai__p01.jpg,"[""https://res.cloudinary.com/dmukxquza/image/upload/v1780559737/danangtrip/locations/nha-tro-pham-ngoc-hai/loc-258__nha-tro-pham-ngoc-hai__p01.jpg""]",Khách sạn & Homestay,khach-san-homestay,7,manual_lodging_review,lodging_needs_manual_review
259,Nha tro Pham Nhat Tan,nha-tro-pham-nhat-tan,inactive,"Luu Quang Vu, Ngu Hanh Son, Da Nang",Ngu Hanh Son,,15.97588810,108.24746170,,,,,,0.00,0,https://res.cloudinary.com/dmukxquza/image/upload/v1780559740/danangtrip/locations/nha-tro-pham-nhat-tan/loc-259__nha-tro-pham-nhat-tan__p01.jpg,"[""https://res.cloudinary.com/dmukxquza/image/upload/v1780559740/danangtrip/locations/nha-tro-pham-nhat-tan/loc-259__nha-tro-pham-nhat-tan__p01.jpg""]",Khách sạn & Homestay,khach-san-homestay,7,manual_lodging_review,lodging_needs_manual_review
260,Nha tro Phan Thanh Huan,nha-tro-phan-thanh-huan,inactive,"Luu Quang Vu, Ngu Hanh Son, Da Nang",Ngu Hanh Son,,15.97635620,108.24793040,0905685272,,,,,0.00,0,https://res.cloudinary.com/dmukxquza/image/upload/v1780559743/danangtrip/locations/nha-tro-phan-thanh-huan/loc-260__nha-tro-phan-thanh-huan__p01.jpg,"[""https://res.cloudinary.com/dmukxquza/image/upload/v1780559743/danangtrip/locations/nha-tro-phan-thanh-huan/loc-260__nha-tro-phan-thanh-huan__p01.jpg""]",Khách sạn & Homestay,khach-san-homestay,7,manual_lodging_review,lodging_needs_manual_review
261,Nha tro Tan Canh,nha-tro-tan-canh,inactive,"Le Thien Tri, Ngu Hanh Son, Da Nang",Ngu Hanh Son,,15.97864560,108.25127080,0905612909,,,,,0.00,0,https://res.cloudinary.com/dmukxquza/image/upload/v1780559746/danangtrip/locations/nha-tro-tan-canh/loc-261__nha-tro-tan-canh__p01.jpg,"[""https://res.cloudinary.com/dmukxquza/image/upload/v1780559746/danangtrip/locations/nha-tro-tan-canh/loc-261__nha-tro-tan-canh__p01.jpg""]",Khách sạn & Homestay,khach-san-homestay,7,manual_lodging_review,lodging_needs_manual_review
262,Nha tro Tan Thanh Huyen,nha-tro-tan-thanh-huyen,inactive,"Luu Quang Vu, Ngu Hanh Son, Da Nang",Ngu Hanh Son,,15.97004130,108.24425290,,,,,,0.00,0,https://res.cloudinary.com/dmukxquza/image/upload/v1780559749/danangtrip/locations/nha-tro-tan-thanh-huyen/loc-262__nha-tro-tan-thanh-huyen__p01.jpg,"[""https://res.cloudinary.com/dmukxquza/image/upload/v1780559749/danangtrip/locations/nha-tro-tan-thanh-huyen/loc-262__nha-tro-tan-thanh-huyen__p01.jpg""]",Khách sạn & Homestay,khach-san-homestay,7,manual_lodging_review,lodging_needs_manual_review
263,Nha tro Tran Hung Sang,nha-tro-tran-hung-sang,inactive,"Nguyen Thuc Tu, Ngu Hanh Son, Da Nang",Ngu Hanh Son,,15.98034680,108.25214290,,,,,,0.00,0,https://res.cloudinary.com/dmukxquza/image/upload/v1780559751/danangtrip/locations/nha-tro-tran-hung-sang/loc-263__nha-tro-tran-hung-sang__p01.jpg,"[""https://res.cloudinary.com/dmukxquza/image/upload/v1780559751/danangtrip/locations/nha-tro-tran-hung-sang/loc-263__nha-tro-tran-hung-sang__p01.jpg""]",Khách sạn & Homestay,khach-san-homestay,7,manual_lodging_review,lodging_needs_manual_review
264,Nha tro Tran Quan,nha-tro-tran-quan,inactive,"Luu Quang Vu, Ngu Hanh Son, Da Nang",Ngu Hanh Son,,15.97640930,108.24939140,,,,,,0.00,0,https://res.cloudinary.com/dmukxquza/image/upload/v1780559754/danangtrip/locations/nha-tro-tran-quan/loc-264__nha-tro-tran-quan__p01.jpg,"[""https://res.cloudinary.com/dmukxquza/image/upload/v1780559754/danangtrip/locations/nha-tro-tran-quan/loc-264__nha-tro-tran-quan__p01.jpg""]",Khách sạn & Homestay,khach-san-homestay,7,manual_lodging_review,lodging_needs_manual_review
265,Nha tro Tran Thai Phuong,nha-tro-tran-thai-phuong,inactive,"Nam Ky Khoi Nghia, Ngu Hanh Son, Da Nang",Ngu Hanh Son,,15.97826660,108.25210380,01213556444,,,,,0.00,0,https://res.cloudinary.com/dmukxquza/image/upload/v1780559757/danangtrip/locations/nha-tro-tran-thai-phuong/loc-265__nha-tro-tran-thai-phuong__p01.jpg,"[""https://res.cloudinary.com/dmukxquza/image/upload/v1780559757/danangtrip/locations/nha-tro-tran-thai-phuong/loc-265__nha-tro-tran-thai-phuong__p01.jpg""]",Khách sạn & Homestay,khach-san-homestay,7,manual_lodging_review,lodging_needs_manual_review
266,Nha tro Tran Trong Khiem,nha-tro-tran-trong-khiem,inactive,"Nam Ky Khoi Nghia, Ngu Hanh Son, Da Nang",Ngu Hanh Son,,15.97766860,108.25388190,,,,,,0.00,0,https://res.cloudinary.com/dmukxquza/image/upload/v1780559760/danangtrip/locations/nha-tro-tran-trong-khiem/loc-266__nha-tro-tran-trong-khiem__p01.jpg,"[""https://res.cloudinary.com/dmukxquza/image/upload/v1780559760/danangtrip/locations/nha-tro-tran-trong-khiem/loc-266__nha-tro-tran-trong-khiem__p01.jpg""]",Khách sạn & Homestay,khach-san-homestay,7,manual_lodging_review,lodging_needs_manual_review
267,Nha tro Tran Van Hieu,nha-tro-tran-van-hieu,inactive,"Luu Quang Vu, Ngu Hanh Son, Da Nang",Ngu Hanh Son,,15.97660180,108.24960090,0905501300,,,,,0.00,0,https://res.cloudinary.com/dmukxquza/image/upload/v1780559763/danangtrip/locations/nha-tro-tran-van-hieu/loc-267__nha-tro-tran-van-hieu__p01.jpg,"[""https://res.cloudinary.com/dmukxquza/image/upload/v1780559763/danangtrip/locations/nha-tro-tran-van-hieu/loc-267__nha-tro-tran-van-hieu__p01.jpg""]",Khách sạn & Homestay,khach-san-homestay,7,manual_lodging_review,lodging_needs_manual_review
268,Nha tro VTV,nha-tro-vtv,inactive,"183/15/13, Phan Thanh, Da Nang",Da Nang,,16.06144030,108.21018910,,,,,,0.00,0,https://res.cloudinary.com/dmukxquza/image/upload/v1780559766/danangtrip/locations/nha-tro-vtv/loc-268__nha-tro-vtv__p01.jpg,"[""https://res.cloudinary.com/dmukxquza/image/upload/v1780559766/danangtrip/locations/nha-tro-vtv/loc-268__nha-tro-vtv__p01.jpg""]",Khách sạn & Homestay,khach-san-homestay,7,manual_lodging_review,lodging_needs_manual_review
270,Noi o,noi-o,inactive,"Nguyen Hoang, Da Nang",Da Nang,,16.06083790,108.21363840,,,,,,0.00,0,https://res.cloudinary.com/dmukxquza/image/upload/v1780559771/danangtrip/locations/noi-o/loc-270__noi-o__p01.jpg,"[""https://res.cloudinary.com/dmukxquza/image/upload/v1780559771/danangtrip/locations/noi-o/loc-270__noi-o__p01.jpg""]",Khách sạn & Homestay,khach-san-homestay,7,manual_lodging_review,lodging_needs_manual_review
273,Oc Tien Sa Hotel,oc-tien-sa-hotel,inactive,"163, Nguyen Hoang, Hai Chau, Da Nang",Hai Chau,,16.06069990,108.21373770,,,,,,0.00,0,https://res.cloudinary.com/dmukxquza/image/upload/v1780559780/danangtrip/locations/oc-tien-sa-hotel/loc-273__oc-tien-sa-hotel__p01.jpg,"[""https://res.cloudinary.com/dmukxquza/image/upload/v1780559780/danangtrip/locations/oc-tien-sa-hotel/loc-273__oc-tien-sa-hotel__p01.jpg""]",Khách sạn & Homestay,khach-san-homestay,7,manual_lodging_review,lodging_needs_manual_review
276,Pha Le Hotel,pha-le-hotel,inactive,"204-206, Duong Ho Nghinh, Da Nang",Da Nang,,16.06685740,108.24302950,,http://www.crystalhoteldanang.com,,,,0.00,0,https://res.cloudinary.com/dmukxquza/image/upload/v1780559788/danangtrip/locations/pha-le-hotel/loc-276__pha-le-hotel__p01.jpg,"[""https://res.cloudinary.com/dmukxquza/image/upload/v1780559788/danangtrip/locations/pha-le-hotel/loc-276__pha-le-hotel__p01.jpg""]",Khách sạn & Homestay,khach-san-homestay,7,manual_lodging_review,lodging_needs_manual_review
279,Ponte Boutique Da Nang,ponte-boutique-da-nang,inactive,"104, Ho Nginh, Da Nang",Da Nang,,16.07460790,108.24277870,,,,,,0.00,0,https://res.cloudinary.com/dmukxquza/image/upload/v1780559809/danangtrip/locations/ponte-boutique-da-nang/loc-279__ponte-boutique-da-nang__p01.jpg,"[""https://res.cloudinary.com/dmukxquza/image/upload/v1780559809/danangtrip/locations/ponte-boutique-da-nang/loc-279__ponte-boutique-da-nang__p01.jpg""]",Khách sạn & Homestay,khach-san-homestay,7,manual_lodging_review,lodging_needs_manual_review
290,quan quan hotel,quan-quan-hotel,inactive,"Nguyen Huu Tho, Da Nang",Da Nang,,16.05360810,108.20892820,,,"{""raw"": ""24/7""}",,,0.00,0,https://res.cloudinary.com/dmukxquza/image/upload/v1780559840/danangtrip/locations/quan-quan-hotel/loc-290__quan-quan-hotel__p01.jpg,"[""https://res.cloudinary.com/dmukxquza/image/upload/v1780559840/danangtrip/locations/quan-quan-hotel/loc-290__quan-quan-hotel__p01.jpg""]",Khách sạn & Homestay,khach-san-homestay,7,manual_lodging_review,lodging_needs_manual_review
292,Red Palace Hotel,red-palace-hotel,inactive,"275, Duong Nguyen Tri Phuong, Da Nang",Da Nang,,16.05167040,108.21193400,,,,,,0.00,0,https://res.cloudinary.com/dmukxquza/image/upload/v1780559846/danangtrip/locations/red-palace-hotel/loc-292__red-palace-hotel__p01.jpg,"[""https://res.cloudinary.com/dmukxquza/image/upload/v1780559846/danangtrip/locations/red-palace-hotel/loc-292__red-palace-hotel__p01.jpg""]",Khách sạn & Homestay,khach-san-homestay,7,manual_lodging_review,lodging_needs_manual_review
293,ROLL hostel & pub,roll-hostel-pub,inactive,"84, Cao Ba Quat, Da Nang",Da Nang,,16.06342650,108.23056550,,https://www.booking.com/hotel/vn/roll-hostel-n-pub.html,,,,0.00,0,https://res.cloudinary.com/dmukxquza/image/upload/v1780559849/danangtrip/locations/roll-hostel-pub/loc-293__roll-hostel-pub__p01.jpg,"[""https://res.cloudinary.com/dmukxquza/image/upload/v1780559849/danangtrip/locations/roll-hostel-pub/loc-293__roll-hostel-pub__p01.jpg""]",Khách sạn & Homestay,khach-san-homestay,7,manual_lodging_review,lodging_needs_manual_review
294,Rom Casa Hostel,rom-casa-hostel,inactive,"47, Duong An Thuong 4, Da Nang",Da Nang,,16.04844070,108.24659630,,https://www.booking.com/hotel/vn/rom-casa-hostel-da-nang.html,"{""raw"": ""Su-Sa 07:00-23:55""}",,,0.00,0,https://res.cloudinary.com/dmukxquza/image/upload/v1780559852/danangtrip/locations/rom-casa-hostel/loc-294__rom-casa-hostel__p01.jpg,"[""https://res.cloudinary.com/dmukxquza/image/upload/v1780559852/danangtrip/locations/rom-casa-hostel/loc-294__rom-casa-hostel__p01.jpg""]",Khách sạn & Homestay,khach-san-homestay,7,manual_lodging_review,lodging_needs_manual_review
295,Rosabella Boutique Hotel,rosabella-boutique-hotel,inactive,"39, Duong Loseby, Da Nang",Da Nang,,16.07364980,108.24111340,,http://www.rosabellaboutiquehotel.com,,,,0.00,0,https://res.cloudinary.com/dmukxquza/image/upload/v1780559855/danangtrip/locations/rosabella-boutique-hotel/loc-295__rosabella-boutique-hotel__p01.jpg,"[""https://res.cloudinary.com/dmukxquza/image/upload/v1780559855/danangtrip/locations/rosabella-boutique-hotel/loc-295__rosabella-boutique-hotel__p01.jpg""]",Khách sạn & Homestay,khach-san-homestay,7,manual_lodging_review,lodging_needs_manual_review
296,Rosetta,rosetta,inactive,"63, Duong Duong Dinh Nghe, Son Tra, Da Nang",Son Tra,,16.06871680,108.24231290,,,,,,0.00,0,https://res.cloudinary.com/dmukxquza/image/upload/v1780559857/danangtrip/locations/rosetta/loc-296__rosetta__p01.jpg,"[""https://res.cloudinary.com/dmukxquza/image/upload/v1780559857/danangtrip/locations/rosetta/loc-296__rosetta__p01.jpg""]",Khách sạn & Homestay,khach-san-homestay,7,manual_lodging_review,lodging_needs_manual_review
297,Royal apartment,royal-apartment,inactive,"22, Duong My Da Dong 12, Da Nang",Da Nang,,16.04542580,108.24695270,,,,,,0.00,0,https://res.cloudinary.com/dmukxquza/image/upload/v1780559860/danangtrip/locations/royal-apartment/loc-297__royal-apartment__p01.jpg,"[""https://res.cloudinary.com/dmukxquza/image/upload/v1780559860/danangtrip/locations/royal-apartment/loc-297__royal-apartment__p01.jpg""]",Khách sạn & Homestay,khach-san-homestay,7,manual_lodging_review,lodging_needs_manual_review
299,San San Hotel,san-san-hotel,inactive,"54, Duong An Thuong 26, Da Nang",Da Nang,,16.05531580,108.24538620,,,,,,0.00,0,https://res.cloudinary.com/dmukxquza/image/upload/v1780559875/danangtrip/locations/san-san-hotel/loc-299__san-san-hotel__p01.jpg,"[""https://res.cloudinary.com/dmukxquza/image/upload/v1780559875/danangtrip/locations/san-san-hotel/loc-299__san-san-hotel__p01.jpg""]",Khách sạn & Homestay,khach-san-homestay,7,manual_lodging_review,lodging_needs_manual_review
300,Sanouva Danang Hotel,sanouva-danang-hotel,inactive,"68, Duong Phan Chau Trinh, Hai Chau, Da Nang",Hai Chau,,16.06698480,108.22013700,,https://www.sanouvadanang.com,,,,0.00,0,https://res.cloudinary.com/dmukxquza/image/upload/v1780559885/danangtrip/locations/sanouva-danang-hotel/loc-300__sanouva-danang-hotel__p01.jpg,"[""https://res.cloudinary.com/dmukxquza/image/upload/v1780559885/danangtrip/locations/sanouva-danang-hotel/loc-300__sanouva-danang-hotel__p01.jpg""]",Khách sạn & Homestay,khach-san-homestay,7,manual_lodging_review,lodging_needs_manual_review
301,Sea Phoenix Hotel,sea-phoenix-hotel,inactive,"115, Ho Xuan Huong, Da Nang",Da Nang,,16.04097150,108.24836330,,,,,,0.00,0,https://res.cloudinary.com/dmukxquza/image/upload/v1780559887/danangtrip/locations/sea-phoenix-hotel/loc-301__sea-phoenix-hotel__p01.jpg,"[""https://res.cloudinary.com/dmukxquza/image/upload/v1780559887/danangtrip/locations/sea-phoenix-hotel/loc-301__sea-phoenix-hotel__p01.jpg""]",Khách sạn & Homestay,khach-san-homestay,7,manual_lodging_review,lodging_needs_manual_review
302,Senorita boutique hotel,senorita-boutique-hotel,inactive,"89 Tran Bach Dang, Da Nang",Da Nang,,16.04979840,108.24778590,,,,,,0.00,0,https://res.cloudinary.com/dmukxquza/image/upload/v1780559890/danangtrip/locations/senorita-boutique-hotel/loc-302__senorita-boutique-hotel__p01.jpg,"[""https://res.cloudinary.com/dmukxquza/image/upload/v1780559890/danangtrip/locations/senorita-boutique-hotel/loc-302__senorita-boutique-hotel__p01.jpg""]",Khách sạn & Homestay,khach-san-homestay,7,manual_lodging_review,lodging_needs_manual_review
303,Sepon Blue Hotel,sepon-blue-hotel,inactive,"157-159, Duong Vo Van Kiet, Da Nang",Da Nang,,16.06185700,108.23786360,,http://seponblue.com/,,,,0.00,0,https://res.cloudinary.com/dmukxquza/image/upload/v1780559892/danangtrip/locations/sepon-blue-hotel/loc-303__sepon-blue-hotel__p01.jpg,"[""https://res.cloudinary.com/dmukxquza/image/upload/v1780559892/danangtrip/locations/sepon-blue-hotel/loc-303__sepon-blue-hotel__p01.jpg""]",Khách sạn & Homestay,khach-san-homestay,7,manual_lodging_review,lodging_needs_manual_review
305,Siro House Homestay,siro-house-homestay,inactive,"8, Kiet 72 Nguyen Van Thoai, Da Nang",Da Nang,,16.05392540,108.24022180,,,,,,0.00,0,https://res.cloudinary.com/dmukxquza/image/upload/v1780559897/danangtrip/locations/siro-house-homestay/loc-305__siro-house-homestay__p01.jpg,"[""https://res.cloudinary.com/dmukxquza/image/upload/v1780559897/danangtrip/locations/siro-house-homestay/loc-305__siro-house-homestay__p01.jpg""]",Khách sạn & Homestay,khach-san-homestay,7,manual_lodging_review,lodging_needs_manual_review
307,Solar Hotel,solar-hotel,inactive,"Duong Truong Chi Cuong, Da Nang",Da Nang,,16.03098980,108.22501880,,,,,,0.00,0,https://res.cloudinary.com/dmukxquza/image/upload/v1780559903/danangtrip/locations/solar-hotel/loc-307__solar-hotel__p01.jpg,"[""https://res.cloudinary.com/dmukxquza/image/upload/v1780559903/danangtrip/locations/solar-hotel/loc-307__solar-hotel__p01.jpg""]",Khách sạn & Homestay,khach-san-homestay,7,manual_lodging_review,lodging_needs_manual_review
308,Son Tra Green Hotel,son-tra-green-hotel,inactive,"116, Duong Nguyen Huy Chuong, Da Nang",Da Nang,,16.08818910,108.24442280,,,,,,0.00,0,https://res.cloudinary.com/dmukxquza/image/upload/v1780559905/danangtrip/locations/son-tra-green-hotel/loc-308__son-tra-green-hotel__p01.jpg,"[""https://res.cloudinary.com/dmukxquza/image/upload/v1780559905/danangtrip/locations/son-tra-green-hotel/loc-308__son-tra-green-hotel__p01.jpg""]",Khách sạn & Homestay,khach-san-homestay,7,manual_lodging_review,lodging_needs_manual_review
310,Star near me Hotel,star-near-me-hotel,inactive,"42, Duong Loseby, Da Nang",Da Nang,,16.07351670,108.24146180,,https://danangstarhotel.vn/,,,,0.00,0,https://res.cloudinary.com/dmukxquza/image/upload/v1780559920/danangtrip/locations/star-near-me-hotel/loc-310__star-near-me-hotel__p01.jpg,"[""https://res.cloudinary.com/dmukxquza/image/upload/v1780559920/danangtrip/locations/star-near-me-hotel/loc-310__star-near-me-hotel__p01.jpg""]",Khách sạn & Homestay,khach-san-homestay,7,manual_lodging_review,lodging_needs_manual_review
313,Tabii,tabii,inactive,"27, Duong An Don 4, Quan Son Tra, Danang",Quan Son Tra,,16.07299450,108.23727230,,,,,,0.00,0,https://res.cloudinary.com/dmukxquza/image/upload/v1780559939/danangtrip/locations/tabii/loc-313__tabii__p01.jpg,"[""https://res.cloudinary.com/dmukxquza/image/upload/v1780559939/danangtrip/locations/tabii/loc-313__tabii__p01.jpg""]",Khách sạn & Homestay,khach-san-homestay,7,manual_lodging_review,lodging_needs_manual_review
314,Tam House Villa Hotel,tam-house-villa-hotel,inactive,"27, K209 Nguyen Van Thoai, Da Nang",Da Nang,,16.05737600,108.24306310,,http://www.tamhousevillahotel.com,"{""raw"": ""24/7""}",,,0.00,0,https://res.cloudinary.com/dmukxquza/image/upload/v1780559942/danangtrip/locations/tam-house-villa-hotel/loc-314__tam-house-villa-hotel__p01.jpg,"[""https://res.cloudinary.com/dmukxquza/image/upload/v1780559942/danangtrip/locations/tam-house-villa-hotel/loc-314__tam-house-villa-hotel__p01.jpg""]",Khách sạn & Homestay,khach-san-homestay,7,manual_lodging_review,lodging_needs_manual_review
315,Tashi Park View Hotel & Apartment,tashi-park-view-hotel-apartment,inactive,"24-26, Duong Phuoc Truong 15, Da Nang",Da Nang,,16.07639670,108.24181130,,,,,,0.00,0,https://res.cloudinary.com/dmukxquza/image/upload/v1780559954/danangtrip/locations/tashi-park-view-hotel-apartment/loc-315__tashi-park-view-hotel-apartment__p01.jpg,"[""https://res.cloudinary.com/dmukxquza/image/upload/v1780559954/danangtrip/locations/tashi-park-view-hotel-apartment/loc-315__tashi-park-view-hotel-apartment__p01.jpg""]",Khách sạn & Homestay,khach-san-homestay,7,manual_lodging_review,lodging_needs_manual_review
318,Thanh Nhung,thanh-nhung,inactive,"17, Duong Pham Van Dong, Quan Son Tra, Danang",Quan Son Tra,,16.07121420,108.23600480,,,,,,0.00,0,https://res.cloudinary.com/dmukxquza/image/upload/v1780559962/danangtrip/locations/thanh-nhung/loc-318__thanh-nhung__p01.jpg,"[""https://res.cloudinary.com/dmukxquza/image/upload/v1780559962/danangtrip/locations/thanh-nhung/loc-318__thanh-nhung__p01.jpg""]",Khách sạn & Homestay,khach-san-homestay,7,manual_lodging_review,lodging_needs_manual_review
328,TruongVuHouse's,truongvuhouse-s,inactive,"Van Thanh 2, Da Nang",Da Nang,,16.09694760,108.13556710,,,,,,0.00,0,https://res.cloudinary.com/dmukxquza/image/upload/v1780560008/danangtrip/locations/truongvuhouse-s/loc-328__truongvuhouse-s__p01.jpg,"[""https://res.cloudinary.com/dmukxquza/image/upload/v1780560008/danangtrip/locations/truongvuhouse-s/loc-328__truongvuhouse-s__p01.jpg""]",Khách sạn & Homestay,khach-san-homestay,7,manual_lodging_review,lodging_needs_manual_review
330,Ty house homestay da nang,ty-house-homestay-da-nang,inactive,"25-27, Kiet 21 Che Lan Vien, Da Nang",Da Nang,,16.04318480,108.24644960,,,,,,0.00,0,https://res.cloudinary.com/dmukxquza/image/upload/v1780560014/danangtrip/locations/ty-house-homestay-da-nang/loc-330__ty-house-homestay-da-nang__p01.jpg,"[""https://res.cloudinary.com/dmukxquza/image/upload/v1780560014/danangtrip/locations/ty-house-homestay-da-nang/loc-330__ty-house-homestay-da-nang__p01.jpg""]",Khách sạn & Homestay,khach-san-homestay,7,manual_lodging_review,lodging_needs_manual_review
