catalog_index,tour_name,tour_slug,source_url,photo_index,is_primary,provider,provider_photo_id,provider_page_url,photographer,photographer_url,image_url,image_alt,local_file,local_path,content_type,bytes,sha256,width,height,cloudinary_public_id,cloudinary_resource_type,status,error,rights_note,duplicate_of_cloudinary_public_id
1,AFTERNOON BA NA HILLS – GOLDEN BRIDGE & DRAGON BRIDGE BY NIGHT TOUR,recrawl-018-venusvietnamtravel-afternoon-ba-na-hills-golden-bridge-dragon-bridge-by-night-tour-venustravel,https://venusvietnamtravel.com/afternoon-ba-na-hills-golden-bridge-dragon-bridge-by-night-tour/,1,True,venus,,,,,https://venus-cdn.b-cdn.net/wp-content/uploads/2025/08/Video-scaled.jpg,,tour-001__recrawl-018-venusvietnamtravel-afternoon-ba-na-hills-golden-bridge-dragon-bridge-by-night-tour-venustravel__p01__venus-video-scaled.jpg,D:\DATN\DATN_Tài liệu\data-center\media-assets\cloudinary-staging\tours\2026-06-07-verified-real-tours\originals\tour-001__recrawl-018-venusvietnamtravel-afternoon-ba-na-hills-golden-bridge-dragon-bridge-by-night-tour-venustravel__p01__venus-video-scaled.jpg,image/jpeg,433967,21106a5a3a1903e641e1144fceeb3c9b54524e88499fef5d965d4bbef4cd0182,,,danangtrip/tours/recrawl-018-venusvietnamtravel-afternoon-ba-na-hills-golden-bridge-dragon-bridge-by-night-tour-venustravel/tour-001__recrawl-018-venusvietnamtravel-afternoon-ba-na-hills-golden-bridge-dragon-bridge-by-night-tour-venustravel__p01__venus-video-scaled,image,already_downloaded,,Downloaded from operator source page; verify reuse permission before production publication.,
1,AFTERNOON BA NA HILLS – GOLDEN BRIDGE & DRAGON BRIDGE BY NIGHT TOUR,recrawl-018-venusvietnamtravel-afternoon-ba-na-hills-golden-bridge-dragon-bridge-by-night-tour-venustravel,https://venusvietnamtravel.com/afternoon-ba-na-hills-golden-bridge-dragon-bridge-by-night-tour/,2,False,pexels,28297412,https://www.pexels.com/photo/a-bridge-with-giant-hands-on-it-in-the-fog-28297412/,Pham Ngoc Anh,https://www.pexels.com/@pham-ngoc-anh-170983008,https://images.pexels.com/photos/28297412/pexels-photo-28297412.jpeg?auto=compress&cs=tinysrgb&dpr=2&h=650&w=940,AFTERNOON BA NA HILLS – GOLDEN BRIDGE & DRAGON BRIDGE BY NIGHT TOUR - Pexels candidate for Ba Na Hills Golden Bridge Da Nang Vietnam,tour-001__recrawl-018-venusvietnamtravel-afternoon-ba-na-hills-golden-bridge-dragon-bridge-by-night-tour-venustravel__p02__pexels-28297412.jpg,D:\DATN\DATN_Tài liệu\data-center\media-assets\cloudinary-staging\tours\2026-06-07-verified-real-tours\originals\tour-001__recrawl-018-venusvietnamtravel-afternoon-ba-na-hills-golden-bridge-dragon-bridge-by-night-tour-venustravel__p02__pexels-28297412.jpg,image/jpeg,318294,6dce3cb318737b947a81b1d6fb63a4f50272238632effc95a426a00cdf4500c0,,,danangtrip/tours/recrawl-018-venusvietnamtravel-afternoon-ba-na-hills-golden-bridge-dragon-bridge-by-night-tour-venustravel/tour-001__recrawl-018-venusvietnamtravel-afternoon-ba-na-hills-golden-bridge-dragon-bridge-by-night-tour-venustravel__p02__pexels-28297412,image,already_downloaded,,Pexels attribution metadata retained; verify final usage terms.,
1,AFTERNOON BA NA HILLS – GOLDEN BRIDGE & DRAGON BRIDGE BY NIGHT TOUR,recrawl-018-venusvietnamtravel-afternoon-ba-na-hills-golden-bridge-dragon-bridge-by-night-tour-venustravel,https://venusvietnamtravel.com/afternoon-ba-na-hills-golden-bridge-dragon-bridge-by-night-tour/,3,False,pexels,20602155,https://www.pexels.com/photo/golden-hand-bridge-in-da-nang-in-vietnam-20602155/,Kirandeep Singh Walia,https://www.pexels.com/@kirandeepsingh,https://images.pexels.com/photos/20602155/pexels-photo-20602155.jpeg?auto=compress&cs=tinysrgb&dpr=2&h=650&w=940,AFTERNOON BA NA HILLS – GOLDEN BRIDGE & DRAGON BRIDGE BY NIGHT TOUR - Pexels candidate for Ba Na Hills Golden Bridge Da Nang Vietnam,tour-001__recrawl-018-venusvietnamtravel-afternoon-ba-na-hills-golden-bridge-dragon-bridge-by-night-tour-venustravel__p03__pexels-20602155.jpg,D:\DATN\DATN_Tài liệu\data-center\media-assets\cloudinary-staging\tours\2026-06-07-verified-real-tours\originals\tour-001__recrawl-018-venusvietnamtravel-afternoon-ba-na-hills-golden-bridge-dragon-bridge-by-night-tour-venustravel__p03__pexels-20602155.jpg,image/jpeg,348799,53a71733eeba1e98bd6a14d27b3d8b5e482336ede0f233408cf0348b43e69ef7,,,danangtrip/tours/recrawl-018-venusvietnamtravel-afternoon-ba-na-hills-golden-bridge-dragon-bridge-by-night-tour-venustravel/tour-001__recrawl-018-venusvietnamtravel-afternoon-ba-na-hills-golden-bridge-dragon-bridge-by-night-tour-venustravel__p03__pexels-20602155,image,already_downloaded,,Pexels attribution metadata retained; verify final usage terms.,
2,Ba Na Hills And Golden Bridge Tour From Tien Sa Port,vmtravel-recheck-001-ba-na-hills-and-golden-bridge-tour-from-tien-sa-port,https://vmtravel.com/tours/ba-na-hills-and-golden-bridge-tour-from-tien-sa/,1,True,vmtravel,,,,,https://vmtravel.com/wp-content/uploads/2024/07/Bana-Hills-cable-car-in-Da-Nang.jpg,,tour-002__vmtravel-recheck-001-ba-na-hills-and-golden-bridge-tour-from-tien-sa-port__p01__vmtravel-bana-hills-cable-car-in-da-nang.jpg,D:\DATN\DATN_Tài liệu\data-center\media-assets\cloudinary-staging\tours\2026-06-07-verified-real-tours\originals\tour-002__vmtravel-recheck-001-ba-na-hills-and-golden-bridge-tour-from-tien-sa-port__p01__vmtravel-bana-hills-cable-car-in-da-nang.jpg,image/jpeg,699760,7c00fe63ca096fefae48c1844c4573bbdcb512154b3bf9fbccfb745178f3eee2,,,danangtrip/tours/vmtravel-recheck-001-ba-na-hills-and-golden-bridge-tour-from-tien-sa-port/tour-002__vmtravel-recheck-001-ba-na-hills-and-golden-bridge-tour-from-tien-sa-port__p01__vmtravel-bana-hills-cable-car-in-da-nang,image,already_downloaded,,Downloaded from operator source page; verify reuse permission before production publication.,
2,Ba Na Hills And Golden Bridge Tour From Tien Sa Port,vmtravel-recheck-001-ba-na-hills-and-golden-bridge-tour-from-tien-sa-port,https://vmtravel.com/tours/ba-na-hills-and-golden-bridge-tour-from-tien-sa/,2,False,vmtravel,,,,,https://vmtravel.com/wp-content/uploads/2023/07/bana-hills.jpg,,tour-002__vmtravel-recheck-001-ba-na-hills-and-golden-bridge-tour-from-tien-sa-port__p02__vmtravel-bana-hills.jpg,D:\DATN\DATN_Tài liệu\data-center\media-assets\cloudinary-staging\tours\2026-06-07-verified-real-tours\originals\tour-002__vmtravel-recheck-001-ba-na-hills-and-golden-bridge-tour-from-tien-sa-port__p02__vmtravel-bana-hills.jpg,image/jpeg,647606,2f30d9e891eec822e6b3e25440935297eda36f45aeb614de08a7cce792f9e261,,,danangtrip/tours/vmtravel-recheck-001-ba-na-hills-and-golden-bridge-tour-from-tien-sa-port/tour-002__vmtravel-recheck-001-ba-na-hills-and-golden-bridge-tour-from-tien-sa-port__p02__vmtravel-bana-hills,image,already_downloaded,,Downloaded from operator source page; verify reuse permission before production publication.,
2,Ba Na Hills And Golden Bridge Tour From Tien Sa Port,vmtravel-recheck-001-ba-na-hills-and-golden-bridge-tour-from-tien-sa-port,https://vmtravel.com/tours/ba-na-hills-and-golden-bridge-tour-from-tien-sa/,3,False,vmtravel,,,,,https://vmtravel.com/wp-content/uploads/2023/07/bana-hills-tour-from-chan-may-port.jpg,,tour-002__vmtravel-recheck-001-ba-na-hills-and-golden-bridge-tour-from-tien-sa-port__p03__vmtravel-bana-hills-tour-from-chan-may-port.jpg,D:\DATN\DATN_Tài liệu\data-center\media-assets\cloudinary-staging\tours\2026-06-07-verified-real-tours\originals\tour-002__vmtravel-recheck-001-ba-na-hills-and-golden-bridge-tour-from-tien-sa-port__p03__vmtravel-bana-hills-tour-from-chan-may-port.jpg,image/jpeg,624635,c1228d1704e2da2058444831342f28e1f94c285d0e8b1e97b3e7f8d794823ad2,,,danangtrip/tours/vmtravel-recheck-001-ba-na-hills-and-golden-bridge-tour-from-tien-sa-port/tour-002__vmtravel-recheck-001-ba-na-hills-and-golden-bridge-tour-from-tien-sa-port__p03__vmtravel-bana-hills-tour-from-chan-may-port,image,already_downloaded,,Downloaded from operator source page; verify reuse permission before production publication.,
3,Ba Na Hills Night Tour and Sunset Golden Bridge Tour,vmtravel-central-002-ba-na-hills-night-tour-and-sunset-golden-bridge-tour,https://vmtravel.com/tours/ba-na-hills-night-tour/,1,True,vmtravel,,,,,https://vmtravel.com/wp-content/uploads/2026/01/Ba-Na-Hills-night-tour.jpg,,tour-003__vmtravel-central-002-ba-na-hills-night-tour-and-sunset-golden-bridge-tour__p01__vmtravel-ba-na-hills-night-tour.jpg,D:\DATN\DATN_Tài liệu\data-center\media-assets\cloudinary-staging\tours\2026-06-07-verified-real-tours\originals\tour-003__vmtravel-central-002-ba-na-hills-night-tour-and-sunset-golden-bridge-tour__p01__vmtravel-ba-na-hills-night-tour.jpg,image/jpeg,795670,cfd51cf4d4c64457c418bdad81fa65beeb4a6b15e0169fc586bb8b75d84e20ca,,,danangtrip/tours/vmtravel-central-002-ba-na-hills-night-tour-and-sunset-golden-bridge-tour/tour-003__vmtravel-central-002-ba-na-hills-night-tour-and-sunset-golden-bridge-tour__p01__vmtravel-ba-na-hills-night-tour,image,already_downloaded,,Downloaded from operator source page; verify reuse permission before production publication.,
3,Ba Na Hills Night Tour and Sunset Golden Bridge Tour,vmtravel-central-002-ba-na-hills-night-tour-and-sunset-golden-bridge-tour,https://vmtravel.com/tours/ba-na-hills-night-tour/,2,False,vmtravel,,,,,https://vmtravel.com/wp-content/uploads/2026/01/Event-at-Bana-Hills-by-night.jpg,,tour-003__vmtravel-central-002-ba-na-hills-night-tour-and-sunset-golden-bridge-tour__p02__vmtravel-event-at-bana-hills-by-night.jpg,D:\DATN\DATN_Tài liệu\data-center\media-assets\cloudinary-staging\tours\2026-06-07-verified-real-tours\originals\tour-003__vmtravel-central-002-ba-na-hills-night-tour-and-sunset-golden-bridge-tour__p02__vmtravel-event-at-bana-hills-by-night.jpg,image/jpeg,822561,126878d980cd70cea941e2e469832e963897e1b38674fcca784ae610760ecbb2,,,danangtrip/tours/vmtravel-central-002-ba-na-hills-night-tour-and-sunset-golden-bridge-tour/tour-003__vmtravel-central-002-ba-na-hills-night-tour-and-sunset-golden-bridge-tour__p02__vmtravel-event-at-bana-hills-by-night,image,already_downloaded,,Downloaded from operator source page; verify reuse permission before production publication.,
3,Ba Na Hills Night Tour and Sunset Golden Bridge Tour,vmtravel-central-002-ba-na-hills-night-tour-and-sunset-golden-bridge-tour,https://vmtravel.com/tours/ba-na-hills-night-tour/,3,False,vmtravel,,,,,https://vmtravel.com/wp-content/uploads/2026/01/Sunset-Bana-Hills-Da-Nang.jpg,,tour-003__vmtravel-central-002-ba-na-hills-night-tour-and-sunset-golden-bridge-tour__p03__vmtravel-sunset-bana-hills-da-nang.jpg,D:\DATN\DATN_Tài liệu\data-center\media-assets\cloudinary-staging\tours\2026-06-07-verified-real-tours\originals\tour-003__vmtravel-central-002-ba-na-hills-night-tour-and-sunset-golden-bridge-tour__p03__vmtravel-sunset-bana-hills-da-nang.jpg,image/jpeg,749943,81626250048bc0fbe39073bfa8a7e362e3eb411357196af96285f66b06408009,,,danangtrip/tours/vmtravel-central-002-ba-na-hills-night-tour-and-sunset-golden-bridge-tour/tour-003__vmtravel-central-002-ba-na-hills-night-tour-and-sunset-golden-bridge-tour__p03__vmtravel-sunset-bana-hills-da-nang,image,already_downloaded,,Downloaded from operator source page; verify reuse permission before production publication.,
4,Ba Na Hills Tour From Da Nang 1 Day Tour: Deluxe Group Tour,vmtravel-central-003-ba-na-hills-tour-from-da-nang-1-day-tour-deluxe-group-tour,https://vmtravel.com/tours/ba-na-hills-tour-from-da-nang/,1,True,vmtravel,,,,,https://vmtravel.com/wp-content/uploads/2023/09/Bana-Hills-big-group-tour.jpg,,tour-004__vmtravel-central-003-ba-na-hills-tour-from-da-nang-1-day-tour-deluxe-group-tour__p01__vmtravel-bana-hills-big-group-tour.jpg,D:\DATN\DATN_Tài liệu\data-center\media-assets\cloudinary-staging\tours\2026-06-07-verified-real-tours\originals\tour-004__vmtravel-central-003-ba-na-hills-tour-from-da-nang-1-day-tour-deluxe-group-tour__p01__vmtravel-bana-hills-big-group-tour.jpg,image/jpeg,899431,37366374ed30f904f8bb9e899c66045a439636b6231b3f9870017594aed23607,,,danangtrip/tours/vmtravel-central-003-ba-na-hills-tour-from-da-nang-1-day-tour-deluxe-group-tour/tour-004__vmtravel-central-003-ba-na-hills-tour-from-da-nang-1-day-tour-deluxe-group-tour__p01__vmtravel-bana-hills-big-group-tour,image,already_downloaded,,Downloaded from operator source page; verify reuse permission before production publication.,
4,Ba Na Hills Tour From Da Nang 1 Day Tour: Deluxe Group Tour,vmtravel-central-003-ba-na-hills-tour-from-da-nang-1-day-tour-deluxe-group-tour,https://vmtravel.com/tours/ba-na-hills-tour-from-da-nang/,2,False,vmtravel,,,,,https://vmtravel.com/wp-content/uploads/2023/09/Bana-Hills-in-December.jpg,,tour-004__vmtravel-central-003-ba-na-hills-tour-from-da-nang-1-day-tour-deluxe-group-tour__p02__vmtravel-bana-hills-in-december.jpg,D:\DATN\DATN_Tài liệu\data-center\media-assets\cloudinary-staging\tours\2026-06-07-verified-real-tours\originals\tour-004__vmtravel-central-003-ba-na-hills-tour-from-da-nang-1-day-tour-deluxe-group-tour__p02__vmtravel-bana-hills-in-december.jpg,image/jpeg,707911,d4b8a51e5e477059af623e211d975ec0b0aca2d2418fb07a6bc3a5efeeb713bd,,,danangtrip/tours/vmtravel-central-003-ba-na-hills-tour-from-da-nang-1-day-tour-deluxe-group-tour/tour-004__vmtravel-central-003-ba-na-hills-tour-from-da-nang-1-day-tour-deluxe-group-tour__p02__vmtravel-bana-hills-in-december,image,already_downloaded,,Downloaded from operator source page; verify reuse permission before production publication.,
4,Ba Na Hills Tour From Da Nang 1 Day Tour: Deluxe Group Tour,vmtravel-central-003-ba-na-hills-tour-from-da-nang-1-day-tour-deluxe-group-tour,https://vmtravel.com/tours/ba-na-hills-tour-from-da-nang/,3,False,vmtravel,,,,,https://vmtravel.com/wp-content/uploads/2023/07/bana-hill-tour-from-hoi-an.jpg,,tour-004__vmtravel-central-003-ba-na-hills-tour-from-da-nang-1-day-tour-deluxe-group-tour__p03__vmtravel-bana-hill-tour-from-hoi-an.jpg,D:\DATN\DATN_Tài liệu\data-center\media-assets\cloudinary-staging\tours\2026-06-07-verified-real-tours\originals\tour-004__vmtravel-central-003-ba-na-hills-tour-from-da-nang-1-day-tour-deluxe-group-tour__p03__vmtravel-bana-hill-tour-from-hoi-an.jpg,image/jpeg,793146,9bfc98f2fe7170a383b8952c8f9cfcb37681bd1f2afb957e40f200d4ed93e2a4,,,danangtrip/tours/vmtravel-central-003-ba-na-hills-tour-from-da-nang-1-day-tour-deluxe-group-tour/tour-004__vmtravel-central-003-ba-na-hills-tour-from-da-nang-1-day-tour-deluxe-group-tour__p03__vmtravel-bana-hill-tour-from-hoi-an,image,already_downloaded,,Downloaded from operator source page; verify reuse permission before production publication.,
5,Ba Na Hills Tour From Hoi An - Exquisite Delight 1 Day Tour,vmtravel-central-004-ba-na-hills-tour-from-hoi-an-exquisite-delight-1-day-tour,https://vmtravel.com/tours/ba-na-hills-tour-from-hoi-an/,2,False,vmtravel,,,,,https://vmtravel.com/wp-content/uploads/2023/07/bana-hills-danang.jpg,,tour-005__vmtravel-central-004-ba-na-hills-tour-from-hoi-an-exquisite-delight-1-day-tour__p02__vmtravel-bana-hills-danang.jpg,D:\DATN\DATN_Tài liệu\data-center\media-assets\cloudinary-staging\tours\2026-06-07-verified-real-tours\originals\tour-005__vmtravel-central-004-ba-na-hills-tour-from-hoi-an-exquisite-delight-1-day-tour__p02__vmtravel-bana-hills-danang.jpg,image/jpeg,610470,f63f7659479a18ee2b0fe6b2aa91f96ac7cbbce478de9fd0471d6af671de4d8d,,,danangtrip/tours/vmtravel-central-004-ba-na-hills-tour-from-hoi-an-exquisite-delight-1-day-tour/tour-005__vmtravel-central-004-ba-na-hills-tour-from-hoi-an-exquisite-delight-1-day-tour__p02__vmtravel-bana-hills-danang,image,already_downloaded,,Downloaded from operator source page; verify reuse permission before production publication.,
5,Ba Na Hills Tour From Hoi An - Exquisite Delight 1 Day Tour,vmtravel-central-004-ba-na-hills-tour-from-hoi-an-exquisite-delight-1-day-tour,https://vmtravel.com/tours/ba-na-hills-tour-from-hoi-an/,3,False,vmtravel,,,,,https://vmtravel.com/wp-content/uploads/2023/07/French-Village.jpg,,tour-005__vmtravel-central-004-ba-na-hills-tour-from-hoi-an-exquisite-delight-1-day-tour__p03__vmtravel-french-village.jpg,D:\DATN\DATN_Tài liệu\data-center\media-assets\cloudinary-staging\tours\2026-06-07-verified-real-tours\originals\tour-005__vmtravel-central-004-ba-na-hills-tour-from-hoi-an-exquisite-delight-1-day-tour__p03__vmtravel-french-village.jpg,image/jpeg,737854,2d689882104c30acb109c3d91d8f3d685177745e109653c0fe57b2c8a86ab0c4,,,danangtrip/tours/vmtravel-central-004-ba-na-hills-tour-from-hoi-an-exquisite-delight-1-day-tour/tour-005__vmtravel-central-004-ba-na-hills-tour-from-hoi-an-exquisite-delight-1-day-tour__p03__vmtravel-french-village,image,already_downloaded,,Downloaded from operator source page; verify reuse permission before production publication.,
6,Bana Hills Day Tour - Book 1 Day Tour in Da Nang - Best Trip,vmtravel-central-005-bana-hills-day-tour-book-1-day-tour-in-da-nang-best-trip,https://vmtravel.com/tours/bana-hills-day-tour-private-tours/,1,True,vmtravel,,,,,https://vmtravel.com/wp-content/uploads/2023/07/explore-Golden-Bridge.jpg,,tour-006__vmtravel-central-005-bana-hills-day-tour-book-1-day-tour-in-da-nang-best-trip__p01__vmtravel-explore-golden-bridge.jpg,D:\DATN\DATN_Tài liệu\data-center\media-assets\cloudinary-staging\tours\2026-06-07-verified-real-tours\originals\tour-006__vmtravel-central-005-bana-hills-day-tour-book-1-day-tour-in-da-nang-best-trip__p01__vmtravel-explore-golden-bridge.jpg,image/jpeg,759957,012c04d5b7d3950adde803653c4900fab9d4d8c71405d78760f59df529de4036,,,danangtrip/tours/vmtravel-central-005-bana-hills-day-tour-book-1-day-tour-in-da-nang-best-trip/tour-006__vmtravel-central-005-bana-hills-day-tour-book-1-day-tour-in-da-nang-best-trip__p01__vmtravel-explore-golden-bridge,image,already_downloaded,,Downloaded from operator source page; verify reuse permission before production publication.,
7,Cham Island Sightseeing & Snorkeling Tour,recrawl-022-venusvietnamtravel-cham-island-sightseeing-snorkeling-tour-venustravel,https://venusvietnamtravel.com/cham-island-sightseeing-and-snorkeling-tour/,1,True,venus,,,,,https://venus-cdn.b-cdn.net/wp-content/uploads/2022/06/cu-lao-cham-2-e1700123421497.jpg,,tour-007__recrawl-022-venusvietnamtravel-cham-island-sightseeing-snorkeling-tour-venustravel__p01__venus-cu-lao-cham-2-e1700123421497.jpg,D:\DATN\DATN_Tài liệu\data-center\media-assets\cloudinary-staging\tours\2026-06-07-verified-real-tours\originals\tour-007__recrawl-022-venusvietnamtravel-cham-island-sightseeing-snorkeling-tour-venustravel__p01__venus-cu-lao-cham-2-e1700123421497.jpg,image/jpeg,117031,9f39db89ad571b499fbbbe1661ac0659c4618190514c0475f713da166eade9c4,,,danangtrip/tours/recrawl-022-venusvietnamtravel-cham-island-sightseeing-snorkeling-tour-venustravel/tour-007__recrawl-022-venusvietnamtravel-cham-island-sightseeing-snorkeling-tour-venustravel__p01__venus-cu-lao-cham-2-e1700123421497,image,already_downloaded,,Downloaded from operator source page; verify reuse permission before production publication.,
7,Cham Island Sightseeing & Snorkeling Tour,recrawl-022-venusvietnamtravel-cham-island-sightseeing-snorkeling-tour-venustravel,https://venusvietnamtravel.com/cham-island-sightseeing-and-snorkeling-tour/,2,False,pexels,5116361,https://www.pexels.com/photo/linckia-laevigata-starfish-on-acropora-corals-growing-undersea-5116361/,Quang Nguyen Vinh,https://www.pexels.com/@quang-nguyen-vinh-222549,https://images.pexels.com/photos/5116361/pexels-photo-5116361.jpeg?auto=compress&cs=tinysrgb&dpr=2&h=650&w=940,Cham Island Sightseeing & Snorkeling Tour - Pexels candidate for Cham Island Vietnam snorkeling,tour-007__recrawl-022-venusvietnamtravel-cham-island-sightseeing-snorkeling-tour-venustravel__p02__pexels-5116361.jpg,D:\DATN\DATN_Tài liệu\data-center\media-assets\cloudinary-staging\tours\2026-06-07-verified-real-tours\originals\tour-007__recrawl-022-venusvietnamtravel-cham-island-sightseeing-snorkeling-tour-venustravel__p02__pexels-5116361.jpg,image/jpeg,469161,e2f2ada956611c3b530b5b87037360eedc7ae484a63a7ea6c8e8f0d78fb399a9,,,danangtrip/tours/recrawl-022-venusvietnamtravel-cham-island-sightseeing-snorkeling-tour-venustravel/tour-007__recrawl-022-venusvietnamtravel-cham-island-sightseeing-snorkeling-tour-venustravel__p02__pexels-5116361,image,already_downloaded,,Pexels attribution metadata retained; verify final usage terms.,
7,Cham Island Sightseeing & Snorkeling Tour,recrawl-022-venusvietnamtravel-cham-island-sightseeing-snorkeling-tour-venustravel,https://venusvietnamtravel.com/cham-island-sightseeing-and-snorkeling-tour/,3,False,pexels,27506369,https://www.pexels.com/photo/swimming-27506369/,Woki Nguyn,https://www.pexels.com/@woki-nguyn-736232093,https://images.pexels.com/photos/27506369/pexels-photo-27506369.jpeg?auto=compress&cs=tinysrgb&dpr=2&h=650&w=940,Cham Island Sightseeing & Snorkeling Tour - Pexels candidate for Cham Island Vietnam snorkeling,tour-007__recrawl-022-venusvietnamtravel-cham-island-sightseeing-snorkeling-tour-venustravel__p03__pexels-27506369.jpg,D:\DATN\DATN_Tài liệu\data-center\media-assets\cloudinary-staging\tours\2026-06-07-verified-real-tours\originals\tour-007__recrawl-022-venusvietnamtravel-cham-island-sightseeing-snorkeling-tour-venustravel__p03__pexels-27506369.jpg,image/jpeg,448648,a44295265884be3efbb284ef354e666ce8991d92bd69ea58e773f8c14c47a011,,,danangtrip/tours/recrawl-022-venusvietnamtravel-cham-island-sightseeing-snorkeling-tour-venustravel/tour-007__recrawl-022-venusvietnamtravel-cham-island-sightseeing-snorkeling-tour-venustravel__p03__pexels-27506369,image,already_downloaded,,Pexels attribution metadata retained; verify final usage terms.,
8,Cham Island Snorkeling Tour from Hoi An or Da Nang,vmtravel-central-006-cham-island-snorkeling-tour-from-hoi-an-or-da-nang,https://vmtravel.com/tours/cham-island-snorkeling-tour/,1,True,vmtravel,,,,,https://vmtravel.com/wp-content/uploads/2024/01/snockerling-in-cham-island.jpg,,tour-008__vmtravel-central-006-cham-island-snorkeling-tour-from-hoi-an-or-da-nang__p01__vmtravel-snockerling-in-cham-island.jpg,D:\DATN\DATN_Tài liệu\data-center\media-assets\cloudinary-staging\tours\2026-06-07-verified-real-tours\originals\tour-008__vmtravel-central-006-cham-island-snorkeling-tour-from-hoi-an-or-da-nang__p01__vmtravel-snockerling-in-cham-island.jpg,image/jpeg,861037,6d98fda55784393e0ae51801782c37ac334d54ed18ae55bfe9349f372d4aa414,,,danangtrip/tours/vmtravel-central-006-cham-island-snorkeling-tour-from-hoi-an-or-da-nang/tour-008__vmtravel-central-006-cham-island-snorkeling-tour-from-hoi-an-or-da-nang__p01__vmtravel-snockerling-in-cham-island,image,already_downloaded,,Downloaded from operator source page; verify reuse permission before production publication.,
8,Cham Island Snorkeling Tour from Hoi An or Da Nang,vmtravel-central-006-cham-island-snorkeling-tour-from-hoi-an-or-da-nang,https://vmtravel.com/tours/cham-island-snorkeling-tour/,2,False,vmtravel,,,,,https://vmtravel.com/wp-content/uploads/2025/05/cham-island-tour-from-da-nang.jpg,,tour-008__vmtravel-central-006-cham-island-snorkeling-tour-from-hoi-an-or-da-nang__p02__vmtravel-cham-island-tour-from-da-nang.jpg,D:\DATN\DATN_Tài liệu\data-center\media-assets\cloudinary-staging\tours\2026-06-07-verified-real-tours\originals\tour-008__vmtravel-central-006-cham-island-snorkeling-tour-from-hoi-an-or-da-nang__p02__vmtravel-cham-island-tour-from-da-nang.jpg,image/jpeg,508908,b29d84e090b147c22cc92f87bb7057d5103a2448f600520fa4f02fb221581d1f,,,danangtrip/tours/vmtravel-central-006-cham-island-snorkeling-tour-from-hoi-an-or-da-nang/tour-008__vmtravel-central-006-cham-island-snorkeling-tour-from-hoi-an-or-da-nang__p02__vmtravel-cham-island-tour-from-da-nang,image,already_downloaded,,Downloaded from operator source page; verify reuse permission before production publication.,
8,Cham Island Snorkeling Tour from Hoi An or Da Nang,vmtravel-central-006-cham-island-snorkeling-tour-from-hoi-an-or-da-nang,https://vmtravel.com/tours/cham-island-snorkeling-tour/,3,False,vmtravel,,,,,https://vmtravel.com/wp-content/uploads/2024/01/cu-lao-cham.jpg,,tour-008__vmtravel-central-006-cham-island-snorkeling-tour-from-hoi-an-or-da-nang__p03__vmtravel-cu-lao-cham.jpg,D:\DATN\DATN_Tài liệu\data-center\media-assets\cloudinary-staging\tours\2026-06-07-verified-real-tours\originals\tour-008__vmtravel-central-006-cham-island-snorkeling-tour-from-hoi-an-or-da-nang__p03__vmtravel-cu-lao-cham.jpg,image/jpeg,1091250,8dd9fe65a77c5e882a97048b5892f60158e170c6abde39eb27914750ce9d8091,,,danangtrip/tours/vmtravel-central-006-cham-island-snorkeling-tour-from-hoi-an-or-da-nang/tour-008__vmtravel-central-006-cham-island-snorkeling-tour-from-hoi-an-or-da-nang__p03__vmtravel-cu-lao-cham,image,already_downloaded,,Downloaded from operator source page; verify reuse permission before production publication.,
9,Da Nang City Tour - Deluxe Group Tour,vmtravel-central-007-da-nang-city-tour-deluxe-group-tour-vm-travel,https://vmtravel.com/tours/da-nang-city-tour-deluxe-group/,1,True,vmtravel,,,,,https://vmtravel.com/wp-content/uploads/2023/09/danang-tour.jpg,,tour-009__vmtravel-central-007-da-nang-city-tour-deluxe-group-tour-vm-travel__p01__vmtravel-danang-tour.jpg,D:\DATN\DATN_Tài liệu\data-center\media-assets\cloudinary-staging\tours\2026-06-07-verified-real-tours\originals\tour-009__vmtravel-central-007-da-nang-city-tour-deluxe-group-tour-vm-travel__p01__vmtravel-danang-tour.jpg,image/jpeg,707028,84c687c2b8bdaca2b472ac6780da1d4c1bf004446c51cdb2cf01bbdcfeec8845,,,danangtrip/tours/vmtravel-central-007-da-nang-city-tour-deluxe-group-tour-vm-travel/tour-009__vmtravel-central-007-da-nang-city-tour-deluxe-group-tour-vm-travel__p01__vmtravel-danang-tour,image,already_downloaded,,Downloaded from operator source page; verify reuse permission before production publication.,
9,Da Nang City Tour - Deluxe Group Tour,vmtravel-central-007-da-nang-city-tour-deluxe-group-tour-vm-travel,https://vmtravel.com/tours/da-nang-city-tour-deluxe-group/,2,False,vmtravel,,,,,https://vmtravel.com/wp-content/uploads/2023/07/Marble-Mountains.jpg,,tour-009__vmtravel-central-007-da-nang-city-tour-deluxe-group-tour-vm-travel__p02__vmtravel-marble-mountains.jpg,D:\DATN\DATN_Tài liệu\data-center\media-assets\cloudinary-staging\tours\2026-06-07-verified-real-tours\originals\tour-009__vmtravel-central-007-da-nang-city-tour-deluxe-group-tour-vm-travel__p02__vmtravel-marble-mountains.jpg,image/jpeg,906643,2b9713b916f2e176bc71b16a567b9e22ec5d047def7629639d31e0e7c49e8d09,,,danangtrip/tours/vmtravel-central-007-da-nang-city-tour-deluxe-group-tour-vm-travel/tour-009__vmtravel-central-007-da-nang-city-tour-deluxe-group-tour-vm-travel__p02__vmtravel-marble-mountains,image,already_downloaded,,Downloaded from operator source page; verify reuse permission before production publication.,
9,Da Nang City Tour - Deluxe Group Tour,vmtravel-central-007-da-nang-city-tour-deluxe-group-tour-vm-travel,https://vmtravel.com/tours/da-nang-city-tour-deluxe-group/,3,False,vmtravel,,,,,https://vmtravel.com/wp-content/uploads/2023/07/My-Khe-Beach.jpg,,tour-009__vmtravel-central-007-da-nang-city-tour-deluxe-group-tour-vm-travel__p03__vmtravel-my-khe-beach.jpg,D:\DATN\DATN_Tài liệu\data-center\media-assets\cloudinary-staging\tours\2026-06-07-verified-real-tours\originals\tour-009__vmtravel-central-007-da-nang-city-tour-deluxe-group-tour-vm-travel__p03__vmtravel-my-khe-beach.jpg,image/jpeg,685735,180424384b124c61dd825e5d94e15c2912e7083d23ab4afe81464c9c1e5fb277,,,danangtrip/tours/vmtravel-central-007-da-nang-city-tour-deluxe-group-tour-vm-travel/tour-009__vmtravel-central-007-da-nang-city-tour-deluxe-group-tour-vm-travel__p03__vmtravel-my-khe-beach,image,already_downloaded,,Downloaded from operator source page; verify reuse permission before production publication.,
10,Da Nang City Tour From Tien Sa Port - Explore and Shopping,vmtravel-recheck-002-da-nang-city-tour-from-tien-sa-port-explore-and-shopping,https://vmtravel.com/tours/da-nang-city-tour-from-tien-sa-port/,1,True,vmtravel,,,,,https://vmtravel.com/wp-content/uploads/2023/07/da-nang-city-tour-1.jpg,,tour-010__vmtravel-recheck-002-da-nang-city-tour-from-tien-sa-port-explore-and-shopping__p01__vmtravel-da-nang-city-tour-1.jpg,D:\DATN\DATN_Tài liệu\data-center\media-assets\cloudinary-staging\tours\2026-06-07-verified-real-tours\originals\tour-010__vmtravel-recheck-002-da-nang-city-tour-from-tien-sa-port-explore-and-shopping__p01__vmtravel-da-nang-city-tour-1.jpg,image/jpeg,545526,6c08cc5e407bda58e17f26a60e8980ddfbe010c62fc8737234708bdd59f10991,,,danangtrip/tours/vmtravel-recheck-002-da-nang-city-tour-from-tien-sa-port-explore-and-shopping/tour-010__vmtravel-recheck-002-da-nang-city-tour-from-tien-sa-port-explore-and-shopping__p01__vmtravel-da-nang-city-tour-1,image,already_downloaded,,Downloaded from operator source page; verify reuse permission before production publication.,
10,Da Nang City Tour From Tien Sa Port - Explore and Shopping,vmtravel-recheck-002-da-nang-city-tour-from-tien-sa-port-explore-and-shopping,https://vmtravel.com/tours/da-nang-city-tour-from-tien-sa-port/,2,False,vmtravel,,,,,https://vmtravel.com/wp-content/uploads/2023/07/da-nang-full-day-trip.jpg,,tour-010__vmtravel-recheck-002-da-nang-city-tour-from-tien-sa-port-explore-and-shopping__p02__vmtravel-da-nang-full-day-trip.jpg,D:\DATN\DATN_Tài liệu\data-center\media-assets\cloudinary-staging\tours\2026-06-07-verified-real-tours\originals\tour-010__vmtravel-recheck-002-da-nang-city-tour-from-tien-sa-port-explore-and-shopping__p02__vmtravel-da-nang-full-day-trip.jpg,image/jpeg,845361,36648bd90921e8031eb1c1f539a2122dba9b829dca7869a0b44b4eeaefbafcc4,,,danangtrip/tours/vmtravel-recheck-002-da-nang-city-tour-from-tien-sa-port-explore-and-shopping/tour-010__vmtravel-recheck-002-da-nang-city-tour-from-tien-sa-port-explore-and-shopping__p02__vmtravel-da-nang-full-day-trip,image,already_downloaded,,Downloaded from operator source page; verify reuse permission before production publication.,
10,Da Nang City Tour From Tien Sa Port - Explore and Shopping,vmtravel-recheck-002-da-nang-city-tour-from-tien-sa-port-explore-and-shopping,https://vmtravel.com/tours/da-nang-city-tour-from-tien-sa-port/,3,False,vmtravel,,,,,https://vmtravel.com/wp-content/uploads/2023/07/cham-mesurm.jpg,,tour-010__vmtravel-recheck-002-da-nang-city-tour-from-tien-sa-port-explore-and-shopping__p03__vmtravel-cham-mesurm.jpg,D:\DATN\DATN_Tài liệu\data-center\media-assets\cloudinary-staging\tours\2026-06-07-verified-real-tours\originals\tour-010__vmtravel-recheck-002-da-nang-city-tour-from-tien-sa-port-explore-and-shopping__p03__vmtravel-cham-mesurm.jpg,image/jpeg,456428,f9809023e7bdda3f6702f58749515644b6000c585768f2d831ccc548843d638c,,,danangtrip/tours/vmtravel-recheck-002-da-nang-city-tour-from-tien-sa-port-explore-and-shopping/tour-010__vmtravel-recheck-002-da-nang-city-tour-from-tien-sa-port-explore-and-shopping__p03__vmtravel-cham-mesurm,image,already_downloaded,,Downloaded from operator source page; verify reuse permission before production publication.,
11,Da Nang Day Tour - Private Tour | Highlight Full Day Tour,vmtravel-central-008-da-nang-day-tour-private-tour-highlight-full-day-tour,https://vmtravel.com/tours/da-nang-day-tour-private-tour/,1,True,vmtravel,,,,,https://vmtravel.com/wp-content/uploads/2023/11/da-nang-city-tour.jpg,,tour-011__vmtravel-central-008-da-nang-day-tour-private-tour-highlight-full-day-tour__p01__vmtravel-da-nang-city-tour.jpg,D:\DATN\DATN_Tài liệu\data-center\media-assets\cloudinary-staging\tours\2026-06-07-verified-real-tours\originals\tour-011__vmtravel-central-008-da-nang-day-tour-private-tour-highlight-full-day-tour__p01__vmtravel-da-nang-city-tour.jpg,image/jpeg,796538,9e2118f465b92add5d7c8051a3288e2c0999fd595401f605e29fecf22d002627,,,danangtrip/tours/vmtravel-central-008-da-nang-day-tour-private-tour-highlight-full-day-tour/tour-011__vmtravel-central-008-da-nang-day-tour-private-tour-highlight-full-day-tour__p01__vmtravel-da-nang-city-tour,image,already_downloaded,,Downloaded from operator source page; verify reuse permission before production publication.,
11,Da Nang Day Tour - Private Tour | Highlight Full Day Tour,vmtravel-central-008-da-nang-day-tour-private-tour-highlight-full-day-tour,https://vmtravel.com/tours/da-nang-day-tour-private-tour/,3,False,vmtravel,,,,,https://vmtravel.com/wp-content/uploads/2023/07/linh-ung-pagoda-1.jpg,,tour-011__vmtravel-central-008-da-nang-day-tour-private-tour-highlight-full-day-tour__p03__vmtravel-linh-ung-pagoda-1.jpg,D:\DATN\DATN_Tài liệu\data-center\media-assets\cloudinary-staging\tours\2026-06-07-verified-real-tours\originals\tour-011__vmtravel-central-008-da-nang-day-tour-private-tour-highlight-full-day-tour__p03__vmtravel-linh-ung-pagoda-1.jpg,image/jpeg,393795,86a1c01daa33df2210f3c573b645be848c73797a3161b8e1ad95bcd9fd95aebc,,,danangtrip/tours/vmtravel-central-008-da-nang-day-tour-private-tour-highlight-full-day-tour/tour-011__vmtravel-central-008-da-nang-day-tour-private-tour-highlight-full-day-tour__p03__vmtravel-linh-ung-pagoda-1,image,already_downloaded,,Downloaded from operator source page; verify reuse permission before production publication.,
12,Da Nang Hoi An Full Day Tour - See the Best of Both Cities,vmtravel-central-010-da-nang-hoi-an-full-day-tour-see-the-best-of-both-cities,https://vmtravel.com/tours/da-nang-hoi-an-full-day-tour/,1,True,vmtravel,,,,,https://vmtravel.com/wp-content/uploads/2023/07/da-nang-and-hoi-an-city-tour.jpg,,tour-012__vmtravel-central-010-da-nang-hoi-an-full-day-tour-see-the-best-of-both-cities__p01__vmtravel-da-nang-and-hoi-an-city-tour.jpg,D:\DATN\DATN_Tài liệu\data-center\media-assets\cloudinary-staging\tours\2026-06-07-verified-real-tours\originals\tour-012__vmtravel-central-010-da-nang-hoi-an-full-day-tour-see-the-best-of-both-cities__p01__vmtravel-da-nang-and-hoi-an-city-tour.jpg,image/jpeg,737046,984931557a9f991f17760de150ef0bab58d13bbc8fb84a9f147b5db941e59279,,,danangtrip/tours/vmtravel-central-010-da-nang-hoi-an-full-day-tour-see-the-best-of-both-cities/tour-012__vmtravel-central-010-da-nang-hoi-an-full-day-tour-see-the-best-of-both-cities__p01__vmtravel-da-nang-and-hoi-an-city-tour,image,already_downloaded,,Downloaded from operator source page; verify reuse permission before production publication.,
12,Da Nang Hoi An Full Day Tour - See the Best of Both Cities,vmtravel-central-010-da-nang-hoi-an-full-day-tour-see-the-best-of-both-cities,https://vmtravel.com/tours/da-nang-hoi-an-full-day-tour/,2,False,vmtravel,,,,,https://vmtravel.com/wp-content/uploads/2023/09/da-nang-city-tour-1.jpg,,tour-012__vmtravel-central-010-da-nang-hoi-an-full-day-tour-see-the-best-of-both-cities__p02__vmtravel-da-nang-city-tour-1.jpg,D:\DATN\DATN_Tài liệu\data-center\media-assets\cloudinary-staging\tours\2026-06-07-verified-real-tours\originals\tour-012__vmtravel-central-010-da-nang-hoi-an-full-day-tour-see-the-best-of-both-cities__p02__vmtravel-da-nang-city-tour-1.jpg,image/jpeg,982790,45cbbb13266f2af971cdd53d6ca9ffd48eb8030710f330e604d3f849e37b6120,,,danangtrip/tours/vmtravel-central-010-da-nang-hoi-an-full-day-tour-see-the-best-of-both-cities/tour-012__vmtravel-central-010-da-nang-hoi-an-full-day-tour-see-the-best-of-both-cities__p02__vmtravel-da-nang-city-tour-1,image,already_downloaded,,Downloaded from operator source page; verify reuse permission before production publication.,
12,Da Nang Hoi An Full Day Tour - See the Best of Both Cities,vmtravel-central-010-da-nang-hoi-an-full-day-tour-see-the-best-of-both-cities,https://vmtravel.com/tours/da-nang-hoi-an-full-day-tour/,3,False,vmtravel,,,,,https://vmtravel.com/wp-content/uploads/2024/10/hoian-lantern-festival.jpg,,tour-012__vmtravel-central-010-da-nang-hoi-an-full-day-tour-see-the-best-of-both-cities__p03__vmtravel-hoian-lantern-festival.jpg,D:\DATN\DATN_Tài liệu\data-center\media-assets\cloudinary-staging\tours\2026-06-07-verified-real-tours\originals\tour-012__vmtravel-central-010-da-nang-hoi-an-full-day-tour-see-the-best-of-both-cities__p03__vmtravel-hoian-lantern-festival.jpg,image/jpeg,1144477,88c036fe8c287e31db8772dd33fd9d042cb36ef5901427224b7317b837486077,,,danangtrip/tours/vmtravel-central-010-da-nang-hoi-an-full-day-tour-see-the-best-of-both-cities/tour-012__vmtravel-central-010-da-nang-hoi-an-full-day-tour-see-the-best-of-both-cities__p03__vmtravel-hoian-lantern-festival,image,already_downloaded,,Downloaded from operator source page; verify reuse permission before production publication.,
13,Da Nang to Hue Day Trip by Heritage Train via Hai Van Pass,vmtravel-central-011-da-nang-to-hue-day-trip-by-heritage-train-via-hai-van-pass,https://vmtravel.com/tours/da-nang-to-hue-day-trip-by-heritage-train/,2,False,vmtravel,,,,,https://vmtravel.com/wp-content/uploads/2025/12/Hue-day-trip-from-Chan-May-Port.webp,,tour-013__vmtravel-central-011-da-nang-to-hue-day-trip-by-heritage-train-via-hai-van-pass__p02__vmtravel-hue-day-trip-from-chan-may-port.webp,D:\DATN\DATN_Tài liệu\data-center\media-assets\cloudinary-staging\tours\2026-06-07-verified-real-tours\originals\tour-013__vmtravel-central-011-da-nang-to-hue-day-trip-by-heritage-train-via-hai-van-pass__p02__vmtravel-hue-day-trip-from-chan-may-port.webp,,754254,e9698fab1b5ea7e0c6264361884bced7d4cf755a05c35f8c4ff1c93a2ed4b1a7,,,danangtrip/tours/vmtravel-central-011-da-nang-to-hue-day-trip-by-heritage-train-via-hai-van-pass/tour-013__vmtravel-central-011-da-nang-to-hue-day-trip-by-heritage-train-via-hai-van-pass__p02__vmtravel-hue-day-trip-from-chan-may-port,image,already_downloaded,,Downloaded from operator source page; verify reuse permission before production publication.,
13,Da Nang to Hue Day Trip by Heritage Train via Hai Van Pass,vmtravel-central-011-da-nang-to-hue-day-trip-by-heritage-train-via-hai-van-pass,https://vmtravel.com/tours/da-nang-to-hue-day-trip-by-heritage-train/,3,False,vmtravel,,,,,https://vmtravel.com/wp-content/uploads/2024/01/train-in-vietnam.jpg,,tour-013__vmtravel-central-011-da-nang-to-hue-day-trip-by-heritage-train-via-hai-van-pass__p03__vmtravel-train-in-vietnam.jpg,D:\DATN\DATN_Tài liệu\data-center\media-assets\cloudinary-staging\tours\2026-06-07-verified-real-tours\originals\tour-013__vmtravel-central-011-da-nang-to-hue-day-trip-by-heritage-train-via-hai-van-pass__p03__vmtravel-train-in-vietnam.jpg,image/jpeg,936574,5d67234e161bd1b96cfe0a84d7b63e11a1338d00e75b3d12efdba7ff5b1e558d,,,danangtrip/tours/vmtravel-central-011-da-nang-to-hue-day-trip-by-heritage-train-via-hai-van-pass/tour-013__vmtravel-central-011-da-nang-to-hue-day-trip-by-heritage-train-via-hai-van-pass__p03__vmtravel-train-in-vietnam,image,already_downloaded,,Downloaded from operator source page; verify reuse permission before production publication.,
14,Day Trip From Da Nang To Hoi An - Deluxe Group Tour,vmtravel-central-012-day-trip-from-da-nang-to-hoi-an-deluxe-group-tour,https://vmtravel.com/tours/day-trip-from-da-nang-to-hoi-an/,1,True,vmtravel,,,,,https://vmtravel.com/wp-content/uploads/2023/07/tour-coconut.jpg,,tour-014__vmtravel-central-012-day-trip-from-da-nang-to-hoi-an-deluxe-group-tour__p01__vmtravel-tour-coconut.jpg,D:\DATN\DATN_Tài liệu\data-center\media-assets\cloudinary-staging\tours\2026-06-07-verified-real-tours\originals\tour-014__vmtravel-central-012-day-trip-from-da-nang-to-hoi-an-deluxe-group-tour__p01__vmtravel-tour-coconut.jpg,image/jpeg,765882,afdf3168394daf7c0586d3044e08e0c936d08c5219eeef2c677c0ec054c1a327,,,danangtrip/tours/vmtravel-central-012-day-trip-from-da-nang-to-hoi-an-deluxe-group-tour/tour-014__vmtravel-central-012-day-trip-from-da-nang-to-hoi-an-deluxe-group-tour__p01__vmtravel-tour-coconut,image,already_downloaded,,Downloaded from operator source page; verify reuse permission before production publication.,
14,Day Trip From Da Nang To Hoi An - Deluxe Group Tour,vmtravel-central-012-day-trip-from-da-nang-to-hoi-an-deluxe-group-tour,https://vmtravel.com/tours/day-trip-from-da-nang-to-hoi-an/,2,False,vmtravel,,,,,https://vmtravel.com/wp-content/uploads/2023/07/hoian-in-vietnam.jpg,,tour-014__vmtravel-central-012-day-trip-from-da-nang-to-hoi-an-deluxe-group-tour__p02__vmtravel-hoian-in-vietnam.jpg,D:\DATN\DATN_Tài liệu\data-center\media-assets\cloudinary-staging\tours\2026-06-07-verified-real-tours\originals\tour-014__vmtravel-central-012-day-trip-from-da-nang-to-hoi-an-deluxe-group-tour__p02__vmtravel-hoian-in-vietnam.jpg,image/jpeg,596118,4646c0d6953120d835a5e5c275f64a9b95e3585c3df560317b3a159664494eda,,,danangtrip/tours/vmtravel-central-012-day-trip-from-da-nang-to-hoi-an-deluxe-group-tour/tour-014__vmtravel-central-012-day-trip-from-da-nang-to-hoi-an-deluxe-group-tour__p02__vmtravel-hoian-in-vietnam,image,already_downloaded,,Downloaded from operator source page; verify reuse permission before production publication.,
14,Day Trip From Da Nang To Hoi An - Deluxe Group Tour,vmtravel-central-012-day-trip-from-da-nang-to-hoi-an-deluxe-group-tour,https://vmtravel.com/tours/day-trip-from-da-nang-to-hoi-an/,3,False,vmtravel,,,,,https://vmtravel.com/wp-content/uploads/2023/07/cam-thanh-coconut-village.jpg,,tour-014__vmtravel-central-012-day-trip-from-da-nang-to-hoi-an-deluxe-group-tour__p03__vmtravel-cam-thanh-coconut-village.jpg,D:\DATN\DATN_Tài liệu\data-center\media-assets\cloudinary-staging\tours\2026-06-07-verified-real-tours\originals\tour-014__vmtravel-central-012-day-trip-from-da-nang-to-hoi-an-deluxe-group-tour__p03__vmtravel-cam-thanh-coconut-village.jpg,image/jpeg,847085,a3db43bf6e3286a2759f8d81371e547de59185a84ca0016fa30e207efa1bc660,,,danangtrip/tours/vmtravel-central-012-day-trip-from-da-nang-to-hoi-an-deluxe-group-tour/tour-014__vmtravel-central-012-day-trip-from-da-nang-to-hoi-an-deluxe-group-tour__p03__vmtravel-cam-thanh-coconut-village,image,already_downloaded,,Downloaded from operator source page; verify reuse permission before production publication.,
15,Day Trip To Hoi An From Da Nang - Private Tour,vmtravel-central-013-day-trip-to-hoi-an-from-da-nang-private-tour-vm-travel,https://vmtravel.com/tours/day-trip-to-hoi-an-from-da-nang/,1,True,vmtravel,,,,,https://vmtravel.com/wp-content/uploads/2023/10/visit-hoian.jpg,,tour-015__vmtravel-central-013-day-trip-to-hoi-an-from-da-nang-private-tour-vm-travel__p01__vmtravel-visit-hoian.jpg,D:\DATN\DATN_Tài liệu\data-center\media-assets\cloudinary-staging\tours\2026-06-07-verified-real-tours\originals\tour-015__vmtravel-central-013-day-trip-to-hoi-an-from-da-nang-private-tour-vm-travel__p01__vmtravel-visit-hoian.jpg,image/jpeg,545366,65201b1fb4398ae6e326daeb658eae5a6bc5e78f24cd6b2cbc3034d48537abda,,,danangtrip/tours/vmtravel-central-013-day-trip-to-hoi-an-from-da-nang-private-tour-vm-travel/tour-015__vmtravel-central-013-day-trip-to-hoi-an-from-da-nang-private-tour-vm-travel__p01__vmtravel-visit-hoian,image,already_downloaded,,Downloaded from operator source page; verify reuse permission before production publication.,
15,Day Trip To Hoi An From Da Nang - Private Tour,vmtravel-central-013-day-trip-to-hoi-an-from-da-nang-private-tour-vm-travel,https://vmtravel.com/tours/day-trip-to-hoi-an-from-da-nang/,3,False,vmtravel,,,,,https://vmtravel.com/wp-content/uploads/2023/11/coffee-hoian.jpg,,tour-015__vmtravel-central-013-day-trip-to-hoi-an-from-da-nang-private-tour-vm-travel__p03__vmtravel-coffee-hoian.jpg,D:\DATN\DATN_Tài liệu\data-center\media-assets\cloudinary-staging\tours\2026-06-07-verified-real-tours\originals\tour-015__vmtravel-central-013-day-trip-to-hoi-an-from-da-nang-private-tour-vm-travel__p03__vmtravel-coffee-hoian.jpg,image/jpeg,541274,3014fc24df2899d01e9d3cd288e59c85a3c0f549a9932117b2f114bd389a7543,,,danangtrip/tours/vmtravel-central-013-day-trip-to-hoi-an-from-da-nang-private-tour-vm-travel/tour-015__vmtravel-central-013-day-trip-to-hoi-an-from-da-nang-private-tour-vm-travel__p03__vmtravel-coffee-hoian,image,already_downloaded,,Downloaded from operator source page; verify reuse permission before production publication.,
16,Highlight The 4 Days Deluxe Golf Tour In Da Nang,vmtravel-central-001-highlight-the-4-days-deluxe-golf-tour-in-da-nang,https://vmtravel.com/tours/4-days-deluxe-golf-tour-in-da-nang/,1,True,vmtravel,,,,,https://vmtravel.com/wp-content/uploads/2024/07/Da-Nang-Golf-Courses.jpg,,tour-016__vmtravel-central-001-highlight-the-4-days-deluxe-golf-tour-in-da-nang__p01__vmtravel-da-nang-golf-courses.jpg,D:\DATN\DATN_Tài liệu\data-center\media-assets\cloudinary-staging\tours\2026-06-07-verified-real-tours\originals\tour-016__vmtravel-central-001-highlight-the-4-days-deluxe-golf-tour-in-da-nang__p01__vmtravel-da-nang-golf-courses.jpg,image/jpeg,389095,12fd77a434e3b0df10cf55555158ebd38e7dd1a83fe3d0ba02df592ece45baf4,,,danangtrip/tours/vmtravel-central-001-highlight-the-4-days-deluxe-golf-tour-in-da-nang/tour-016__vmtravel-central-001-highlight-the-4-days-deluxe-golf-tour-in-da-nang__p01__vmtravel-da-nang-golf-courses,image,already_downloaded,,Downloaded from operator source page; verify reuse permission before production publication.,
16,Highlight The 4 Days Deluxe Golf Tour In Da Nang,vmtravel-central-001-highlight-the-4-days-deluxe-golf-tour-in-da-nang,https://vmtravel.com/tours/4-days-deluxe-golf-tour-in-da-nang/,2,False,vmtravel,,,,,https://vmtravel.com/wp-content/uploads/2024/08/BRG-Danang-golf-course.jpg,,tour-016__vmtravel-central-001-highlight-the-4-days-deluxe-golf-tour-in-da-nang__p02__vmtravel-brg-danang-golf-course.jpg,D:\DATN\DATN_Tài liệu\data-center\media-assets\cloudinary-staging\tours\2026-06-07-verified-real-tours\originals\tour-016__vmtravel-central-001-highlight-the-4-days-deluxe-golf-tour-in-da-nang__p02__vmtravel-brg-danang-golf-course.jpg,image/jpeg,792294,f8cb54aa01448c30f630eb374ce1e1fa7ce3a35463874bde035a1123c437dbb9,,,danangtrip/tours/vmtravel-central-001-highlight-the-4-days-deluxe-golf-tour-in-da-nang/tour-016__vmtravel-central-001-highlight-the-4-days-deluxe-golf-tour-in-da-nang__p02__vmtravel-brg-danang-golf-course,image,already_downloaded,,Downloaded from operator source page; verify reuse permission before production publication.,
16,Highlight The 4 Days Deluxe Golf Tour In Da Nang,vmtravel-central-001-highlight-the-4-days-deluxe-golf-tour-in-da-nang,https://vmtravel.com/tours/4-days-deluxe-golf-tour-in-da-nang/,3,False,vmtravel,,,,,https://vmtravel.com/wp-content/uploads/2023/07/Vietnam-Golf-Tour.jpg,,tour-016__vmtravel-central-001-highlight-the-4-days-deluxe-golf-tour-in-da-nang__p03__vmtravel-vietnam-golf-tour.jpg,D:\DATN\DATN_Tài liệu\data-center\media-assets\cloudinary-staging\tours\2026-06-07-verified-real-tours\originals\tour-016__vmtravel-central-001-highlight-the-4-days-deluxe-golf-tour-in-da-nang__p03__vmtravel-vietnam-golf-tour.jpg,image/jpeg,713431,07e175369460368e37b97ff4eb49ca2e1ef9056f3989ed94cbc99f25a7bc8f08,,,danangtrip/tours/vmtravel-central-001-highlight-the-4-days-deluxe-golf-tour-in-da-nang/tour-016__vmtravel-central-001-highlight-the-4-days-deluxe-golf-tour-in-da-nang__p03__vmtravel-vietnam-golf-tour,image,already_downloaded,,Downloaded from operator source page; verify reuse permission before production publication.,
17,Hoi An Day Tour from Tien Sa Port - Hoi An Shore Excursions,vmtravel-recheck-003-hoi-an-day-tour-from-tien-sa-port-hoi-an-shore-excursions,https://vmtravel.com/tours/hoi-an-day-tour-from-tien-sa-port/,1,True,vmtravel,,,,,https://vmtravel.com/wp-content/uploads/2023/07/hoi-an-full-day-tour.jpg,,tour-017__vmtravel-recheck-003-hoi-an-day-tour-from-tien-sa-port-hoi-an-shore-excursions__p01__vmtravel-hoi-an-full-day-tour.jpg,D:\DATN\DATN_Tài liệu\data-center\media-assets\cloudinary-staging\tours\2026-06-07-verified-real-tours\originals\tour-017__vmtravel-recheck-003-hoi-an-day-tour-from-tien-sa-port-hoi-an-shore-excursions__p01__vmtravel-hoi-an-full-day-tour.jpg,image/jpeg,643696,ff2f6391e36f171a337021e8b8d6c04e66ca86cf323ac147828b3d4b5badd440,,,danangtrip/tours/vmtravel-recheck-003-hoi-an-day-tour-from-tien-sa-port-hoi-an-shore-excursions/tour-017__vmtravel-recheck-003-hoi-an-day-tour-from-tien-sa-port-hoi-an-shore-excursions__p01__vmtravel-hoi-an-full-day-tour,image,already_downloaded,,Downloaded from operator source page; verify reuse permission before production publication.,
17,Hoi An Day Tour from Tien Sa Port - Hoi An Shore Excursions,vmtravel-recheck-003-hoi-an-day-tour-from-tien-sa-port-hoi-an-shore-excursions,https://vmtravel.com/tours/hoi-an-day-tour-from-tien-sa-port/,3,False,vmtravel,,,,,https://vmtravel.com/wp-content/uploads/2023/12/best-time-visit-hoian-coconut.jpg,,tour-017__vmtravel-recheck-003-hoi-an-day-tour-from-tien-sa-port-hoi-an-shore-excursions__p03__vmtravel-best-time-visit-hoian-coconut.jpg,D:\DATN\DATN_Tài liệu\data-center\media-assets\cloudinary-staging\tours\2026-06-07-verified-real-tours\originals\tour-017__vmtravel-recheck-003-hoi-an-day-tour-from-tien-sa-port-hoi-an-shore-excursions__p03__vmtravel-best-time-visit-hoian-coconut.jpg,image/jpeg,947249,fdbda82d341b5087aa9e98dda4a1d0d3315ec601189215680693491499ba4ac4,,,danangtrip/tours/vmtravel-recheck-003-hoi-an-day-tour-from-tien-sa-port-hoi-an-shore-excursions/tour-017__vmtravel-recheck-003-hoi-an-day-tour-from-tien-sa-port-hoi-an-shore-excursions__p03__vmtravel-best-time-visit-hoian-coconut,image,already_downloaded,,Downloaded from operator source page; verify reuse permission before production publication.,
18,Hue Bicycle Tour: Organic Farm Visit & Local Cooking Class,vmtravel-central-014-hue-bicycle-tour-organic-farm-visit-local-cooking-class,https://vmtravel.com/tours/hue-bicycle-tour/,1,True,vmtravel,,,,,https://vmtravel.com/wp-content/uploads/2026/03/Hue-cycling-tour.jpg,,tour-018__vmtravel-central-014-hue-bicycle-tour-organic-farm-visit-local-cooking-class__p01__vmtravel-hue-cycling-tour.jpg,D:\DATN\DATN_Tài liệu\data-center\media-assets\cloudinary-staging\tours\2026-06-07-verified-real-tours\originals\tour-018__vmtravel-central-014-hue-bicycle-tour-organic-farm-visit-local-cooking-class__p01__vmtravel-hue-cycling-tour.jpg,image/jpeg,808351,955876a8bccfe8d49f925717e4d8e8c542b547b331fa513eb5939a9e55c298bd,,,danangtrip/tours/vmtravel-central-014-hue-bicycle-tour-organic-farm-visit-local-cooking-class/tour-018__vmtravel-central-014-hue-bicycle-tour-organic-farm-visit-local-cooking-class__p01__vmtravel-hue-cycling-tour,image,already_downloaded,,Downloaded from operator source page; verify reuse permission before production publication.,
18,Hue Bicycle Tour: Organic Farm Visit & Local Cooking Class,vmtravel-central-014-hue-bicycle-tour-organic-farm-visit-local-cooking-class,https://vmtravel.com/tours/hue-bicycle-tour/,2,False,vmtravel,,,,,https://vmtravel.com/wp-content/uploads/2026/03/Hue-eco-tour-farm.webp,,tour-018__vmtravel-central-014-hue-bicycle-tour-organic-farm-visit-local-cooking-class__p02__vmtravel-hue-eco-tour-farm.webp,D:\DATN\DATN_Tài liệu\data-center\media-assets\cloudinary-staging\tours\2026-06-07-verified-real-tours\originals\tour-018__vmtravel-central-014-hue-bicycle-tour-organic-farm-visit-local-cooking-class__p02__vmtravel-hue-eco-tour-farm.webp,,738512,3ad45be25091bbd1138ccab2ba8c8ebab4087aa8a568acc1929fac3d70fd9c8b,,,danangtrip/tours/vmtravel-central-014-hue-bicycle-tour-organic-farm-visit-local-cooking-class/tour-018__vmtravel-central-014-hue-bicycle-tour-organic-farm-visit-local-cooking-class__p02__vmtravel-hue-eco-tour-farm,image,already_downloaded,,Downloaded from operator source page; verify reuse permission before production publication.,
18,Hue Bicycle Tour: Organic Farm Visit & Local Cooking Class,vmtravel-central-014-hue-bicycle-tour-organic-farm-visit-local-cooking-class,https://vmtravel.com/tours/hue-bicycle-tour/,3,False,vmtravel,,,,,https://vmtravel.com/wp-content/uploads/2026/03/Hue-bicycle-tour.webp,,tour-018__vmtravel-central-014-hue-bicycle-tour-organic-farm-visit-local-cooking-class__p03__vmtravel-hue-bicycle-tour.webp,D:\DATN\DATN_Tài liệu\data-center\media-assets\cloudinary-staging\tours\2026-06-07-verified-real-tours\originals\tour-018__vmtravel-central-014-hue-bicycle-tour-organic-farm-visit-local-cooking-class__p03__vmtravel-hue-bicycle-tour.webp,,743988,077b2afa053930bb3b3a84b7cbf562b9834c3674b991b74113560bc57b664444,,,danangtrip/tours/vmtravel-central-014-hue-bicycle-tour-organic-farm-visit-local-cooking-class/tour-018__vmtravel-central-014-hue-bicycle-tour-organic-farm-visit-local-cooking-class__p03__vmtravel-hue-bicycle-tour,image,already_downloaded,,Downloaded from operator source page; verify reuse permission before production publication.,
19,Hue Cooking Class Tour - From Market to Table,vmtravel-central-016-hue-cooking-class-tour-from-market-to-table,https://vmtravel.com/tours/hue-cooking-class-tour/,1,True,vmtravel,,,,,https://vmtravel.com/wp-content/uploads/2024/08/hue-cooking-class.jpg,,tour-019__vmtravel-central-016-hue-cooking-class-tour-from-market-to-table__p01__vmtravel-hue-cooking-class.jpg,D:\DATN\DATN_Tài liệu\data-center\media-assets\cloudinary-staging\tours\2026-06-07-verified-real-tours\originals\tour-019__vmtravel-central-016-hue-cooking-class-tour-from-market-to-table__p01__vmtravel-hue-cooking-class.jpg,image/jpeg,696485,7c09e44d024765a7ebb967802dc281103159b483d525522d86512de9d642f7d8,,,danangtrip/tours/vmtravel-central-016-hue-cooking-class-tour-from-market-to-table/tour-019__vmtravel-central-016-hue-cooking-class-tour-from-market-to-table__p01__vmtravel-hue-cooking-class,image,already_downloaded,,Downloaded from operator source page; verify reuse permission before production publication.,
19,Hue Cooking Class Tour - From Market to Table,vmtravel-central-016-hue-cooking-class-tour-from-market-to-table,https://vmtravel.com/tours/hue-cooking-class-tour/,2,False,vmtravel,,,,,https://vmtravel.com/wp-content/uploads/2024/08/cooking-class-at-madam-thu.jpg,,tour-019__vmtravel-central-016-hue-cooking-class-tour-from-market-to-table__p02__vmtravel-cooking-class-at-madam-thu.jpg,D:\DATN\DATN_Tài liệu\data-center\media-assets\cloudinary-staging\tours\2026-06-07-verified-real-tours\originals\tour-019__vmtravel-central-016-hue-cooking-class-tour-from-market-to-table__p02__vmtravel-cooking-class-at-madam-thu.jpg,image/jpeg,678098,53105235d839a5b9abcd46a5154272768802097a934b1691e4c8394c47daa7e0,,,danangtrip/tours/vmtravel-central-016-hue-cooking-class-tour-from-market-to-table/tour-019__vmtravel-central-016-hue-cooking-class-tour-from-market-to-table__p02__vmtravel-cooking-class-at-madam-thu,image,already_downloaded,,Downloaded from operator source page; verify reuse permission before production publication.,
19,Hue Cooking Class Tour - From Market to Table,vmtravel-central-016-hue-cooking-class-tour-from-market-to-table,https://vmtravel.com/tours/hue-cooking-class-tour/,3,False,vmtravel,,,,,https://vmtravel.com/wp-content/uploads/2024/08/cyclo-in-hue.jpg,,tour-019__vmtravel-central-016-hue-cooking-class-tour-from-market-to-table__p03__vmtravel-cyclo-in-hue.jpg,D:\DATN\DATN_Tài liệu\data-center\media-assets\cloudinary-staging\tours\2026-06-07-verified-real-tours\originals\tour-019__vmtravel-central-016-hue-cooking-class-tour-from-market-to-table__p03__vmtravel-cyclo-in-hue.jpg,image/jpeg,835165,e5d4e1e41828049414c0fb100d6d4f4916657ea17df6bc49a9c66b5dd56018b6,,,danangtrip/tours/vmtravel-central-016-hue-cooking-class-tour-from-market-to-table/tour-019__vmtravel-central-016-hue-cooking-class-tour-from-market-to-table__p03__vmtravel-cyclo-in-hue,image,already_downloaded,,Downloaded from operator source page; verify reuse permission before production publication.,
20,Hue DMZ Tour - Unveiling History on Captivating Tour,vmtravel-central-020-hue-dmz-tour-unveiling-history-on-captivating-tour,https://vmtravel.com/tours/hue-dmz-tour-deluxe-group-tour/,1,True,vmtravel,,,,,https://vmtravel.com/wp-content/uploads/2023/08/Hue-DMZ-Tour-3.png,,tour-020__vmtravel-central-020-hue-dmz-tour-unveiling-history-on-captivating-tour__p01__vmtravel-hue-dmz-tour-3.png,D:\DATN\DATN_Tài liệu\data-center\media-assets\cloudinary-staging\tours\2026-06-07-verified-real-tours\originals\tour-020__vmtravel-central-020-hue-dmz-tour-unveiling-history-on-captivating-tour__p01__vmtravel-hue-dmz-tour-3.png,image/png,1201617,0086b8e65f3a995b3a28900dc030f3c8c00cdf3ae11591afd37ac163a299a04a,,,danangtrip/tours/vmtravel-central-020-hue-dmz-tour-unveiling-history-on-captivating-tour/tour-020__vmtravel-central-020-hue-dmz-tour-unveiling-history-on-captivating-tour__p01__vmtravel-hue-dmz-tour-3,image,already_downloaded,,Downloaded from operator source page; verify reuse permission before production publication.,
20,Hue DMZ Tour - Unveiling History on Captivating Tour,vmtravel-central-020-hue-dmz-tour-unveiling-history-on-captivating-tour,https://vmtravel.com/tours/hue-dmz-tour-deluxe-group-tour/,2,False,vmtravel,,,,,https://vmtravel.com/wp-content/uploads/2023/08/Hue-DMZ-Tour-.png,,tour-020__vmtravel-central-020-hue-dmz-tour-unveiling-history-on-captivating-tour__p02__vmtravel-hue-dmz-tour.png,D:\DATN\DATN_Tài liệu\data-center\media-assets\cloudinary-staging\tours\2026-06-07-verified-real-tours\originals\tour-020__vmtravel-central-020-hue-dmz-tour-unveiling-history-on-captivating-tour__p02__vmtravel-hue-dmz-tour.png,image/png,1148854,187feea300c8ab235a690f1226da68fbf242f38be07d63754d0d0b5aa0604030,,,danangtrip/tours/vmtravel-central-020-hue-dmz-tour-unveiling-history-on-captivating-tour/tour-020__vmtravel-central-020-hue-dmz-tour-unveiling-history-on-captivating-tour__p02__vmtravel-hue-dmz-tour,image,already_downloaded,,Downloaded from operator source page; verify reuse permission before production publication.,
20,Hue DMZ Tour - Unveiling History on Captivating Tour,vmtravel-central-020-hue-dmz-tour-unveiling-history-on-captivating-tour,https://vmtravel.com/tours/hue-dmz-tour-deluxe-group-tour/,3,False,vmtravel,,,,,https://vmtravel.com/wp-content/uploads/2023/08/Hue-DMZ-Tour-1-.png,,tour-020__vmtravel-central-020-hue-dmz-tour-unveiling-history-on-captivating-tour__p03__vmtravel-hue-dmz-tour-1.png,D:\DATN\DATN_Tài liệu\data-center\media-assets\cloudinary-staging\tours\2026-06-07-verified-real-tours\originals\tour-020__vmtravel-central-020-hue-dmz-tour-unveiling-history-on-captivating-tour__p03__vmtravel-hue-dmz-tour-1.png,image/png,1440611,10899249ff9e3ff4ab07d0ae66eb4da60d22b14cfa3e4d3685c9aebbd974d649,,,danangtrip/tours/vmtravel-central-020-hue-dmz-tour-unveiling-history-on-captivating-tour/tour-020__vmtravel-central-020-hue-dmz-tour-unveiling-history-on-captivating-tour__p03__vmtravel-hue-dmz-tour-1,image,already_downloaded,,Downloaded from operator source page; verify reuse permission before production publication.,
21,Hue Day Trip From Da Nang - Deluxe Small Group Tour,vmtravel-central-018-hue-day-trip-from-da-nang-deluxe-small-group-tour,https://vmtravel.com/tours/hue-day-trip-from-da-nang/,1,True,vmtravel,,,,,https://vmtravel.com/wp-content/uploads/2023/07/hue-city-tour-from-hoian.jpg,,tour-021__vmtravel-central-018-hue-day-trip-from-da-nang-deluxe-small-group-tour__p01__vmtravel-hue-city-tour-from-hoian.jpg,D:\DATN\DATN_Tài liệu\data-center\media-assets\cloudinary-staging\tours\2026-06-07-verified-real-tours\originals\tour-021__vmtravel-central-018-hue-day-trip-from-da-nang-deluxe-small-group-tour__p01__vmtravel-hue-city-tour-from-hoian.jpg,image/jpeg,821162,453fe2b88866bd124b314486d9b33660c427f9cdfd357812e5272018d132bf27,,,danangtrip/tours/vmtravel-central-018-hue-day-trip-from-da-nang-deluxe-small-group-tour/tour-021__vmtravel-central-018-hue-day-trip-from-da-nang-deluxe-small-group-tour__p01__vmtravel-hue-city-tour-from-hoian,image,already_downloaded,,Downloaded from operator source page; verify reuse permission before production publication.,
21,Hue Day Trip From Da Nang - Deluxe Small Group Tour,vmtravel-central-018-hue-day-trip-from-da-nang-deluxe-small-group-tour,https://vmtravel.com/tours/hue-day-trip-from-da-nang/,2,False,vmtravel,,,,,https://vmtravel.com/wp-content/uploads/2023/09/khai-dinh-tomb-tour.jpg,,tour-021__vmtravel-central-018-hue-day-trip-from-da-nang-deluxe-small-group-tour__p02__vmtravel-khai-dinh-tomb-tour.jpg,D:\DATN\DATN_Tài liệu\data-center\media-assets\cloudinary-staging\tours\2026-06-07-verified-real-tours\originals\tour-021__vmtravel-central-018-hue-day-trip-from-da-nang-deluxe-small-group-tour__p02__vmtravel-khai-dinh-tomb-tour.jpg,image/jpeg,616675,f5208334003968490b94e3fa86488f800b3accc9c2a76ffc8dc3cbfd4b496430,,,danangtrip/tours/vmtravel-central-018-hue-day-trip-from-da-nang-deluxe-small-group-tour/tour-021__vmtravel-central-018-hue-day-trip-from-da-nang-deluxe-small-group-tour__p02__vmtravel-khai-dinh-tomb-tour,image,already_downloaded,,Downloaded from operator source page; verify reuse permission before production publication.,
21,Hue Day Trip From Da Nang - Deluxe Small Group Tour,vmtravel-central-018-hue-day-trip-from-da-nang-deluxe-small-group-tour,https://vmtravel.com/tours/hue-day-trip-from-da-nang/,3,False,vmtravel,,,,,https://vmtravel.com/wp-content/uploads/2023/08/Hue-City-Tour-1.png,,tour-021__vmtravel-central-018-hue-day-trip-from-da-nang-deluxe-small-group-tour__p03__vmtravel-hue-city-tour-1.png,D:\DATN\DATN_Tài liệu\data-center\media-assets\cloudinary-staging\tours\2026-06-07-verified-real-tours\originals\tour-021__vmtravel-central-018-hue-day-trip-from-da-nang-deluxe-small-group-tour__p03__vmtravel-hue-city-tour-1.png,image/png,1590285,88f66cdf207c92a7606fb3ebebeb05a9b5fb916863841f878ef94ecc73245580,,,danangtrip/tours/vmtravel-central-018-hue-day-trip-from-da-nang-deluxe-small-group-tour/tour-021__vmtravel-central-018-hue-day-trip-from-da-nang-deluxe-small-group-tour__p03__vmtravel-hue-city-tour-1,image,already_downloaded,,Downloaded from operator source page; verify reuse permission before production publication.,
22,Hue Day Trip From Da Nang - Private Tour,vmtravel-central-017-hue-day-trip-from-da-nang-private-tour,https://vmtravel.com/tours/hue-day-trip-from-da-nang-private-tour/,1,True,vmtravel,,,,,https://vmtravel.com/wp-content/uploads/2023/07/hue-day-trip.jpg,,tour-022__vmtravel-central-017-hue-day-trip-from-da-nang-private-tour__p01__vmtravel-hue-day-trip.jpg,D:\DATN\DATN_Tài liệu\data-center\media-assets\cloudinary-staging\tours\2026-06-07-verified-real-tours\originals\tour-022__vmtravel-central-017-hue-day-trip-from-da-nang-private-tour__p01__vmtravel-hue-day-trip.jpg,image/jpeg,637772,a907d29846bdf7b9876ae557fa463ee37e107b0238fe8196c200d98a8584fbe4,,,danangtrip/tours/vmtravel-central-017-hue-day-trip-from-da-nang-private-tour/tour-022__vmtravel-central-017-hue-day-trip-from-da-nang-private-tour__p01__vmtravel-hue-day-trip,image,already_downloaded,,Downloaded from operator source page; verify reuse permission before production publication.,
22,Hue Day Trip From Da Nang - Private Tour,vmtravel-central-017-hue-day-trip-from-da-nang-private-tour,https://vmtravel.com/tours/hue-day-trip-from-da-nang-private-tour/,2,False,vmtravel,,,,,https://vmtravel.com/wp-content/uploads/2023/09/hue-imperial-city-1.jpg,,tour-022__vmtravel-central-017-hue-day-trip-from-da-nang-private-tour__p02__vmtravel-hue-imperial-city-1.jpg,D:\DATN\DATN_Tài liệu\data-center\media-assets\cloudinary-staging\tours\2026-06-07-verified-real-tours\originals\tour-022__vmtravel-central-017-hue-day-trip-from-da-nang-private-tour__p02__vmtravel-hue-imperial-city-1.jpg,image/jpeg,812170,3d8e096d3906e2cebb8479cea5b7055bd7a483555a5fde0c72acb825635e8e81,,,danangtrip/tours/vmtravel-central-017-hue-day-trip-from-da-nang-private-tour/tour-022__vmtravel-central-017-hue-day-trip-from-da-nang-private-tour__p02__vmtravel-hue-imperial-city-1,image,already_downloaded,,Downloaded from operator source page; verify reuse permission before production publication.,
22,Hue Day Trip From Da Nang - Private Tour,vmtravel-central-017-hue-day-trip-from-da-nang-private-tour,https://vmtravel.com/tours/hue-day-trip-from-da-nang-private-tour/,3,False,vmtravel,,,,,https://vmtravel.com/wp-content/uploads/2023/08/Hue-City-Tour-6.png,,tour-022__vmtravel-central-017-hue-day-trip-from-da-nang-private-tour__p03__vmtravel-hue-city-tour-6.png,D:\DATN\DATN_Tài liệu\data-center\media-assets\cloudinary-staging\tours\2026-06-07-verified-real-tours\originals\tour-022__vmtravel-central-017-hue-day-trip-from-da-nang-private-tour__p03__vmtravel-hue-city-tour-6.png,image/png,1252082,b3409d515d352dbcf2a58c4566476164c2f8779e5ac284860c870f6324d3d559,,,danangtrip/tours/vmtravel-central-017-hue-day-trip-from-da-nang-private-tour/tour-022__vmtravel-central-017-hue-day-trip-from-da-nang-private-tour__p03__vmtravel-hue-city-tour-6,image,already_downloaded,,Downloaded from operator source page; verify reuse permission before production publication.,
23,Hue Day Trip From Hoi An Da Nang-Book Best 1 Day Group Tour,vmtravel-central-019-hue-day-trip-from-hoi-an-da-nang-book-best-1-day-group-tour,https://vmtravel.com/tours/hue-day-trip-from-hoi-an/,3,False,vmtravel,,,,,https://vmtravel.com/wp-content/uploads/2023/08/Hue-city-Tour-7.png,,tour-023__vmtravel-central-019-hue-day-trip-from-hoi-an-da-nang-book-best-1-day-group-tour__p03__vmtravel-hue-city-tour-7.png,D:\DATN\DATN_Tài liệu\data-center\media-assets\cloudinary-staging\tours\2026-06-07-verified-real-tours\originals\tour-023__vmtravel-central-019-hue-day-trip-from-hoi-an-da-nang-book-best-1-day-group-tour__p03__vmtravel-hue-city-tour-7.png,image/png,1367345,c164a38992fa504c571bd668c1da4a9581578ba11f4a36225a7ff53661b5ed27,,,danangtrip/tours/vmtravel-central-019-hue-day-trip-from-hoi-an-da-nang-book-best-1-day-group-tour/tour-023__vmtravel-central-019-hue-day-trip-from-hoi-an-da-nang-book-best-1-day-group-tour__p03__vmtravel-hue-city-tour-7,image,already_downloaded,,Downloaded from operator source page; verify reuse permission before production publication.,
24,Hue Imperial Tour from Chan May Port: Best Shore Excursions,vmtravel-recheck-005-hue-imperial-tour-from-chan-may-port-best-shore-excursions,https://vmtravel.com/tours/hue-imperial-tour-from-chan-may-port/,2,False,vmtravel,,,,,https://vmtravel.com/wp-content/uploads/2023/07/hue-imperial.jpg,,tour-024__vmtravel-recheck-005-hue-imperial-tour-from-chan-may-port-best-shore-excursions__p02__vmtravel-hue-imperial.jpg,D:\DATN\DATN_Tài liệu\data-center\media-assets\cloudinary-staging\tours\2026-06-07-verified-real-tours\originals\tour-024__vmtravel-recheck-005-hue-imperial-tour-from-chan-may-port-best-shore-excursions__p02__vmtravel-hue-imperial.jpg,image/jpeg,804100,cd3e2649f6962ed53d11662d0b95ed23b8a02f40d580d7111014b79aef16e2c4,,,danangtrip/tours/vmtravel-recheck-005-hue-imperial-tour-from-chan-may-port-best-shore-excursions/tour-024__vmtravel-recheck-005-hue-imperial-tour-from-chan-may-port-best-shore-excursions__p02__vmtravel-hue-imperial,image,already_downloaded,,Downloaded from operator source page; verify reuse permission before production publication.,
24,Hue Imperial Tour from Chan May Port: Best Shore Excursions,vmtravel-recheck-005-hue-imperial-tour-from-chan-may-port-best-shore-excursions,https://vmtravel.com/tours/hue-imperial-tour-from-chan-may-port/,3,False,vmtravel,,,,,https://vmtravel.com/wp-content/uploads/2023/07/car-rental-from-port.jpg,,tour-024__vmtravel-recheck-005-hue-imperial-tour-from-chan-may-port-best-shore-excursions__p03__vmtravel-car-rental-from-port.jpg,D:\DATN\DATN_Tài liệu\data-center\media-assets\cloudinary-staging\tours\2026-06-07-verified-real-tours\originals\tour-024__vmtravel-recheck-005-hue-imperial-tour-from-chan-may-port-best-shore-excursions__p03__vmtravel-car-rental-from-port.jpg,image/jpeg,649039,96b98891436989d002e716c28b185c832b72b997560a35bec1355046904cfa8c,,,danangtrip/tours/vmtravel-recheck-005-hue-imperial-tour-from-chan-may-port-best-shore-excursions/tour-024__vmtravel-recheck-005-hue-imperial-tour-from-chan-may-port-best-shore-excursions__p03__vmtravel-car-rental-from-port,image,already_downloaded,,Downloaded from operator source page; verify reuse permission before production publication.,
25,Hue Street Food Tour - Explore Local Flavours for Just $45,vmtravel-central-021-hue-street-food-tour-explore-local-flavours-for-just-45,https://vmtravel.com/tours/hue-street-food-tour/,1,True,vmtravel,,,,,https://vmtravel.com/wp-content/uploads/2024/08/hue-strees-food-tour.jpg,,tour-025__vmtravel-central-021-hue-street-food-tour-explore-local-flavours-for-just-45__p01__vmtravel-hue-strees-food-tour.jpg,D:\DATN\DATN_Tài liệu\data-center\media-assets\cloudinary-staging\tours\2026-06-07-verified-real-tours\originals\tour-025__vmtravel-central-021-hue-street-food-tour-explore-local-flavours-for-just-45__p01__vmtravel-hue-strees-food-tour.jpg,image/jpeg,748384,f4098583178d96f4d83d3718cd6af4dcbb0543409ad6b2db2e23fec6b21eeb27,,,danangtrip/tours/vmtravel-central-021-hue-street-food-tour-explore-local-flavours-for-just-45/tour-025__vmtravel-central-021-hue-street-food-tour-explore-local-flavours-for-just-45__p01__vmtravel-hue-strees-food-tour,image,already_downloaded,,Downloaded from operator source page; verify reuse permission before production publication.,
25,Hue Street Food Tour - Explore Local Flavours for Just $45,vmtravel-central-021-hue-street-food-tour-explore-local-flavours-for-just-45,https://vmtravel.com/tours/hue-street-food-tour/,2,False,vmtravel,,,,,https://vmtravel.com/wp-content/uploads/2023/07/Hu-food-tour-from-danang.jpg,,tour-025__vmtravel-central-021-hue-street-food-tour-explore-local-flavours-for-just-45__p02__vmtravel-hu-food-tour-from-danang.jpg,D:\DATN\DATN_Tài liệu\data-center\media-assets\cloudinary-staging\tours\2026-06-07-verified-real-tours\originals\tour-025__vmtravel-central-021-hue-street-food-tour-explore-local-flavours-for-just-45__p02__vmtravel-hu-food-tour-from-danang.jpg,image/jpeg,634615,8d8ace98f61477c4079f1692cca5c91d9d5a948426401f17af9a838394298306,,,danangtrip/tours/vmtravel-central-021-hue-street-food-tour-explore-local-flavours-for-just-45/tour-025__vmtravel-central-021-hue-street-food-tour-explore-local-flavours-for-just-45__p02__vmtravel-hu-food-tour-from-danang,image,already_downloaded,,Downloaded from operator source page; verify reuse permission before production publication.,
26,Linh Ung Pagoda & Marble Mountain tour from Hoi An,vmtravel-central-023-linh-ung-pagoda-marble-mountain-tour-from-hoi-an,https://vmtravel.com/tours/marble-mountain-tour-from-hoi-an/,1,True,vmtravel,,,,,https://vmtravel.com/wp-content/uploads/2025/05/Marble-Mountain-tour-from-Da-Nang.jpg,,tour-026__vmtravel-central-023-linh-ung-pagoda-marble-mountain-tour-from-hoi-an__p01__vmtravel-marble-mountain-tour-from-da-nang.jpg,D:\DATN\DATN_Tài liệu\data-center\media-assets\cloudinary-staging\tours\2026-06-07-verified-real-tours\originals\tour-026__vmtravel-central-023-linh-ung-pagoda-marble-mountain-tour-from-hoi-an__p01__vmtravel-marble-mountain-tour-from-da-nang.jpg,image/jpeg,913315,54b366dd9ec7e17f435fcefff41af809acca5053c3bf3003f9c950f7ed1e2b52,,,danangtrip/tours/vmtravel-central-023-linh-ung-pagoda-marble-mountain-tour-from-hoi-an/tour-026__vmtravel-central-023-linh-ung-pagoda-marble-mountain-tour-from-hoi-an__p01__vmtravel-marble-mountain-tour-from-da-nang,image,already_downloaded,,Downloaded from operator source page; verify reuse permission before production publication.,
26,Linh Ung Pagoda & Marble Mountain tour from Hoi An,vmtravel-central-023-linh-ung-pagoda-marble-mountain-tour-from-hoi-an,https://vmtravel.com/tours/marble-mountain-tour-from-hoi-an/,2,False,vmtravel,,,,,https://vmtravel.com/wp-content/uploads/2025/05/Linh-Ung-Pagoda-Danang-Vietnam.jpg,,tour-026__vmtravel-central-023-linh-ung-pagoda-marble-mountain-tour-from-hoi-an__p02__vmtravel-linh-ung-pagoda-danang-vietnam.jpg,D:\DATN\DATN_Tài liệu\data-center\media-assets\cloudinary-staging\tours\2026-06-07-verified-real-tours\originals\tour-026__vmtravel-central-023-linh-ung-pagoda-marble-mountain-tour-from-hoi-an__p02__vmtravel-linh-ung-pagoda-danang-vietnam.jpg,image/jpeg,563076,5dd2aaad8f5be84efb83a430e793d94ac4778e27367199528f6518877d89b897,,,danangtrip/tours/vmtravel-central-023-linh-ung-pagoda-marble-mountain-tour-from-hoi-an/tour-026__vmtravel-central-023-linh-ung-pagoda-marble-mountain-tour-from-hoi-an__p02__vmtravel-linh-ung-pagoda-danang-vietnam,image,already_downloaded,,Downloaded from operator source page; verify reuse permission before production publication.,
26,Linh Ung Pagoda & Marble Mountain tour from Hoi An,vmtravel-central-023-linh-ung-pagoda-marble-mountain-tour-from-hoi-an,https://vmtravel.com/tours/marble-mountain-tour-from-hoi-an/,3,False,vmtravel,,,,,https://vmtravel.com/wp-content/uploads/2025/05/Best-Time-to-Visit-Linh-Ung-Pagoda-Da-Nang.jpg,,tour-026__vmtravel-central-023-linh-ung-pagoda-marble-mountain-tour-from-hoi-an__p03__vmtravel-best-time-to-visit-linh-ung-pagoda-da-nang.jpg,D:\DATN\DATN_Tài liệu\data-center\media-assets\cloudinary-staging\tours\2026-06-07-verified-real-tours\originals\tour-026__vmtravel-central-023-linh-ung-pagoda-marble-mountain-tour-from-hoi-an__p03__vmtravel-best-time-to-visit-linh-ung-pagoda-da-nang.jpg,image/jpeg,690131,ba2a353389e2c174ce6db8fedab65ca47d75125d2e2f59f5005a74e7d2721031,,,danangtrip/tours/vmtravel-central-023-linh-ung-pagoda-marble-mountain-tour-from-hoi-an/tour-026__vmtravel-central-023-linh-ung-pagoda-marble-mountain-tour-from-hoi-an__p03__vmtravel-best-time-to-visit-linh-ung-pagoda-da-nang,image,already_downloaded,,Downloaded from operator source page; verify reuse permission before production publication.,
27,Luxury Da Nang Golf Tour 6 Days 5 Nights 4 Rounds,vmtravel-central-022-luxury-da-nang-golf-tour-6-days-5-nights-4-rounds,https://vmtravel.com/tours/luxury-da-nang-golf-tour-6-days/,1,True,vmtravel,,,,,https://vmtravel.com/wp-content/uploads/2023/07/golf-in-Hoi-An.jpg,,tour-027__vmtravel-central-022-luxury-da-nang-golf-tour-6-days-5-nights-4-rounds__p01__vmtravel-golf-in-hoi-an.jpg,D:\DATN\DATN_Tài liệu\data-center\media-assets\cloudinary-staging\tours\2026-06-07-verified-real-tours\originals\tour-027__vmtravel-central-022-luxury-da-nang-golf-tour-6-days-5-nights-4-rounds__p01__vmtravel-golf-in-hoi-an.jpg,image/jpeg,676314,1d8767035c5fa635ab450f0fceca2b0b1abfe453d400bbabda62a1c51b03a793,,,danangtrip/tours/vmtravel-central-022-luxury-da-nang-golf-tour-6-days-5-nights-4-rounds/tour-027__vmtravel-central-022-luxury-da-nang-golf-tour-6-days-5-nights-4-rounds__p01__vmtravel-golf-in-hoi-an,image,already_downloaded,,Downloaded from operator source page; verify reuse permission before production publication.,
27,Luxury Da Nang Golf Tour 6 Days 5 Nights 4 Rounds,vmtravel-central-022-luxury-da-nang-golf-tour-6-days-5-nights-4-rounds,https://vmtravel.com/tours/luxury-da-nang-golf-tour-6-days/,2,False,vmtravel,,,,,https://vmtravel.com/wp-content/uploads/2024/07/Vietnam-Luxury-Golf-Tour.jpg,,tour-027__vmtravel-central-022-luxury-da-nang-golf-tour-6-days-5-nights-4-rounds__p02__vmtravel-vietnam-luxury-golf-tour.jpg,D:\DATN\DATN_Tài liệu\data-center\media-assets\cloudinary-staging\tours\2026-06-07-verified-real-tours\originals\tour-027__vmtravel-central-022-luxury-da-nang-golf-tour-6-days-5-nights-4-rounds__p02__vmtravel-vietnam-luxury-golf-tour.jpg,image/jpeg,465722,b893e36787373c8e0cc0e417778d4ca87bc2c31f68a4d13d2661d62dc56b0a4f,,,danangtrip/tours/vmtravel-central-022-luxury-da-nang-golf-tour-6-days-5-nights-4-rounds/tour-027__vmtravel-central-022-luxury-da-nang-golf-tour-6-days-5-nights-4-rounds__p02__vmtravel-vietnam-luxury-golf-tour,image,already_downloaded,,Downloaded from operator source page; verify reuse permission before production publication.,
28,My Son Sanctuary From Hoi An-Book Best 1 Day Tour in Hoi An,vmtravel-central-024-my-son-sanctuary-from-hoi-an-book-best-1-day-tour-in-hoi-an,https://vmtravel.com/tours/my-son-sanctuary-from-hoi-an/,1,True,vmtravel,,,,,https://vmtravel.com/wp-content/uploads/2023/07/sunrise-at-my-son-sanctuary.jpg,,tour-028__vmtravel-central-024-my-son-sanctuary-from-hoi-an-book-best-1-day-tour-in-hoi-an__p01__vmtravel-sunrise-at-my-son-sanctuary.jpg,D:\DATN\DATN_Tài liệu\data-center\media-assets\cloudinary-staging\tours\2026-06-07-verified-real-tours\originals\tour-028__vmtravel-central-024-my-son-sanctuary-from-hoi-an-book-best-1-day-tour-in-hoi-an__p01__vmtravel-sunrise-at-my-son-sanctuary.jpg,image/jpeg,824677,b1d761da6d15535b60f21492efc41d20e7288b115682cb2e4e5023edc13b89cc,,,danangtrip/tours/vmtravel-central-024-my-son-sanctuary-from-hoi-an-book-best-1-day-tour-in-hoi-an/tour-028__vmtravel-central-024-my-son-sanctuary-from-hoi-an-book-best-1-day-tour-in-hoi-an__p01__vmtravel-sunrise-at-my-son-sanctuary,image,already_downloaded,,Downloaded from operator source page; verify reuse permission before production publication.,
28,My Son Sanctuary From Hoi An-Book Best 1 Day Tour in Hoi An,vmtravel-central-024-my-son-sanctuary-from-hoi-an-book-best-1-day-tour-in-hoi-an,https://vmtravel.com/tours/my-son-sanctuary-from-hoi-an/,2,False,vmtravel,,,,,https://vmtravel.com/wp-content/uploads/2023/07/myson-sanctuary.jpg,,tour-028__vmtravel-central-024-my-son-sanctuary-from-hoi-an-book-best-1-day-tour-in-hoi-an__p02__vmtravel-myson-sanctuary.jpg,D:\DATN\DATN_Tài liệu\data-center\media-assets\cloudinary-staging\tours\2026-06-07-verified-real-tours\originals\tour-028__vmtravel-central-024-my-son-sanctuary-from-hoi-an-book-best-1-day-tour-in-hoi-an__p02__vmtravel-myson-sanctuary.jpg,image/jpeg,667935,5c1c29a9608bea8cbfc57bab119f00445583baf32f561d17049b207627dae31a,,,danangtrip/tours/vmtravel-central-024-my-son-sanctuary-from-hoi-an-book-best-1-day-tour-in-hoi-an/tour-028__vmtravel-central-024-my-son-sanctuary-from-hoi-an-book-best-1-day-tour-in-hoi-an__p02__vmtravel-myson-sanctuary,image,already_downloaded,,Downloaded from operator source page; verify reuse permission before production publication.,
28,My Son Sanctuary From Hoi An-Book Best 1 Day Tour in Hoi An,vmtravel-central-024-my-son-sanctuary-from-hoi-an-book-best-1-day-tour-in-hoi-an,https://vmtravel.com/tours/my-son-sanctuary-from-hoi-an/,3,False,vmtravel,,,,,https://vmtravel.com/wp-content/uploads/2023/07/tour-my-son-sanctuary-from-hoi-an.jpg,,tour-028__vmtravel-central-024-my-son-sanctuary-from-hoi-an-book-best-1-day-tour-in-hoi-an__p03__vmtravel-tour-my-son-sanctuary-from-hoi-an.jpg,D:\DATN\DATN_Tài liệu\data-center\media-assets\cloudinary-staging\tours\2026-06-07-verified-real-tours\originals\tour-028__vmtravel-central-024-my-son-sanctuary-from-hoi-an-book-best-1-day-tour-in-hoi-an__p03__vmtravel-tour-my-son-sanctuary-from-hoi-an.jpg,image/jpeg,830890,3f30c1224ccce28752002a994c8303effc0829baec2bcd2d706999cdc18edcad,,,danangtrip/tours/vmtravel-central-024-my-son-sanctuary-from-hoi-an-book-best-1-day-tour-in-hoi-an/tour-028__vmtravel-central-024-my-son-sanctuary-from-hoi-an-book-best-1-day-tour-in-hoi-an__p03__vmtravel-tour-my-son-sanctuary-from-hoi-an,image,already_downloaded,,Downloaded from operator source page; verify reuse permission before production publication.,
29,My Son Sanctuary Tour From Tien Sa Port - Explore Now,vmtravel-recheck-004-my-son-sanctuary-tour-from-tien-sa-port-explore-now,https://vmtravel.com/tours/my-son-sanctuary-tour-from-tien-sa-port/,1,True,vmtravel,,,,,https://vmtravel.com/wp-content/uploads/2023/07/my-son-sanctuary.jpg,,tour-029__vmtravel-recheck-004-my-son-sanctuary-tour-from-tien-sa-port-explore-now__p01__vmtravel-my-son-sanctuary.jpg,D:\DATN\DATN_Tài liệu\data-center\media-assets\cloudinary-staging\tours\2026-06-07-verified-real-tours\originals\tour-029__vmtravel-recheck-004-my-son-sanctuary-tour-from-tien-sa-port-explore-now__p01__vmtravel-my-son-sanctuary.jpg,image/jpeg,750753,7c829c120004a3ffa6a50e38f763ffe884c47a3f0ef7bcfa19c5ecb02f201035,,,danangtrip/tours/vmtravel-recheck-004-my-son-sanctuary-tour-from-tien-sa-port-explore-now/tour-029__vmtravel-recheck-004-my-son-sanctuary-tour-from-tien-sa-port-explore-now__p01__vmtravel-my-son-sanctuary,image,already_downloaded,,Downloaded from operator source page; verify reuse permission before production publication.,
29,My Son Sanctuary Tour From Tien Sa Port - Explore Now,vmtravel-recheck-004-my-son-sanctuary-tour-from-tien-sa-port-explore-now,https://vmtravel.com/tours/my-son-sanctuary-tour-from-tien-sa-port/,2,False,vmtravel,,,,,https://vmtravel.com/wp-content/uploads/2023/07/My-Son-Holyland-Tour.jpg,,tour-029__vmtravel-recheck-004-my-son-sanctuary-tour-from-tien-sa-port-explore-now__p02__vmtravel-my-son-holyland-tour.jpg,D:\DATN\DATN_Tài liệu\data-center\media-assets\cloudinary-staging\tours\2026-06-07-verified-real-tours\originals\tour-029__vmtravel-recheck-004-my-son-sanctuary-tour-from-tien-sa-port-explore-now__p02__vmtravel-my-son-holyland-tour.jpg,image/jpeg,705710,f452cf25cce9a8faad2c042ac719f853a86fff8bc59d6217907e31b2f31f445f,,,danangtrip/tours/vmtravel-recheck-004-my-son-sanctuary-tour-from-tien-sa-port-explore-now/tour-029__vmtravel-recheck-004-my-son-sanctuary-tour-from-tien-sa-port-explore-now__p02__vmtravel-my-son-holyland-tour,image,already_downloaded,,Downloaded from operator source page; verify reuse permission before production publication.,
29,My Son Sanctuary Tour From Tien Sa Port - Explore Now,vmtravel-recheck-004-my-son-sanctuary-tour-from-tien-sa-port-explore-now,https://vmtravel.com/tours/my-son-sanctuary-tour-from-tien-sa-port/,3,False,vmtravel,,,,,https://vmtravel.com/wp-content/uploads/2023/07/my-son-holyland.jpg,,tour-029__vmtravel-recheck-004-my-son-sanctuary-tour-from-tien-sa-port-explore-now__p03__vmtravel-my-son-holyland.jpg,D:\DATN\DATN_Tài liệu\data-center\media-assets\cloudinary-staging\tours\2026-06-07-verified-real-tours\originals\tour-029__vmtravel-recheck-004-my-son-sanctuary-tour-from-tien-sa-port-explore-now__p03__vmtravel-my-son-holyland.jpg,image/jpeg,796513,7085d9fc5cc5942698ccddfb1d82166621b6af41a458ee5903dd6e7a9e896902,,,danangtrip/tours/vmtravel-recheck-004-my-son-sanctuary-tour-from-tien-sa-port-explore-now/tour-029__vmtravel-recheck-004-my-son-sanctuary-tour-from-tien-sa-port-explore-now__p03__vmtravel-my-son-holyland,image,already_downloaded,,Downloaded from operator source page; verify reuse permission before production publication.,
30,Paradise Cave Tour From Hue - Explore Nature's Masterpiece,vmtravel-central-025-paradise-cave-tour-from-hue-explore-nature-s-masterpiece,https://vmtravel.com/tours/paradise-cave-tour-from-hue/,1,True,vmtravel,,,,,https://vmtravel.com/wp-content/uploads/2024/08/Paradise-cave-tour-from-hue.jpg,,tour-030__vmtravel-central-025-paradise-cave-tour-from-hue-explore-nature-s-masterpiece__p01__vmtravel-paradise-cave-tour-from-hue.jpg,D:\DATN\DATN_Tài liệu\data-center\media-assets\cloudinary-staging\tours\2026-06-07-verified-real-tours\originals\tour-030__vmtravel-central-025-paradise-cave-tour-from-hue-explore-nature-s-masterpiece__p01__vmtravel-paradise-cave-tour-from-hue.jpg,image/jpeg,746114,05f514f8acae86a708cc5918d750102a1380c09752aeb8d47241ad188cb6ed7a,,,danangtrip/tours/vmtravel-central-025-paradise-cave-tour-from-hue-explore-nature-s-masterpiece/tour-030__vmtravel-central-025-paradise-cave-tour-from-hue-explore-nature-s-masterpiece__p01__vmtravel-paradise-cave-tour-from-hue,image,already_downloaded,,Downloaded from operator source page; verify reuse permission before production publication.,
30,Paradise Cave Tour From Hue - Explore Nature's Masterpiece,vmtravel-central-025-paradise-cave-tour-from-hue-explore-nature-s-masterpiece,https://vmtravel.com/tours/paradise-cave-tour-from-hue/,2,False,vmtravel,,,,,https://vmtravel.com/wp-content/uploads/2024/08/paradise-cave-tour.jpg,,tour-030__vmtravel-central-025-paradise-cave-tour-from-hue-explore-nature-s-masterpiece__p02__vmtravel-paradise-cave-tour.jpg,D:\DATN\DATN_Tài liệu\data-center\media-assets\cloudinary-staging\tours\2026-06-07-verified-real-tours\originals\tour-030__vmtravel-central-025-paradise-cave-tour-from-hue-explore-nature-s-masterpiece__p02__vmtravel-paradise-cave-tour.jpg,image/jpeg,947927,7c7f81a2590ef7b5ff8573ba1f746999f76bbdddc48bc4f716fe3f019972f860,,,danangtrip/tours/vmtravel-central-025-paradise-cave-tour-from-hue-explore-nature-s-masterpiece/tour-030__vmtravel-central-025-paradise-cave-tour-from-hue-explore-nature-s-masterpiece__p02__vmtravel-paradise-cave-tour,image,already_downloaded,,Downloaded from operator source page; verify reuse permission before production publication.,
30,Paradise Cave Tour From Hue - Explore Nature's Masterpiece,vmtravel-central-025-paradise-cave-tour-from-hue-explore-nature-s-masterpiece,https://vmtravel.com/tours/paradise-cave-tour-from-hue/,3,False,vmtravel,,,,,https://vmtravel.com/wp-content/uploads/2023/07/Phong-Nha-Caves.jpg,,tour-030__vmtravel-central-025-paradise-cave-tour-from-hue-explore-nature-s-masterpiece__p03__vmtravel-phong-nha-caves.jpg,D:\DATN\DATN_Tài liệu\data-center\media-assets\cloudinary-staging\tours\2026-06-07-verified-real-tours\originals\tour-030__vmtravel-central-025-paradise-cave-tour-from-hue-explore-nature-s-masterpiece__p03__vmtravel-phong-nha-caves.jpg,image/jpeg,712715,5264a2cf8026c4555c252399f049cf75ba725e6054105bc5d1271fffe7f34c29,,,danangtrip/tours/vmtravel-central-025-paradise-cave-tour-from-hue-explore-nature-s-masterpiece/tour-030__vmtravel-central-025-paradise-cave-tour-from-hue-explore-nature-s-masterpiece__p03__vmtravel-phong-nha-caves,image,already_downloaded,,Downloaded from operator source page; verify reuse permission before production publication.,
