asset_id,bytes,category_slug,cloudinary_public_id,download_message,external_id,format,height,image_url,local_file,local_path,location_id,location_name,location_slug,location_status,photo_id,photo_index,photographer,photographer_url,provider,provider_page_url,public_id,secure_url,source_url,status,thumbnail_url,upload_status,version,width
d27af851055886d2a01410fb634d6854,286494,khach-san-homestay,danangtrip/locations/chipa-homestay/loc-163__chipa-homestay__p01,downloaded:286494,osm-node-11715209969,jpg,1253,https://images.pexels.com/photos/27630279/pexels-photo-27630279.jpeg?auto=compress&cs=tinysrgb&dpr=2&h=650&w=940,loc-163__chipa-homestay__osm-node-11715209969__p01__pexels-27630279.jpg,D:\DATN\DATN_Tài liệu\data-center\media-assets\cloudinary-staging\locations\2026-06-04-overpass-published-inactive\originals\loc-163__chipa-homestay__osm-node-11715209969__p01__pexels-27630279.jpg,163,ChiPa Homestay,chipa-homestay,inactive,27630279,1,Duc Nguyen,https://www.pexels.com/@duc-nguyen-400576574,pexels,https://www.pexels.com/photo/a-woman-sitting-in-a-round-window-in-a-small-house-27630279/,danangtrip/locations/chipa-homestay/loc-163__chipa-homestay__p01,https://res.cloudinary.com/dmukxquza/image/upload/v1780559455/danangtrip/locations/chipa-homestay/loc-163__chipa-homestay__p01.jpg,https://www.openstreetmap.org/node/11715209969,downloaded,https://images.pexels.com/photos/27630279/pexels-photo-27630279.jpeg?auto=compress&cs=tinysrgb&h=350,uploaded,1780559455,1880
cc73c79c904a9e5c8c9abd6b2767ece2,249112,check-in-noi-tieng,danangtrip/locations/cho-dem-helio/loc-164__cho-dem-helio__p01,downloaded:249112,osm-node-7301996085,jpg,1253,https://images.pexels.com/photos/28411758/pexels-photo-28411758.jpeg?auto=compress&cs=tinysrgb&dpr=2&h=650&w=940,loc-164__cho-dem-helio__osm-node-7301996085__p01__pexels-28411758.jpg,D:\DATN\DATN_Tài liệu\data-center\media-assets\cloudinary-staging\locations\2026-06-04-overpass-published-inactive\originals\loc-164__cho-dem-helio__osm-node-7301996085__p01__pexels-28411758.jpg,164,Cho dem Helio,cho-dem-helio,inactive,28411758,1,Jeffry Surianto,https://www.pexels.com/@andromeda99,pexels,https://www.pexels.com/photo/sunset-cityscape-with-han-river-bridge-28411758/,danangtrip/locations/cho-dem-helio/loc-164__cho-dem-helio__p01,https://res.cloudinary.com/dmukxquza/image/upload/v1780559458/danangtrip/locations/cho-dem-helio/loc-164__cho-dem-helio__p01.jpg,https://www.openstreetmap.org/node/7301996085,downloaded,https://images.pexels.com/photos/28411758/pexels-photo-28411758.jpeg?auto=compress&cs=tinysrgb&h=350,uploaded,1780559458,1880
5ab0e861ec4061e8b48c70b0de0fdbfd,391871,am-thuc-dia-phuong,danangtrip/locations/com-tam-co-nga/loc-165__com-tam-co-nga__p01,downloaded:391871,osm-node-4605114489,jpg,1253,https://images.pexels.com/photos/32831392/pexels-photo-32831392.jpeg?auto=compress&cs=tinysrgb&dpr=2&h=650&w=940,loc-165__com-tam-co-nga__osm-node-4605114489__p01__pexels-32831392.jpg,D:\DATN\DATN_Tài liệu\data-center\media-assets\cloudinary-staging\locations\2026-06-04-overpass-published-inactive\originals\loc-165__com-tam-co-nga__osm-node-4605114489__p01__pexels-32831392.jpg,165,Com Tam Co Nga,com-tam-co-nga,inactive,32831392,1,Tuan Vy,https://www.pexels.com/@tuan-vy-903011268,pexels,https://www.pexels.com/photo/street-view-of-vietnamese-restaurant-with-motorbikes-32831392/,danangtrip/locations/com-tam-co-nga/loc-165__com-tam-co-nga__p01,https://res.cloudinary.com/dmukxquza/image/upload/v1780559461/danangtrip/locations/com-tam-co-nga/loc-165__com-tam-co-nga__p01.jpg,https://www.openstreetmap.org/node/4605114489,downloaded,https://images.pexels.com/photos/32831392/pexels-photo-32831392.jpeg?auto=compress&cs=tinysrgb&h=350,uploaded,1780559461,1880
527baa9509551a4633d956d4d8a1ee40,448711,cong-vien-vuon-hoa,danangtrip/locations/cong-vien-apec/loc-166__cong-vien-apec__p01,downloaded:448711,osm-way-675604354,jpg,1254,https://images.pexels.com/photos/14021725/pexels-photo-14021725.jpeg?auto=compress&cs=tinysrgb&dpr=2&h=650&w=940,loc-166__cong-vien-apec__osm-way-675604354__p01__pexels-14021725.jpg,D:\DATN\DATN_Tài liệu\data-center\media-assets\cloudinary-staging\locations\2026-06-04-overpass-published-inactive\originals\loc-166__cong-vien-apec__osm-way-675604354__p01__pexels-14021725.jpg,166,Cong Vien APEC,cong-vien-apec,inactive,14021725,1,Quang Nguyen Vinh,https://www.pexels.com/@quang-nguyen-vinh-222549,pexels,https://www.pexels.com/photo/people-standing-near-the-apec-park-14021725/,danangtrip/locations/cong-vien-apec/loc-166__cong-vien-apec__p01,https://res.cloudinary.com/dmukxquza/image/upload/v1780559463/danangtrip/locations/cong-vien-apec/loc-166__cong-vien-apec__p01.jpg,https://www.openstreetmap.org/way/675604354,downloaded,https://images.pexels.com/photos/14021725/pexels-photo-14021725.jpeg?auto=compress&cs=tinysrgb&h=350,uploaded,1780559463,1880
0d15ec8d618b8054f69ae584176edfd7,448711,cong-vien-vuon-hoa,danangtrip/locations/cong-vien-bien-dong/loc-167__cong-vien-bien-dong__p01,downloaded:448711,osm-way-149699484,jpg,1254,https://images.pexels.com/photos/14021725/pexels-photo-14021725.jpeg?auto=compress&cs=tinysrgb&dpr=2&h=650&w=940,loc-167__cong-vien-bien-dong__osm-way-149699484__p01__pexels-14021725.jpg,D:\DATN\DATN_Tài liệu\data-center\media-assets\cloudinary-staging\locations\2026-06-04-overpass-published-inactive\originals\loc-167__cong-vien-bien-dong__osm-way-149699484__p01__pexels-14021725.jpg,167,Cong vien Bien Dong,cong-vien-bien-dong,inactive,14021725,1,Quang Nguyen Vinh,https://www.pexels.com/@quang-nguyen-vinh-222549,pexels,https://www.pexels.com/photo/people-standing-near-the-apec-park-14021725/,danangtrip/locations/cong-vien-bien-dong/loc-167__cong-vien-bien-dong__p01,https://res.cloudinary.com/dmukxquza/image/upload/v1780559466/danangtrip/locations/cong-vien-bien-dong/loc-167__cong-vien-bien-dong__p01.jpg,https://www.openstreetmap.org/way/149699484,downloaded,https://images.pexels.com/photos/14021725/pexels-photo-14021725.jpeg?auto=compress&cs=tinysrgb&h=350,uploaded,1780559466,1880
44f3e091122bb30e93b3b7609a74fbbe,448711,cong-vien-vuon-hoa,danangtrip/locations/cong-vien-nguyen-van-linh/loc-168__cong-vien-nguyen-van-linh__p01,downloaded:448711,osm-way-1254909519,jpg,1254,https://images.pexels.com/photos/14021725/pexels-photo-14021725.jpeg?auto=compress&cs=tinysrgb&dpr=2&h=650&w=940,loc-168__cong-vien-nguyen-van-linh__osm-way-1254909519__p01__pexels-14021725.jpg,D:\DATN\DATN_Tài liệu\data-center\media-assets\cloudinary-staging\locations\2026-06-04-overpass-published-inactive\originals\loc-168__cong-vien-nguyen-van-linh__osm-way-1254909519__p01__pexels-14021725.jpg,168,Cong vien Nguyen Van Linh,cong-vien-nguyen-van-linh,inactive,14021725,1,Quang Nguyen Vinh,https://www.pexels.com/@quang-nguyen-vinh-222549,pexels,https://www.pexels.com/photo/people-standing-near-the-apec-park-14021725/,danangtrip/locations/cong-vien-nguyen-van-linh/loc-168__cong-vien-nguyen-van-linh__p01,https://res.cloudinary.com/dmukxquza/image/upload/v1780559469/danangtrip/locations/cong-vien-nguyen-van-linh/loc-168__cong-vien-nguyen-van-linh__p01.jpg,https://www.openstreetmap.org/way/1254909519,downloaded,https://images.pexels.com/photos/14021725/pexels-photo-14021725.jpeg?auto=compress&cs=tinysrgb&h=350,uploaded,1780559469,1880
4c06dda98517edceae5411bd3cefe205,423466,am-thuc-dia-phuong,danangtrip/locations/cut-lon-me-ba-lanh/loc-169__cut-lon-me-ba-lanh__p01,downloaded:423466,osm-node-6152615685,jpg,1253,https://images.pexels.com/photos/33970485/pexels-photo-33970485.jpeg?auto=compress&cs=tinysrgb&dpr=2&h=650&w=940,loc-169__cut-lon-me-ba-lanh__osm-node-6152615685__p01__pexels-33970485.jpg,D:\DATN\DATN_Tài liệu\data-center\media-assets\cloudinary-staging\locations\2026-06-04-overpass-published-inactive\originals\loc-169__cut-lon-me-ba-lanh__osm-node-6152615685__p01__pexels-33970485.jpg,169,Cut lon me Ba Lanh,cut-lon-me-ba-lanh,inactive,33970485,1,Kirandeep Singh Walia,https://www.pexels.com/@kirandeepsingh,pexels,https://www.pexels.com/photo/bustling-meat-market-scene-in-da-nang-vietnam-33970485/,danangtrip/locations/cut-lon-me-ba-lanh/loc-169__cut-lon-me-ba-lanh__p01,https://res.cloudinary.com/dmukxquza/image/upload/v1780559473/danangtrip/locations/cut-lon-me-ba-lanh/loc-169__cut-lon-me-ba-lanh__p01.jpg,https://www.openstreetmap.org/node/6152615685,downloaded,https://images.pexels.com/photos/33970485/pexels-photo-33970485.jpeg?auto=compress&cs=tinysrgb&h=350,uploaded,1780559473,1880
5ce0245dbf21b4f3b9e19b400edba348,501538,khach-san-homestay,danangtrip/locations/dai-long-hotel/loc-170__dai-long-hotel__p01,downloaded:501538,osm-node-4326820491,jpg,1253,https://images.pexels.com/photos/5273872/pexels-photo-5273872.jpeg?auto=compress&cs=tinysrgb&dpr=2&h=650&w=940,loc-170__dai-long-hotel__osm-node-4326820491__p01__pexels-5273872.jpg,D:\DATN\DATN_Tài liệu\data-center\media-assets\cloudinary-staging\locations\2026-06-04-overpass-published-inactive\originals\loc-170__dai-long-hotel__osm-node-4326820491__p01__pexels-5273872.jpg,170,Dai Long hotel,dai-long-hotel,inactive,5273872,1,Thanh Do,https://www.pexels.com/@dothanhyb,pexels,https://www.pexels.com/photo/nha-khach-hao-gia-hotel-5273872/,danangtrip/locations/dai-long-hotel/loc-170__dai-long-hotel__p01,https://res.cloudinary.com/dmukxquza/image/upload/v1780559476/danangtrip/locations/dai-long-hotel/loc-170__dai-long-hotel__p01.jpg,https://www.openstreetmap.org/node/4326820491,downloaded,https://images.pexels.com/photos/5273872/pexels-photo-5273872.jpeg?auto=compress&cs=tinysrgb&h=350,uploaded,1780559476,1880
82ddf1c2fd977056c4d5d46c1ee028f1,492934,khach-san-homestay,danangtrip/locations/dan-oasis-hotel/loc-171__dan-oasis-hotel__p01,downloaded:492934,osm-node-4759000238,jpg,1253,https://images.pexels.com/photos/6875472/pexels-photo-6875472.jpeg?auto=compress&cs=tinysrgb&dpr=2&h=650&w=940,loc-171__dan-oasis-hotel__osm-node-4759000238__p01__pexels-6875472.jpg,D:\DATN\DATN_Tài liệu\data-center\media-assets\cloudinary-staging\locations\2026-06-04-overpass-published-inactive\originals\loc-171__dan-oasis-hotel__osm-node-4759000238__p01__pexels-6875472.jpg,171,Dan Oasis Hotel,dan-oasis-hotel,inactive,6875472,1,Quang Nguyen Vinh,https://www.pexels.com/@quang-nguyen-vinh-222549,pexels,https://www.pexels.com/photo/aerial-view-of-city-buildings-near-the-ocean-6875472/,danangtrip/locations/dan-oasis-hotel/loc-171__dan-oasis-hotel__p01,https://res.cloudinary.com/dmukxquza/image/upload/v1780559479/danangtrip/locations/dan-oasis-hotel/loc-171__dan-oasis-hotel__p01.jpg,https://www.openstreetmap.org/node/4759000238,downloaded,https://images.pexels.com/photos/6875472/pexels-photo-6875472.jpeg?auto=compress&cs=tinysrgb&h=350,uploaded,1780559479,1880
e182afb039e8b1265e395ae0d3b07773,501538,khach-san-homestay,danangtrip/locations/danang-backpackers-hostel/loc-172__danang-backpackers-hostel__p01,downloaded:501538,osm-node-4166666089,jpg,1253,https://images.pexels.com/photos/5273872/pexels-photo-5273872.jpeg?auto=compress&cs=tinysrgb&dpr=2&h=650&w=940,loc-172__danang-backpackers-hostel__osm-node-4166666089__p01__pexels-5273872.jpg,D:\DATN\DATN_Tài liệu\data-center\media-assets\cloudinary-staging\locations\2026-06-04-overpass-published-inactive\originals\loc-172__danang-backpackers-hostel__osm-node-4166666089__p01__pexels-5273872.jpg,172,Danang Backpackers Hostel,danang-backpackers-hostel,inactive,5273872,1,Thanh Do,https://www.pexels.com/@dothanhyb,pexels,https://www.pexels.com/photo/nha-khach-hao-gia-hotel-5273872/,danangtrip/locations/danang-backpackers-hostel/loc-172__danang-backpackers-hostel__p01,https://res.cloudinary.com/dmukxquza/image/upload/v1780559482/danangtrip/locations/danang-backpackers-hostel/loc-172__danang-backpackers-hostel__p01.jpg,https://www.openstreetmap.org/node/4166666089,downloaded,https://images.pexels.com/photos/5273872/pexels-photo-5273872.jpeg?auto=compress&cs=tinysrgb&h=350,uploaded,1780559482,1880
e270df2ea9b4b9f437517284b3de26a5,391871,am-thuc-dia-phuong,danangtrip/locations/de-nghia/loc-173__de-nghia__p01,downloaded:391871,osm-node-4118236589,jpg,1253,https://images.pexels.com/photos/32831392/pexels-photo-32831392.jpeg?auto=compress&cs=tinysrgb&dpr=2&h=650&w=940,loc-173__de-nghia__osm-node-4118236589__p01__pexels-32831392.jpg,D:\DATN\DATN_Tài liệu\data-center\media-assets\cloudinary-staging\locations\2026-06-04-overpass-published-inactive\originals\loc-173__de-nghia__osm-node-4118236589__p01__pexels-32831392.jpg,173,De nghia,de-nghia,inactive,32831392,1,Tuan Vy,https://www.pexels.com/@tuan-vy-903011268,pexels,https://www.pexels.com/photo/street-view-of-vietnamese-restaurant-with-motorbikes-32831392/,danangtrip/locations/de-nghia/loc-173__de-nghia__p01,https://res.cloudinary.com/dmukxquza/image/upload/v1780559484/danangtrip/locations/de-nghia/loc-173__de-nghia__p01.jpg,https://www.openstreetmap.org/node/4118236589,downloaded,https://images.pexels.com/photos/32831392/pexels-photo-32831392.jpeg?auto=compress&cs=tinysrgb&h=350,uploaded,1780559484,1880
047d3da55ed64fbf9334bed0fa857b3e,300827,check-in-noi-tieng,danangtrip/locations/deo-hai-van/loc-174__deo-hai-van__p01,downloaded:300827,osm-node-1036552571,jpg,1252,https://images.pexels.com/photos/14024082/pexels-photo-14024082.jpeg?auto=compress&cs=tinysrgb&dpr=2&h=650&w=940,loc-174__deo-hai-van__osm-node-1036552571__p01__pexels-14024082.jpg,D:\DATN\DATN_Tài liệu\data-center\media-assets\cloudinary-staging\locations\2026-06-04-overpass-published-inactive\originals\loc-174__deo-hai-van__osm-node-1036552571__p01__pexels-14024082.jpg,174,Deo Hai Van,deo-hai-van,inactive,14024082,1,Quang Nguyen Vinh,https://www.pexels.com/@quang-nguyen-vinh-222549,pexels,https://www.pexels.com/photo/green-mountains-under-blue-sky-14024082/,danangtrip/locations/deo-hai-van/loc-174__deo-hai-van__p01,https://res.cloudinary.com/dmukxquza/image/upload/v1780559487/danangtrip/locations/deo-hai-van/loc-174__deo-hai-van__p01.jpg,https://www.openstreetmap.org/node/1036552571,downloaded,https://images.pexels.com/photos/14024082/pexels-photo-14024082.jpeg?auto=compress&cs=tinysrgb&h=350,uploaded,1780559487,1880
9e6c7591329873a32f5b349ba0510958,492934,khach-san-homestay,danangtrip/locations/diamond-beach/loc-175__diamond-beach__p01,downloaded:492934,osm-node-12119724802,jpg,1253,https://images.pexels.com/photos/6875472/pexels-photo-6875472.jpeg?auto=compress&cs=tinysrgb&dpr=2&h=650&w=940,loc-175__diamond-beach__osm-node-12119724802__p01__pexels-6875472.jpg,D:\DATN\DATN_Tài liệu\data-center\media-assets\cloudinary-staging\locations\2026-06-04-overpass-published-inactive\originals\loc-175__diamond-beach__osm-node-12119724802__p01__pexels-6875472.jpg,175,Diamond Beach,diamond-beach,inactive,6875472,1,Quang Nguyen Vinh,https://www.pexels.com/@quang-nguyen-vinh-222549,pexels,https://www.pexels.com/photo/aerial-view-of-city-buildings-near-the-ocean-6875472/,danangtrip/locations/diamond-beach/loc-175__diamond-beach__p01,https://res.cloudinary.com/dmukxquza/image/upload/v1780559490/danangtrip/locations/diamond-beach/loc-175__diamond-beach__p01.jpg,https://www.openstreetmap.org/node/12119724802,downloaded,https://images.pexels.com/photos/6875472/pexels-photo-6875472.jpeg?auto=compress&cs=tinysrgb&h=350,uploaded,1780559490,1880
daa4a009a7ba5567e248b622c06a9169,391871,am-thuc-dia-phuong,danangtrip/locations/doi-gio/loc-176__doi-gio__p01,downloaded:391871,osm-node-5293335937,jpg,1253,https://images.pexels.com/photos/32831392/pexels-photo-32831392.jpeg?auto=compress&cs=tinysrgb&dpr=2&h=650&w=940,loc-176__doi-gio__osm-node-5293335937__p01__pexels-32831392.jpg,D:\DATN\DATN_Tài liệu\data-center\media-assets\cloudinary-staging\locations\2026-06-04-overpass-published-inactive\originals\loc-176__doi-gio__osm-node-5293335937__p01__pexels-32831392.jpg,176,Doi gio,doi-gio,inactive,32831392,1,Tuan Vy,https://www.pexels.com/@tuan-vy-903011268,pexels,https://www.pexels.com/photo/street-view-of-vietnamese-restaurant-with-motorbikes-32831392/,danangtrip/locations/doi-gio/loc-176__doi-gio__p01,https://res.cloudinary.com/dmukxquza/image/upload/v1780559493/danangtrip/locations/doi-gio/loc-176__doi-gio__p01.jpg,https://www.openstreetmap.org/node/5293335937,downloaded,https://images.pexels.com/photos/32831392/pexels-photo-32831392.jpeg?auto=compress&cs=tinysrgb&h=350,uploaded,1780559493,1880
6d00a5d4453c7d43af2c15cc4a302d80,492934,khach-san-homestay,danangtrip/locations/dtc-hotel/loc-177__dtc-hotel__p01,downloaded:492934,osm-node-10314394611,jpg,1253,https://images.pexels.com/photos/6875472/pexels-photo-6875472.jpeg?auto=compress&cs=tinysrgb&dpr=2&h=650&w=940,loc-177__dtc-hotel__osm-node-10314394611__p01__pexels-6875472.jpg,D:\DATN\DATN_Tài liệu\data-center\media-assets\cloudinary-staging\locations\2026-06-04-overpass-published-inactive\originals\loc-177__dtc-hotel__osm-node-10314394611__p01__pexels-6875472.jpg,177,DTC Hotel,dtc-hotel,inactive,6875472,1,Quang Nguyen Vinh,https://www.pexels.com/@quang-nguyen-vinh-222549,pexels,https://www.pexels.com/photo/aerial-view-of-city-buildings-near-the-ocean-6875472/,danangtrip/locations/dtc-hotel/loc-177__dtc-hotel__p01,https://res.cloudinary.com/dmukxquza/image/upload/v1780559496/danangtrip/locations/dtc-hotel/loc-177__dtc-hotel__p01.jpg,https://www.openstreetmap.org/node/10314394611,downloaded,https://images.pexels.com/photos/6875472/pexels-photo-6875472.jpeg?auto=compress&cs=tinysrgb&h=350,uploaded,1780559496,1880
8e8509e235462d44f9b8721042daa4f4,492934,khach-san-homestay,danangtrip/locations/ecodanang/loc-178__ecodanang__p01,downloaded:492934,osm-node-4287074189,jpg,1253,https://images.pexels.com/photos/6875472/pexels-photo-6875472.jpeg?auto=compress&cs=tinysrgb&dpr=2&h=650&w=940,loc-178__ecodanang__osm-node-4287074189__p01__pexels-6875472.jpg,D:\DATN\DATN_Tài liệu\data-center\media-assets\cloudinary-staging\locations\2026-06-04-overpass-published-inactive\originals\loc-178__ecodanang__osm-node-4287074189__p01__pexels-6875472.jpg,178,Ecodanang,ecodanang,inactive,6875472,1,Quang Nguyen Vinh,https://www.pexels.com/@quang-nguyen-vinh-222549,pexels,https://www.pexels.com/photo/aerial-view-of-city-buildings-near-the-ocean-6875472/,danangtrip/locations/ecodanang/loc-178__ecodanang__p01,https://res.cloudinary.com/dmukxquza/image/upload/v1780559499/danangtrip/locations/ecodanang/loc-178__ecodanang__p01.jpg,https://www.openstreetmap.org/node/4287074189,downloaded,https://images.pexels.com/photos/6875472/pexels-photo-6875472.jpeg?auto=compress&cs=tinysrgb&h=350,uploaded,1780559499,1880
09fc8ae581c0965c630c759e45aa28a2,492934,khach-san-homestay,danangtrip/locations/faifo-hotel/loc-179__faifo-hotel__p01,downloaded:492934,osm-node-4199987426,jpg,1253,https://images.pexels.com/photos/6875472/pexels-photo-6875472.jpeg?auto=compress&cs=tinysrgb&dpr=2&h=650&w=940,loc-179__faifo-hotel__osm-node-4199987426__p01__pexels-6875472.jpg,D:\DATN\DATN_Tài liệu\data-center\media-assets\cloudinary-staging\locations\2026-06-04-overpass-published-inactive\originals\loc-179__faifo-hotel__osm-node-4199987426__p01__pexels-6875472.jpg,179,Faifo Hotel,faifo-hotel,inactive,6875472,1,Quang Nguyen Vinh,https://www.pexels.com/@quang-nguyen-vinh-222549,pexels,https://www.pexels.com/photo/aerial-view-of-city-buildings-near-the-ocean-6875472/,danangtrip/locations/faifo-hotel/loc-179__faifo-hotel__p01,https://res.cloudinary.com/dmukxquza/image/upload/v1780559502/danangtrip/locations/faifo-hotel/loc-179__faifo-hotel__p01.jpg,https://www.openstreetmap.org/node/4199987426,downloaded,https://images.pexels.com/photos/6875472/pexels-photo-6875472.jpeg?auto=compress&cs=tinysrgb&h=350,uploaded,1780559502,1880
d5cf866973fbb204f3b6390a21e4b468,448711,cong-vien-nuoc,danangtrip/locations/fantasy-park/loc-180__fantasy-park__p01,downloaded:448711,osm-node-10154412164,jpg,1254,https://images.pexels.com/photos/14021725/pexels-photo-14021725.jpeg?auto=compress&cs=tinysrgb&dpr=2&h=650&w=940,loc-180__fantasy-park__osm-node-10154412164__p01__pexels-14021725.jpg,D:\DATN\DATN_Tài liệu\data-center\media-assets\cloudinary-staging\locations\2026-06-04-overpass-published-inactive\originals\loc-180__fantasy-park__osm-node-10154412164__p01__pexels-14021725.jpg,180,Fantasy Park,fantasy-park,inactive,14021725,1,Quang Nguyen Vinh,https://www.pexels.com/@quang-nguyen-vinh-222549,pexels,https://www.pexels.com/photo/people-standing-near-the-apec-park-14021725/,danangtrip/locations/fantasy-park/loc-180__fantasy-park__p01,https://res.cloudinary.com/dmukxquza/image/upload/v1780559506/danangtrip/locations/fantasy-park/loc-180__fantasy-park__p01.jpg,https://www.openstreetmap.org/node/10154412164,downloaded,https://images.pexels.com/photos/14021725/pexels-photo-14021725.jpeg?auto=compress&cs=tinysrgb&h=350,uploaded,1780559506,1880
ff566d05c7a222a7435a914bbf3897cf,492934,khach-san-homestay,danangtrip/locations/fedora-hostel/loc-181__fedora-hostel__p01,downloaded:492934,osm-node-11584401669,jpg,1253,https://images.pexels.com/photos/6875472/pexels-photo-6875472.jpeg?auto=compress&cs=tinysrgb&dpr=2&h=650&w=940,loc-181__fedora-hostel__osm-node-11584401669__p01__pexels-6875472.jpg,D:\DATN\DATN_Tài liệu\data-center\media-assets\cloudinary-staging\locations\2026-06-04-overpass-published-inactive\originals\loc-181__fedora-hostel__osm-node-11584401669__p01__pexels-6875472.jpg,181,Fedora Hostel,fedora-hostel,inactive,6875472,1,Quang Nguyen Vinh,https://www.pexels.com/@quang-nguyen-vinh-222549,pexels,https://www.pexels.com/photo/aerial-view-of-city-buildings-near-the-ocean-6875472/,danangtrip/locations/fedora-hostel/loc-181__fedora-hostel__p01,https://res.cloudinary.com/dmukxquza/image/upload/v1780559510/danangtrip/locations/fedora-hostel/loc-181__fedora-hostel__p01.jpg,https://www.openstreetmap.org/node/11584401669,downloaded,https://images.pexels.com/photos/6875472/pexels-photo-6875472.jpeg?auto=compress&cs=tinysrgb&h=350,uploaded,1780559510,1880
43cc44c7c324c6fa20163104cba034f3,492934,khach-san-homestay,danangtrip/locations/flora-hotel/loc-182__flora-hotel__p01,downloaded:492934,osm-node-4611974790,jpg,1253,https://images.pexels.com/photos/6875472/pexels-photo-6875472.jpeg?auto=compress&cs=tinysrgb&dpr=2&h=650&w=940,loc-182__flora-hotel__osm-node-4611974790__p01__pexels-6875472.jpg,D:\DATN\DATN_Tài liệu\data-center\media-assets\cloudinary-staging\locations\2026-06-04-overpass-published-inactive\originals\loc-182__flora-hotel__osm-node-4611974790__p01__pexels-6875472.jpg,182,Flora Hotel,flora-hotel,inactive,6875472,1,Quang Nguyen Vinh,https://www.pexels.com/@quang-nguyen-vinh-222549,pexels,https://www.pexels.com/photo/aerial-view-of-city-buildings-near-the-ocean-6875472/,danangtrip/locations/flora-hotel/loc-182__flora-hotel__p01,https://res.cloudinary.com/dmukxquza/image/upload/v1780559513/danangtrip/locations/flora-hotel/loc-182__flora-hotel__p01.jpg,https://www.openstreetmap.org/node/4611974790,downloaded,https://images.pexels.com/photos/6875472/pexels-photo-6875472.jpeg?auto=compress&cs=tinysrgb&h=350,uploaded,1780559513,1880
d20447d4263862c0dc2c4849aa796b4a,158175,khach-san-homestay,danangtrip/locations/fusion-suites/loc-183__fusion-suites__p01,downloaded:158175,osm-node-4550531390,jpg,1253,https://images.pexels.com/photos/28226576/pexels-photo-28226576.png?auto=compress&cs=tinysrgb&dpr=2&h=650&w=940,loc-183__fusion-suites__osm-node-4550531390__p01__pexels-28226576.jpg,D:\DATN\DATN_Tài liệu\data-center\media-assets\cloudinary-staging\locations\2026-06-04-overpass-published-inactive\originals\loc-183__fusion-suites__osm-node-4550531390__p01__pexels-28226576.jpg,183,Fusion Suites,fusion-suites,inactive,28226576,1,Tran Tran,https://www.pexels.com/@ola88,pexels,https://www.pexels.com/photo/danang-vietnam-28226576/,danangtrip/locations/fusion-suites/loc-183__fusion-suites__p01,https://res.cloudinary.com/dmukxquza/image/upload/v1780559516/danangtrip/locations/fusion-suites/loc-183__fusion-suites__p01.jpg,https://www.openstreetmap.org/node/4550531390,downloaded,https://images.pexels.com/photos/28226576/pexels-photo-28226576.png?auto=compress&cs=tinysrgb&h=350,uploaded,1780559516,1880
d9f0658d83f323167dd13cca6041f870,391871,am-thuc-dia-phuong,danangtrip/locations/goom-vegan/loc-184__goom-vegan__p01,downloaded:391871,osm-node-5793917955,jpg,1253,https://images.pexels.com/photos/32831392/pexels-photo-32831392.jpeg?auto=compress&cs=tinysrgb&dpr=2&h=650&w=940,loc-184__goom-vegan__osm-node-5793917955__p01__pexels-32831392.jpg,D:\DATN\DATN_Tài liệu\data-center\media-assets\cloudinary-staging\locations\2026-06-04-overpass-published-inactive\originals\loc-184__goom-vegan__osm-node-5793917955__p01__pexels-32831392.jpg,184,Goom Vegan,goom-vegan,inactive,32831392,1,Tuan Vy,https://www.pexels.com/@tuan-vy-903011268,pexels,https://www.pexels.com/photo/street-view-of-vietnamese-restaurant-with-motorbikes-32831392/,danangtrip/locations/goom-vegan/loc-184__goom-vegan__p01,https://res.cloudinary.com/dmukxquza/image/upload/v1780559519/danangtrip/locations/goom-vegan/loc-184__goom-vegan__p01.jpg,https://www.openstreetmap.org/node/5793917955,downloaded,https://images.pexels.com/photos/32831392/pexels-photo-32831392.jpeg?auto=compress&cs=tinysrgb&h=350,uploaded,1780559519,1880
3f36e4647d75a774c60e2d205573b924,189675,khach-san-homestay,danangtrip/locations/green-balcony-hostel-coffee/loc-185__green-balcony-hostel-coffee__p01,downloaded:189675,osm-node-6054437786,jpg,1253,https://images.pexels.com/photos/34347292/pexels-photo-34347292.jpeg?auto=compress&cs=tinysrgb&dpr=2&h=650&w=940,loc-185__green-balcony-hostel-coffee__osm-node-6054437786__p01__pexels-34347292.jpg,D:\DATN\DATN_Tài liệu\data-center\media-assets\cloudinary-staging\locations\2026-06-04-overpass-published-inactive\originals\loc-185__green-balcony-hostel-coffee__osm-node-6054437786__p01__pexels-34347292.jpg,185,Green Balcony Hostel & Coffee,green-balcony-hostel-coffee,inactive,34347292,1,Nha van,https://www.pexels.com/@nhavan,pexels,https://www.pexels.com/photo/stylish-vietnamese-coffee-and-plant-on-cafe-table-34347292/,danangtrip/locations/green-balcony-hostel-coffee/loc-185__green-balcony-hostel-coffee__p01,https://res.cloudinary.com/dmukxquza/image/upload/v1780559522/danangtrip/locations/green-balcony-hostel-coffee/loc-185__green-balcony-hostel-coffee__p01.jpg,https://www.openstreetmap.org/node/6054437786,downloaded,https://images.pexels.com/photos/34347292/pexels-photo-34347292.jpeg?auto=compress&cs=tinysrgb&h=350,uploaded,1780559522,1880
ba23082752e90a2a68f45fc9d825fb4f,391871,am-thuc-dia-phuong,danangtrip/locations/hai-san-nam-danh/loc-186__hai-san-nam-danh__p01,downloaded:391871,osm-node-6151186386,jpg,1253,https://images.pexels.com/photos/32831392/pexels-photo-32831392.jpeg?auto=compress&cs=tinysrgb&dpr=2&h=650&w=940,loc-186__hai-san-nam-danh__osm-node-6151186386__p01__pexels-32831392.jpg,D:\DATN\DATN_Tài liệu\data-center\media-assets\cloudinary-staging\locations\2026-06-04-overpass-published-inactive\originals\loc-186__hai-san-nam-danh__osm-node-6151186386__p01__pexels-32831392.jpg,186,Hai san Nam Danh,hai-san-nam-danh,inactive,32831392,1,Tuan Vy,https://www.pexels.com/@tuan-vy-903011268,pexels,https://www.pexels.com/photo/street-view-of-vietnamese-restaurant-with-motorbikes-32831392/,danangtrip/locations/hai-san-nam-danh/loc-186__hai-san-nam-danh__p01,https://res.cloudinary.com/dmukxquza/image/upload/v1780559525/danangtrip/locations/hai-san-nam-danh/loc-186__hai-san-nam-danh__p01.jpg,https://www.openstreetmap.org/node/6151186386,downloaded,https://images.pexels.com/photos/32831392/pexels-photo-32831392.jpeg?auto=compress&cs=tinysrgb&h=350,uploaded,1780559525,1880
9669283b8ca4f4391e8c8759972cf84c,300827,check-in-noi-tieng,danangtrip/locations/hai-van-quan/loc-187__hai-van-quan__p01,downloaded:300827,osm-way-466418347,jpg,1252,https://images.pexels.com/photos/14024082/pexels-photo-14024082.jpeg?auto=compress&cs=tinysrgb&dpr=2&h=650&w=940,loc-187__hai-van-quan__osm-way-466418347__p01__pexels-14024082.jpg,D:\DATN\DATN_Tài liệu\data-center\media-assets\cloudinary-staging\locations\2026-06-04-overpass-published-inactive\originals\loc-187__hai-van-quan__osm-way-466418347__p01__pexels-14024082.jpg,187,Hai Van Quan,hai-van-quan,inactive,14024082,1,Quang Nguyen Vinh,https://www.pexels.com/@quang-nguyen-vinh-222549,pexels,https://www.pexels.com/photo/green-mountains-under-blue-sky-14024082/,danangtrip/locations/hai-van-quan/loc-187__hai-van-quan__p01,https://res.cloudinary.com/dmukxquza/image/upload/v1780559528/danangtrip/locations/hai-van-quan/loc-187__hai-van-quan__p01.jpg,https://www.openstreetmap.org/way/466418347,downloaded,https://images.pexels.com/photos/14024082/pexels-photo-14024082.jpeg?auto=compress&cs=tinysrgb&h=350,uploaded,1780559528,1880
1fd076b3b0589e8f29cb1342024e8201,501538,khach-san-homestay,danangtrip/locations/hai-yen-hotel/loc-188__hai-yen-hotel__p01,downloaded:501538,osm-node-10294581428,jpg,1253,https://images.pexels.com/photos/5273872/pexels-photo-5273872.jpeg?auto=compress&cs=tinysrgb&dpr=2&h=650&w=940,loc-188__hai-yen-hotel__osm-node-10294581428__p01__pexels-5273872.jpg,D:\DATN\DATN_Tài liệu\data-center\media-assets\cloudinary-staging\locations\2026-06-04-overpass-published-inactive\originals\loc-188__hai-yen-hotel__osm-node-10294581428__p01__pexels-5273872.jpg,188,Hai Yen Hotel,hai-yen-hotel,inactive,5273872,1,Thanh Do,https://www.pexels.com/@dothanhyb,pexels,https://www.pexels.com/photo/nha-khach-hao-gia-hotel-5273872/,danangtrip/locations/hai-yen-hotel/loc-188__hai-yen-hotel__p01,https://res.cloudinary.com/dmukxquza/image/upload/v1780559532/danangtrip/locations/hai-yen-hotel/loc-188__hai-yen-hotel__p01.jpg,https://www.openstreetmap.org/node/10294581428,downloaded,https://images.pexels.com/photos/5273872/pexels-photo-5273872.jpeg?auto=compress&cs=tinysrgb&h=350,uploaded,1780559532,1880
17c00a3d790c4986e16855a8c42b3d5a,286494,khach-san-homestay,danangtrip/locations/hana-homestay-danang/loc-189__hana-homestay-danang__p01,downloaded:286494,osm-node-10768167105,jpg,1253,https://images.pexels.com/photos/27630279/pexels-photo-27630279.jpeg?auto=compress&cs=tinysrgb&dpr=2&h=650&w=940,loc-189__hana-homestay-danang__osm-node-10768167105__p01__pexels-27630279.jpg,D:\DATN\DATN_Tài liệu\data-center\media-assets\cloudinary-staging\locations\2026-06-04-overpass-published-inactive\originals\loc-189__hana-homestay-danang__osm-node-10768167105__p01__pexels-27630279.jpg,189,Hana Homestay Danang,hana-homestay-danang,inactive,27630279,1,Duc Nguyen,https://www.pexels.com/@duc-nguyen-400576574,pexels,https://www.pexels.com/photo/a-woman-sitting-in-a-round-window-in-a-small-house-27630279/,danangtrip/locations/hana-homestay-danang/loc-189__hana-homestay-danang__p01,https://res.cloudinary.com/dmukxquza/image/upload/v1780559535/danangtrip/locations/hana-homestay-danang/loc-189__hana-homestay-danang__p01.jpg,https://www.openstreetmap.org/node/10768167105,downloaded,https://images.pexels.com/photos/27630279/pexels-photo-27630279.jpeg?auto=compress&cs=tinysrgb&h=350,uploaded,1780559535,1880
ae526009998f832e68fcc0c25e69828d,391871,am-thuc-dia-phuong,danangtrip/locations/hang-s-kitchen/loc-190__hang-s-kitchen__p01,downloaded:391871,osm-node-4694652890,jpg,1253,https://images.pexels.com/photos/32831392/pexels-photo-32831392.jpeg?auto=compress&cs=tinysrgb&dpr=2&h=650&w=940,loc-190__hang-s-kitchen__osm-node-4694652890__p01__pexels-32831392.jpg,D:\DATN\DATN_Tài liệu\data-center\media-assets\cloudinary-staging\locations\2026-06-04-overpass-published-inactive\originals\loc-190__hang-s-kitchen__osm-node-4694652890__p01__pexels-32831392.jpg,190,Hang's Kitchen,hang-s-kitchen,inactive,32831392,1,Tuan Vy,https://www.pexels.com/@tuan-vy-903011268,pexels,https://www.pexels.com/photo/street-view-of-vietnamese-restaurant-with-motorbikes-32831392/,danangtrip/locations/hang-s-kitchen/loc-190__hang-s-kitchen__p01,https://res.cloudinary.com/dmukxquza/image/upload/v1780559539/danangtrip/locations/hang-s-kitchen/loc-190__hang-s-kitchen__p01.jpg,https://www.openstreetmap.org/node/4694652890,downloaded,https://images.pexels.com/photos/32831392/pexels-photo-32831392.jpeg?auto=compress&cs=tinysrgb&h=350,uploaded,1780559539,1880
e3e4397560670059ed416174c3fc9dc3,391871,am-thuc-dia-phuong,danangtrip/locations/hau-sua-tom-hum/loc-191__hau-sua-tom-hum__p01,downloaded:391871,osm-node-4351989390,jpg,1253,https://images.pexels.com/photos/32831392/pexels-photo-32831392.jpeg?auto=compress&cs=tinysrgb&dpr=2&h=650&w=940,loc-191__hau-sua-tom-hum__osm-node-4351989390__p01__pexels-32831392.jpg,D:\DATN\DATN_Tài liệu\data-center\media-assets\cloudinary-staging\locations\2026-06-04-overpass-published-inactive\originals\loc-191__hau-sua-tom-hum__osm-node-4351989390__p01__pexels-32831392.jpg,191,Hau Sua & Tom Hum,hau-sua-tom-hum,inactive,32831392,1,Tuan Vy,https://www.pexels.com/@tuan-vy-903011268,pexels,https://www.pexels.com/photo/street-view-of-vietnamese-restaurant-with-motorbikes-32831392/,danangtrip/locations/hau-sua-tom-hum/loc-191__hau-sua-tom-hum__p01,https://res.cloudinary.com/dmukxquza/image/upload/v1780559542/danangtrip/locations/hau-sua-tom-hum/loc-191__hau-sua-tom-hum__p01.jpg,https://www.openstreetmap.org/node/4351989390,downloaded,https://images.pexels.com/photos/32831392/pexels-photo-32831392.jpeg?auto=compress&cs=tinysrgb&h=350,uploaded,1780559542,1880
2d516b2e9c80ead9defef74456c37d74,158175,khach-san-homestay,danangtrip/locations/herriott/loc-192__herriott__p01,downloaded:158175,osm-node-6544450819,jpg,1253,https://images.pexels.com/photos/28226576/pexels-photo-28226576.png?auto=compress&cs=tinysrgb&dpr=2&h=650&w=940,loc-192__herriott__osm-node-6544450819__p01__pexels-28226576.jpg,D:\DATN\DATN_Tài liệu\data-center\media-assets\cloudinary-staging\locations\2026-06-04-overpass-published-inactive\originals\loc-192__herriott__osm-node-6544450819__p01__pexels-28226576.jpg,192,Herriott,herriott,inactive,28226576,1,Tran Tran,https://www.pexels.com/@ola88,pexels,https://www.pexels.com/photo/danang-vietnam-28226576/,danangtrip/locations/herriott/loc-192__herriott__p01,https://res.cloudinary.com/dmukxquza/image/upload/v1780559544/danangtrip/locations/herriott/loc-192__herriott__p01.jpg,https://www.openstreetmap.org/node/6544450819,downloaded,https://images.pexels.com/photos/28226576/pexels-photo-28226576.png?auto=compress&cs=tinysrgb&h=350,uploaded,1780559544,1880
bcb436bbe477aebd07fa14d75963ec82,322828,khach-san-homestay,danangtrip/locations/hilary-hotel/loc-193__hilary-hotel__p01,downloaded:322828,osm-node-6712140863,jpg,1240,https://images.pexels.com/photos/1207515/pexels-photo-1207515.jpeg?auto=compress&cs=tinysrgb&dpr=2&h=650&w=940,loc-193__hilary-hotel__osm-node-6712140863__p01__pexels-1207515.jpg,D:\DATN\DATN_Tài liệu\data-center\media-assets\cloudinary-staging\locations\2026-06-04-overpass-published-inactive\originals\loc-193__hilary-hotel__osm-node-6712140863__p01__pexels-1207515.jpg,193,Hilary Hotel,hilary-hotel,inactive,1207515,1,Min An,https://www.pexels.com/@minan1398,pexels,https://www.pexels.com/photo/concrete-structures-next-to-each-other-1207515/,danangtrip/locations/hilary-hotel/loc-193__hilary-hotel__p01,https://res.cloudinary.com/dmukxquza/image/upload/v1780559547/danangtrip/locations/hilary-hotel/loc-193__hilary-hotel__p01.jpg,https://www.openstreetmap.org/node/6712140863,downloaded,https://images.pexels.com/photos/1207515/pexels-photo-1207515.jpeg?auto=compress&cs=tinysrgb&h=350,uploaded,1780559547,1880
157292c5f73850556b587cbe81425790,492934,khach-san-homestay,danangtrip/locations/hilton-garden-inn-da-nang/loc-194__hilton-garden-inn-da-nang__p01,downloaded:492934,osm-node-6125276061,jpg,1253,https://images.pexels.com/photos/6875472/pexels-photo-6875472.jpeg?auto=compress&cs=tinysrgb&dpr=2&h=650&w=940,loc-194__hilton-garden-inn-da-nang__osm-node-6125276061__p01__pexels-6875472.jpg,D:\DATN\DATN_Tài liệu\data-center\media-assets\cloudinary-staging\locations\2026-06-04-overpass-published-inactive\originals\loc-194__hilton-garden-inn-da-nang__osm-node-6125276061__p01__pexels-6875472.jpg,194,Hilton Garden Inn Da Nang,hilton-garden-inn-da-nang,inactive,6875472,1,Quang Nguyen Vinh,https://www.pexels.com/@quang-nguyen-vinh-222549,pexels,https://www.pexels.com/photo/aerial-view-of-city-buildings-near-the-ocean-6875472/,danangtrip/locations/hilton-garden-inn-da-nang/loc-194__hilton-garden-inn-da-nang__p01,https://res.cloudinary.com/dmukxquza/image/upload/v1780559551/danangtrip/locations/hilton-garden-inn-da-nang/loc-194__hilton-garden-inn-da-nang__p01.jpg,https://www.openstreetmap.org/node/6125276061,downloaded,https://images.pexels.com/photos/6875472/pexels-photo-6875472.jpeg?auto=compress&cs=tinysrgb&h=350,uploaded,1780559551,1880
e478c742a61d56a79c2c35c3ff8f2db7,501538,khach-san-homestay,danangtrip/locations/hoang-phuong-hotel/loc-195__hoang-phuong-hotel__p01,downloaded:501538,osm-node-4249901095,jpg,1253,https://images.pexels.com/photos/5273872/pexels-photo-5273872.jpeg?auto=compress&cs=tinysrgb&dpr=2&h=650&w=940,loc-195__hoang-phuong-hotel__osm-node-4249901095__p01__pexels-5273872.jpg,D:\DATN\DATN_Tài liệu\data-center\media-assets\cloudinary-staging\locations\2026-06-04-overpass-published-inactive\originals\loc-195__hoang-phuong-hotel__osm-node-4249901095__p01__pexels-5273872.jpg,195,Hoang Phuong Hotel,hoang-phuong-hotel,inactive,5273872,1,Thanh Do,https://www.pexels.com/@dothanhyb,pexels,https://www.pexels.com/photo/nha-khach-hao-gia-hotel-5273872/,danangtrip/locations/hoang-phuong-hotel/loc-195__hoang-phuong-hotel__p01,https://res.cloudinary.com/dmukxquza/image/upload/v1780559554/danangtrip/locations/hoang-phuong-hotel/loc-195__hoang-phuong-hotel__p01.jpg,https://www.openstreetmap.org/node/4249901095,downloaded,https://images.pexels.com/photos/5273872/pexels-photo-5273872.jpeg?auto=compress&cs=tinysrgb&h=350,uploaded,1780559554,1880
982dd71632c9a74f9b5e7f9048dc81e2,492934,khach-san-homestay,danangtrip/locations/hodi-hotel/loc-196__hodi-hotel__p01,downloaded:492934,osm-node-12147633201,jpg,1253,https://images.pexels.com/photos/6875472/pexels-photo-6875472.jpeg?auto=compress&cs=tinysrgb&dpr=2&h=650&w=940,loc-196__hodi-hotel__osm-node-12147633201__p01__pexels-6875472.jpg,D:\DATN\DATN_Tài liệu\data-center\media-assets\cloudinary-staging\locations\2026-06-04-overpass-published-inactive\originals\loc-196__hodi-hotel__osm-node-12147633201__p01__pexels-6875472.jpg,196,Hodi Hotel,hodi-hotel,inactive,6875472,1,Quang Nguyen Vinh,https://www.pexels.com/@quang-nguyen-vinh-222549,pexels,https://www.pexels.com/photo/aerial-view-of-city-buildings-near-the-ocean-6875472/,danangtrip/locations/hodi-hotel/loc-196__hodi-hotel__p01,https://res.cloudinary.com/dmukxquza/image/upload/v1780559557/danangtrip/locations/hodi-hotel/loc-196__hodi-hotel__p01.jpg,https://www.openstreetmap.org/node/12147633201,downloaded,https://images.pexels.com/photos/6875472/pexels-photo-6875472.jpeg?auto=compress&cs=tinysrgb&h=350,uploaded,1780559557,1880
a18f491bdce6a0057fb9eadd909d49d6,286494,khach-san-homestay,danangtrip/locations/homestay-halley/loc-197__homestay-halley__p01,downloaded:286494,osm-node-5426555721,jpg,1253,https://images.pexels.com/photos/27630279/pexels-photo-27630279.jpeg?auto=compress&cs=tinysrgb&dpr=2&h=650&w=940,loc-197__homestay-halley__osm-node-5426555721__p01__pexels-27630279.jpg,D:\DATN\DATN_Tài liệu\data-center\media-assets\cloudinary-staging\locations\2026-06-04-overpass-published-inactive\originals\loc-197__homestay-halley__osm-node-5426555721__p01__pexels-27630279.jpg,197,Homestay Halley,homestay-halley,inactive,27630279,1,Duc Nguyen,https://www.pexels.com/@duc-nguyen-400576574,pexels,https://www.pexels.com/photo/a-woman-sitting-in-a-round-window-in-a-small-house-27630279/,danangtrip/locations/homestay-halley/loc-197__homestay-halley__p01,https://res.cloudinary.com/dmukxquza/image/upload/v1780559561/danangtrip/locations/homestay-halley/loc-197__homestay-halley__p01.jpg,https://www.openstreetmap.org/node/5426555721,downloaded,https://images.pexels.com/photos/27630279/pexels-photo-27630279.jpeg?auto=compress&cs=tinysrgb&h=350,uploaded,1780559561,1880
5d3dc16d9b978573f6a34e846226128a,286494,khach-san-homestay,danangtrip/locations/homestay-heo-dat/loc-198__homestay-heo-dat__p01,downloaded:286494,osm-node-4677455200,jpg,1253,https://images.pexels.com/photos/27630279/pexels-photo-27630279.jpeg?auto=compress&cs=tinysrgb&dpr=2&h=650&w=940,loc-198__homestay-heo-dat__osm-node-4677455200__p01__pexels-27630279.jpg,D:\DATN\DATN_Tài liệu\data-center\media-assets\cloudinary-staging\locations\2026-06-04-overpass-published-inactive\originals\loc-198__homestay-heo-dat__osm-node-4677455200__p01__pexels-27630279.jpg,198,Homestay Heo Dat,homestay-heo-dat,inactive,27630279,1,Duc Nguyen,https://www.pexels.com/@duc-nguyen-400576574,pexels,https://www.pexels.com/photo/a-woman-sitting-in-a-round-window-in-a-small-house-27630279/,danangtrip/locations/homestay-heo-dat/loc-198__homestay-heo-dat__p01,https://res.cloudinary.com/dmukxquza/image/upload/v1780559563/danangtrip/locations/homestay-heo-dat/loc-198__homestay-heo-dat__p01.jpg,https://www.openstreetmap.org/node/4677455200,downloaded,https://images.pexels.com/photos/27630279/pexels-photo-27630279.jpeg?auto=compress&cs=tinysrgb&h=350,uploaded,1780559563,1880
bd06497b7a46d144bd0f03b576683ec2,159857,ca-phe-tra-sua,danangtrip/locations/homie-coffee/loc-199__homie-coffee__p01,downloaded:159857,osm-node-729406487,jpg,1253,https://images.pexels.com/photos/32744958/pexels-photo-32744958.jpeg?auto=compress&cs=tinysrgb&dpr=2&h=650&w=940,loc-199__homie-coffee__osm-node-729406487__p01__pexels-32744958.jpg,D:\DATN\DATN_Tài liệu\data-center\media-assets\cloudinary-staging\locations\2026-06-04-overpass-published-inactive\originals\loc-199__homie-coffee__osm-node-729406487__p01__pexels-32744958.jpg,199,Homie Coffee,homie-coffee,inactive,32744958,1,Nha van,https://www.pexels.com/@nhavan,pexels,https://www.pexels.com/photo/cozy-cafe-table-with-vietnamese-iced-coffee-32744958/,danangtrip/locations/homie-coffee/loc-199__homie-coffee__p01,https://res.cloudinary.com/dmukxquza/image/upload/v1780559566/danangtrip/locations/homie-coffee/loc-199__homie-coffee__p01.jpg,https://www.openstreetmap.org/node/729406487,downloaded,https://images.pexels.com/photos/32744958/pexels-photo-32744958.jpeg?auto=compress&cs=tinysrgb&h=350,uploaded,1780559566,1880
514c5f1c8f2d8f9ccb9a607edb066755,501538,khach-san-homestay,danangtrip/locations/hong-chau/loc-200__hong-chau__p01,downloaded:501538,osm-node-12101736706,jpg,1253,https://images.pexels.com/photos/5273872/pexels-photo-5273872.jpeg?auto=compress&cs=tinysrgb&dpr=2&h=650&w=940,loc-200__hong-chau__osm-node-12101736706__p01__pexels-5273872.jpg,D:\DATN\DATN_Tài liệu\data-center\media-assets\cloudinary-staging\locations\2026-06-04-overpass-published-inactive\originals\loc-200__hong-chau__osm-node-12101736706__p01__pexels-5273872.jpg,200,Hong Chau,hong-chau,inactive,5273872,1,Thanh Do,https://www.pexels.com/@dothanhyb,pexels,https://www.pexels.com/photo/nha-khach-hao-gia-hotel-5273872/,danangtrip/locations/hong-chau/loc-200__hong-chau__p01,https://res.cloudinary.com/dmukxquza/image/upload/v1780559568/danangtrip/locations/hong-chau/loc-200__hong-chau__p01.jpg,https://www.openstreetmap.org/node/12101736706,downloaded,https://images.pexels.com/photos/5273872/pexels-photo-5273872.jpeg?auto=compress&cs=tinysrgb&h=350,uploaded,1780559568,1880
95ed148d43ab174ea1744429a2810eb0,501538,khach-san-homestay,danangtrip/locations/hue-chi/loc-201__hue-chi__p01,downloaded:501538,osm-node-5249863421,jpg,1253,https://images.pexels.com/photos/5273872/pexels-photo-5273872.jpeg?auto=compress&cs=tinysrgb&dpr=2&h=650&w=940,loc-201__hue-chi__osm-node-5249863421__p01__pexels-5273872.jpg,D:\DATN\DATN_Tài liệu\data-center\media-assets\cloudinary-staging\locations\2026-06-04-overpass-published-inactive\originals\loc-201__hue-chi__osm-node-5249863421__p01__pexels-5273872.jpg,201,Hue Chi,hue-chi,inactive,5273872,1,Thanh Do,https://www.pexels.com/@dothanhyb,pexels,https://www.pexels.com/photo/nha-khach-hao-gia-hotel-5273872/,danangtrip/locations/hue-chi/loc-201__hue-chi__p01,https://res.cloudinary.com/dmukxquza/image/upload/v1780559572/danangtrip/locations/hue-chi/loc-201__hue-chi__p01.jpg,https://www.openstreetmap.org/node/5249863421,downloaded,https://images.pexels.com/photos/5273872/pexels-photo-5273872.jpeg?auto=compress&cs=tinysrgb&h=350,uploaded,1780559572,1880
bfa09b37385ee7f9b92df0a487b58a24,391871,am-thuc-dia-phuong,danangtrip/locations/huong-cau/loc-202__huong-cau__p01,downloaded:391871,osm-node-2988980334,jpg,1253,https://images.pexels.com/photos/32831392/pexels-photo-32831392.jpeg?auto=compress&cs=tinysrgb&dpr=2&h=650&w=940,loc-202__huong-cau__osm-node-2988980334__p01__pexels-32831392.jpg,D:\DATN\DATN_Tài liệu\data-center\media-assets\cloudinary-staging\locations\2026-06-04-overpass-published-inactive\originals\loc-202__huong-cau__osm-node-2988980334__p01__pexels-32831392.jpg,202,Huong Cau,huong-cau,inactive,32831392,1,Tuan Vy,https://www.pexels.com/@tuan-vy-903011268,pexels,https://www.pexels.com/photo/street-view-of-vietnamese-restaurant-with-motorbikes-32831392/,danangtrip/locations/huong-cau/loc-202__huong-cau__p01,https://res.cloudinary.com/dmukxquza/image/upload/v1780559574/danangtrip/locations/huong-cau/loc-202__huong-cau__p01.jpg,https://www.openstreetmap.org/node/2988980334,downloaded,https://images.pexels.com/photos/32831392/pexels-photo-32831392.jpeg?auto=compress&cs=tinysrgb&h=350,uploaded,1780559574,1880
d714738d572866da60f7b758fdb137b9,322828,khach-san-homestay,danangtrip/locations/iris-hotel/loc-203__iris-hotel__p01,downloaded:322828,osm-node-5412275622,jpg,1240,https://images.pexels.com/photos/1207515/pexels-photo-1207515.jpeg?auto=compress&cs=tinysrgb&dpr=2&h=650&w=940,loc-203__iris-hotel__osm-node-5412275622__p01__pexels-1207515.jpg,D:\DATN\DATN_Tài liệu\data-center\media-assets\cloudinary-staging\locations\2026-06-04-overpass-published-inactive\originals\loc-203__iris-hotel__osm-node-5412275622__p01__pexels-1207515.jpg,203,Iris Hotel,iris-hotel,inactive,1207515,1,Min An,https://www.pexels.com/@minan1398,pexels,https://www.pexels.com/photo/concrete-structures-next-to-each-other-1207515/,danangtrip/locations/iris-hotel/loc-203__iris-hotel__p01,https://res.cloudinary.com/dmukxquza/image/upload/v1780559577/danangtrip/locations/iris-hotel/loc-203__iris-hotel__p01.jpg,https://www.openstreetmap.org/node/5412275622,downloaded,https://images.pexels.com/photos/1207515/pexels-photo-1207515.jpeg?auto=compress&cs=tinysrgb&h=350,uploaded,1780559577,1880
0c880fc41dd09ad473d4c61668e7d5fa,391871,am-thuc-dia-phuong,danangtrip/locations/kfc/loc-204__kfc__p01,downloaded:391871,osm-node-5699726168,jpg,1253,https://images.pexels.com/photos/32831392/pexels-photo-32831392.jpeg?auto=compress&cs=tinysrgb&dpr=2&h=650&w=940,loc-204__kfc__osm-node-5699726168__p01__pexels-32831392.jpg,D:\DATN\DATN_Tài liệu\data-center\media-assets\cloudinary-staging\locations\2026-06-04-overpass-published-inactive\originals\loc-204__kfc__osm-node-5699726168__p01__pexels-32831392.jpg,204,KFC,kfc,inactive,32831392,1,Tuan Vy,https://www.pexels.com/@tuan-vy-903011268,pexels,https://www.pexels.com/photo/street-view-of-vietnamese-restaurant-with-motorbikes-32831392/,danangtrip/locations/kfc/loc-204__kfc__p01,https://res.cloudinary.com/dmukxquza/image/upload/v1780559579/danangtrip/locations/kfc/loc-204__kfc__p01.jpg,https://www.openstreetmap.org/node/5699726168,downloaded,https://images.pexels.com/photos/32831392/pexels-photo-32831392.jpeg?auto=compress&cs=tinysrgb&h=350,uploaded,1780559579,1880
d461075bad52ed65636f4bf8175ff24f,501538,khach-san-homestay,danangtrip/locations/khach-san-bon-mua/loc-205__khach-san-bon-mua__p01,downloaded:501538,osm-node-5450558021,jpg,1253,https://images.pexels.com/photos/5273872/pexels-photo-5273872.jpeg?auto=compress&cs=tinysrgb&dpr=2&h=650&w=940,loc-205__khach-san-bon-mua__osm-node-5450558021__p01__pexels-5273872.jpg,D:\DATN\DATN_Tài liệu\data-center\media-assets\cloudinary-staging\locations\2026-06-04-overpass-published-inactive\originals\loc-205__khach-san-bon-mua__osm-node-5450558021__p01__pexels-5273872.jpg,205,Khach san Bon Mua,khach-san-bon-mua,inactive,5273872,1,Thanh Do,https://www.pexels.com/@dothanhyb,pexels,https://www.pexels.com/photo/nha-khach-hao-gia-hotel-5273872/,danangtrip/locations/khach-san-bon-mua/loc-205__khach-san-bon-mua__p01,https://res.cloudinary.com/dmukxquza/image/upload/v1780559582/danangtrip/locations/khach-san-bon-mua/loc-205__khach-san-bon-mua__p01.jpg,https://www.openstreetmap.org/node/5450558021,downloaded,https://images.pexels.com/photos/5273872/pexels-photo-5273872.jpeg?auto=compress&cs=tinysrgb&h=350,uploaded,1780559582,1880
59110cd5121482cffaf60a2a3aefca11,501538,khach-san-homestay,danangtrip/locations/khach-san-hai-an/loc-206__khach-san-hai-an__p01,downloaded:501538,osm-node-4652657809,jpg,1253,https://images.pexels.com/photos/5273872/pexels-photo-5273872.jpeg?auto=compress&cs=tinysrgb&dpr=2&h=650&w=940,loc-206__khach-san-hai-an__osm-node-4652657809__p01__pexels-5273872.jpg,D:\DATN\DATN_Tài liệu\data-center\media-assets\cloudinary-staging\locations\2026-06-04-overpass-published-inactive\originals\loc-206__khach-san-hai-an__osm-node-4652657809__p01__pexels-5273872.jpg,206,Khach san Hai An,khach-san-hai-an,inactive,5273872,1,Thanh Do,https://www.pexels.com/@dothanhyb,pexels,https://www.pexels.com/photo/nha-khach-hao-gia-hotel-5273872/,danangtrip/locations/khach-san-hai-an/loc-206__khach-san-hai-an__p01,https://res.cloudinary.com/dmukxquza/image/upload/v1780559585/danangtrip/locations/khach-san-hai-an/loc-206__khach-san-hai-an__p01.jpg,https://www.openstreetmap.org/node/4652657809,downloaded,https://images.pexels.com/photos/5273872/pexels-photo-5273872.jpeg?auto=compress&cs=tinysrgb&h=350,uploaded,1780559585,1880
cfd1a66e93421bb02c01356bc9665d2a,318374,check-in-noi-tieng,danangtrip/locations/khu-van-hoa-tam-linh-da-son/loc-207__khu-van-hoa-tam-linh-da-son__p01,downloaded:318374,osm-node-12404434601,jpg,1246,https://images.pexels.com/photos/35132213/pexels-photo-35132213.jpeg?auto=compress&cs=tinysrgb&dpr=2&h=650&w=940,loc-207__khu-van-hoa-tam-linh-da-son__osm-node-12404434601__p01__pexels-35132213.jpg,D:\DATN\DATN_Tài liệu\data-center\media-assets\cloudinary-staging\locations\2026-06-04-overpass-published-inactive\originals\loc-207__khu-van-hoa-tam-linh-da-son__osm-node-12404434601__p01__pexels-35132213.jpg,207,Khu Van hoa Tam linh Da Son,khu-van-hoa-tam-linh-da-son,inactive,35132213,1,Thai Truong Giang,https://www.pexels.com/@tieugiang007,pexels,https://www.pexels.com/photo/reclining-buddha-statue-in-da-nang-vietnam-35132213/,danangtrip/locations/khu-van-hoa-tam-linh-da-son/loc-207__khu-van-hoa-tam-linh-da-son__p01,https://res.cloudinary.com/dmukxquza/image/upload/v1780559588/danangtrip/locations/khu-van-hoa-tam-linh-da-son/loc-207__khu-van-hoa-tam-linh-da-son__p01.jpg,https://www.openstreetmap.org/node/12404434601,downloaded,https://images.pexels.com/photos/35132213/pexels-photo-35132213.jpeg?auto=compress&cs=tinysrgb&h=350,uploaded,1780559588,1880
1e794a1da0be6d363934e3b7fc82c8c6,501538,khach-san-homestay,danangtrip/locations/king-garden-hotel/loc-208__king-garden-hotel__p01,downloaded:501538,osm-node-5413973628,jpg,1253,https://images.pexels.com/photos/5273872/pexels-photo-5273872.jpeg?auto=compress&cs=tinysrgb&dpr=2&h=650&w=940,loc-208__king-garden-hotel__osm-node-5413973628__p01__pexels-5273872.jpg,D:\DATN\DATN_Tài liệu\data-center\media-assets\cloudinary-staging\locations\2026-06-04-overpass-published-inactive\originals\loc-208__king-garden-hotel__osm-node-5413973628__p01__pexels-5273872.jpg,208,King Garden Hotel,king-garden-hotel,inactive,5273872,1,Thanh Do,https://www.pexels.com/@dothanhyb,pexels,https://www.pexels.com/photo/nha-khach-hao-gia-hotel-5273872/,danangtrip/locations/king-garden-hotel/loc-208__king-garden-hotel__p01,https://res.cloudinary.com/dmukxquza/image/upload/v1780559591/danangtrip/locations/king-garden-hotel/loc-208__king-garden-hotel__p01.jpg,https://www.openstreetmap.org/node/5413973628,downloaded,https://images.pexels.com/photos/5273872/pexels-photo-5273872.jpeg?auto=compress&cs=tinysrgb&h=350,uploaded,1780559591,1880
fd1d93b03365b2d28a1c9d4142634ce2,240025,am-thuc-dia-phuong,danangtrip/locations/koko-green-kafe-63/loc-209__koko-green-kafe-63__p01,downloaded:240025,osm-node-5947905986,jpg,1253,https://images.pexels.com/photos/35271944/pexels-photo-35271944.jpeg?auto=compress&cs=tinysrgb&dpr=2&h=650&w=940,loc-209__koko-green-kafe-63__osm-node-5947905986__p01__pexels-35271944.jpg,D:\DATN\DATN_Tài liệu\data-center\media-assets\cloudinary-staging\locations\2026-06-04-overpass-published-inactive\originals\loc-209__koko-green-kafe-63__osm-node-5947905986__p01__pexels-35271944.jpg,209,koko Green kafe 63,koko-green-kafe-63,inactive,35271944,1,Nha van,https://www.pexels.com/@nhavan,pexels,https://www.pexels.com/photo/young-woman-enjoying-vietnamese-meal-indoors-35271944/,danangtrip/locations/koko-green-kafe-63/loc-209__koko-green-kafe-63__p01,https://res.cloudinary.com/dmukxquza/image/upload/v1780559594/danangtrip/locations/koko-green-kafe-63/loc-209__koko-green-kafe-63__p01.jpg,https://www.openstreetmap.org/node/5947905986,downloaded,https://images.pexels.com/photos/35271944/pexels-photo-35271944.jpeg?auto=compress&cs=tinysrgb&h=350,uploaded,1780559594,1880
7f69126bc415c315b5c96f2391b5d2b1,322828,khach-san-homestay,danangtrip/locations/kon-tiki-hostel/loc-210__kon-tiki-hostel__p01,downloaded:322828,osm-node-12107623401,jpg,1240,https://images.pexels.com/photos/1207515/pexels-photo-1207515.jpeg?auto=compress&cs=tinysrgb&dpr=2&h=650&w=940,loc-210__kon-tiki-hostel__osm-node-12107623401__p01__pexels-1207515.jpg,D:\DATN\DATN_Tài liệu\data-center\media-assets\cloudinary-staging\locations\2026-06-04-overpass-published-inactive\originals\loc-210__kon-tiki-hostel__osm-node-12107623401__p01__pexels-1207515.jpg,210,Kon-Tiki Hostel,kon-tiki-hostel,inactive,1207515,1,Min An,https://www.pexels.com/@minan1398,pexels,https://www.pexels.com/photo/concrete-structures-next-to-each-other-1207515/,danangtrip/locations/kon-tiki-hostel/loc-210__kon-tiki-hostel__p01,https://res.cloudinary.com/dmukxquza/image/upload/v1780559596/danangtrip/locations/kon-tiki-hostel/loc-210__kon-tiki-hostel__p01.jpg,https://www.openstreetmap.org/node/12107623401,downloaded,https://images.pexels.com/photos/1207515/pexels-photo-1207515.jpeg?auto=compress&cs=tinysrgb&h=350,uploaded,1780559596,1880
65c2ff17dd65a002a0ffa288c0d40579,492934,khach-san-homestay,danangtrip/locations/la-belle-vie-hottel/loc-211__la-belle-vie-hottel__p01,downloaded:492934,osm-node-11391148269,jpg,1253,https://images.pexels.com/photos/6875472/pexels-photo-6875472.jpeg?auto=compress&cs=tinysrgb&dpr=2&h=650&w=940,loc-211__la-belle-vie-hottel__osm-node-11391148269__p01__pexels-6875472.jpg,D:\DATN\DATN_Tài liệu\data-center\media-assets\cloudinary-staging\locations\2026-06-04-overpass-published-inactive\originals\loc-211__la-belle-vie-hottel__osm-node-11391148269__p01__pexels-6875472.jpg,211,La Belle Vie Hottel,la-belle-vie-hottel,inactive,6875472,1,Quang Nguyen Vinh,https://www.pexels.com/@quang-nguyen-vinh-222549,pexels,https://www.pexels.com/photo/aerial-view-of-city-buildings-near-the-ocean-6875472/,danangtrip/locations/la-belle-vie-hottel/loc-211__la-belle-vie-hottel__p01,https://res.cloudinary.com/dmukxquza/image/upload/v1780559600/danangtrip/locations/la-belle-vie-hottel/loc-211__la-belle-vie-hottel__p01.jpg,https://www.openstreetmap.org/node/11391148269,downloaded,https://images.pexels.com/photos/6875472/pexels-photo-6875472.jpeg?auto=compress&cs=tinysrgb&h=350,uploaded,1780559600,1880
d4c57cd5fc04f5369c00b4eb961ced55,322828,khach-san-homestay,danangtrip/locations/la-cool-house-hostel/loc-212__la-cool-house-hostel__p01,downloaded:322828,osm-node-5607040127,jpg,1240,https://images.pexels.com/photos/1207515/pexels-photo-1207515.jpeg?auto=compress&cs=tinysrgb&dpr=2&h=650&w=940,loc-212__la-cool-house-hostel__osm-node-5607040127__p01__pexels-1207515.jpg,D:\DATN\DATN_Tài liệu\data-center\media-assets\cloudinary-staging\locations\2026-06-04-overpass-published-inactive\originals\loc-212__la-cool-house-hostel__osm-node-5607040127__p01__pexels-1207515.jpg,212,La COOL House Hostel,la-cool-house-hostel,inactive,1207515,1,Min An,https://www.pexels.com/@minan1398,pexels,https://www.pexels.com/photo/concrete-structures-next-to-each-other-1207515/,danangtrip/locations/la-cool-house-hostel/loc-212__la-cool-house-hostel__p01,https://res.cloudinary.com/dmukxquza/image/upload/v1780559603/danangtrip/locations/la-cool-house-hostel/loc-212__la-cool-house-hostel__p01.jpg,https://www.openstreetmap.org/node/5607040127,downloaded,https://images.pexels.com/photos/1207515/pexels-photo-1207515.jpeg?auto=compress&cs=tinysrgb&h=350,uploaded,1780559603,1880
