schedule_review_id,tour_slug,tour_name,review_status,approve_for_seed,start_date,end_date,max_people,booked_people,price_adult,price_child,price_infant,status,booking_availability,departure_code,departure_place,start_time,start_time_source,booking_deadline,schedule_pattern,review_flags,fix_notes,source_url
dacotours-daily-golden-bridge-ba-na-hills-from-da-nang-tours-by-local-SCH-01,dacotours-daily-golden-bridge-ba-na-hills-from-da-nang-tours-by-local,"Daily Golden Bridge, Ba Na Hills from Da Nang Tours by Local",approved,True,2026-06-04,2026-06-04,30,0,1650000.0,0.0,0.0,available,open,DDGB-20260604-01,Da Nang / operator pickup point,08:00,default,2026-06-03T18:00:00+00:00,daily,start_time_inferred; missing_itinerary; missing_inclusions,Auto-approved for staging schedule seed; schedule remains demo/review data.,https://dacotours.com/ba-na-hills-from-da-nang/
dacotours-daily-golden-bridge-ba-na-hills-from-da-nang-tours-by-local-SCH-02,dacotours-daily-golden-bridge-ba-na-hills-from-da-nang-tours-by-local,"Daily Golden Bridge, Ba Na Hills from Da Nang Tours by Local",approved,True,2026-06-05,2026-06-05,30,0,1650000.0,0.0,0.0,available,open,DDGB-20260605-02,Da Nang / operator pickup point,08:00,default,2026-06-04T18:00:00+00:00,daily,start_time_inferred; missing_itinerary; missing_inclusions,Auto-approved for staging schedule seed; schedule remains demo/review data.,https://dacotours.com/ba-na-hills-from-da-nang/
dacotours-daily-golden-bridge-ba-na-hills-from-da-nang-tours-by-local-SCH-03,dacotours-daily-golden-bridge-ba-na-hills-from-da-nang-tours-by-local,"Daily Golden Bridge, Ba Na Hills from Da Nang Tours by Local",approved,True,2026-06-06,2026-06-06,30,0,1650000.0,0.0,0.0,available,open,DDGB-20260606-03,Da Nang / operator pickup point,08:00,default,2026-06-05T18:00:00+00:00,daily,start_time_inferred; missing_itinerary; missing_inclusions,Auto-approved for staging schedule seed; schedule remains demo/review data.,https://dacotours.com/ba-na-hills-from-da-nang/
dacotours-daily-golden-bridge-ba-na-hills-from-da-nang-tours-by-local-SCH-04,dacotours-daily-golden-bridge-ba-na-hills-from-da-nang-tours-by-local,"Daily Golden Bridge, Ba Na Hills from Da Nang Tours by Local",approved,True,2026-06-07,2026-06-07,30,0,1650000.0,0.0,0.0,available,open,DDGB-20260607-04,Da Nang / operator pickup point,08:00,default,2026-06-06T18:00:00+00:00,daily,start_time_inferred; missing_itinerary; missing_inclusions,Auto-approved for staging schedule seed; schedule remains demo/review data.,https://dacotours.com/ba-na-hills-from-da-nang/
dananglocaltours-ba-na-hills-tour-from-da-nang-good-price-1-da-nang-local-tours-SCH-01,dananglocaltours-ba-na-hills-tour-from-da-nang-good-price-1-da-nang-local-tours,Ba Na Hills Tour From Da Nang Good Price #1 - Da Nang Local Tours,approved,True,2026-06-04,2026-06-04,30,0,1190000.0,0.0,0.0,available,open,DBNH-20260604-01,Departure We will pick you up at the rendezvous from 7,08:00,default,2026-06-03T18:00:00+00:00,daily,start_time_inferred,Auto-approved for staging schedule seed; schedule remains demo/review data.,https://dananglocaltours.com/tour/ba-na-hills-tour-from-da-nang/
dananglocaltours-ba-na-hills-tour-from-da-nang-good-price-1-da-nang-local-tours-SCH-02,dananglocaltours-ba-na-hills-tour-from-da-nang-good-price-1-da-nang-local-tours,Ba Na Hills Tour From Da Nang Good Price #1 - Da Nang Local Tours,approved,True,2026-06-05,2026-06-05,30,0,1190000.0,0.0,0.0,available,open,DBNH-20260605-02,Departure We will pick you up at the rendezvous from 7,08:00,default,2026-06-04T18:00:00+00:00,daily,start_time_inferred,Auto-approved for staging schedule seed; schedule remains demo/review data.,https://dananglocaltours.com/tour/ba-na-hills-tour-from-da-nang/
dananglocaltours-ba-na-hills-tour-from-da-nang-good-price-1-da-nang-local-tours-SCH-03,dananglocaltours-ba-na-hills-tour-from-da-nang-good-price-1-da-nang-local-tours,Ba Na Hills Tour From Da Nang Good Price #1 - Da Nang Local Tours,approved,True,2026-06-06,2026-06-06,30,0,1190000.0,0.0,0.0,available,open,DBNH-20260606-03,Departure We will pick you up at the rendezvous from 7,08:00,default,2026-06-05T18:00:00+00:00,daily,start_time_inferred,Auto-approved for staging schedule seed; schedule remains demo/review data.,https://dananglocaltours.com/tour/ba-na-hills-tour-from-da-nang/
dananglocaltours-ba-na-hills-tour-from-da-nang-good-price-1-da-nang-local-tours-SCH-04,dananglocaltours-ba-na-hills-tour-from-da-nang-good-price-1-da-nang-local-tours,Ba Na Hills Tour From Da Nang Good Price #1 - Da Nang Local Tours,approved,True,2026-06-07,2026-06-07,30,0,1190000.0,0.0,0.0,available,open,DBNH-20260607-04,Departure We will pick you up at the rendezvous from 7,08:00,default,2026-06-06T18:00:00+00:00,daily,start_time_inferred,Auto-approved for staging schedule seed; schedule remains demo/review data.,https://dananglocaltours.com/tour/ba-na-hills-tour-from-da-nang/
dananglocaltours-bach-ma-national-park-tour-from-da-nang-da-nang-local-tours-SCH-01,dananglocaltours-bach-ma-national-park-tour-from-da-nang-da-nang-local-tours,Bach Ma National Park Tour From Da Nang - Da Nang Local Tours,approved,True,2026-06-04,2026-06-04,30,0,1100000.0,0.0,0.0,available,open,DBMN-20260604-01,"Departure We will pick you up at the rendezvous, then we depart for Bach Ma National Park",08:00,default,2026-06-03T18:00:00+00:00,daily,start_time_inferred; tour_has_inferred_fields,Auto-approved for staging schedule seed; schedule remains demo/review data.,https://dananglocaltours.com/tour/bach-ma-national-park-tour/
dananglocaltours-bach-ma-national-park-tour-from-da-nang-da-nang-local-tours-SCH-02,dananglocaltours-bach-ma-national-park-tour-from-da-nang-da-nang-local-tours,Bach Ma National Park Tour From Da Nang - Da Nang Local Tours,approved,True,2026-06-05,2026-06-05,30,0,1100000.0,0.0,0.0,available,open,DBMN-20260605-02,"Departure We will pick you up at the rendezvous, then we depart for Bach Ma National Park",08:00,default,2026-06-04T18:00:00+00:00,daily,start_time_inferred; tour_has_inferred_fields,Auto-approved for staging schedule seed; schedule remains demo/review data.,https://dananglocaltours.com/tour/bach-ma-national-park-tour/
dananglocaltours-bach-ma-national-park-tour-from-da-nang-da-nang-local-tours-SCH-03,dananglocaltours-bach-ma-national-park-tour-from-da-nang-da-nang-local-tours,Bach Ma National Park Tour From Da Nang - Da Nang Local Tours,approved,True,2026-06-06,2026-06-06,30,0,1100000.0,0.0,0.0,available,open,DBMN-20260606-03,"Departure We will pick you up at the rendezvous, then we depart for Bach Ma National Park",08:00,default,2026-06-05T18:00:00+00:00,daily,start_time_inferred; tour_has_inferred_fields,Auto-approved for staging schedule seed; schedule remains demo/review data.,https://dananglocaltours.com/tour/bach-ma-national-park-tour/
dananglocaltours-bach-ma-national-park-tour-from-da-nang-da-nang-local-tours-SCH-04,dananglocaltours-bach-ma-national-park-tour-from-da-nang-da-nang-local-tours,Bach Ma National Park Tour From Da Nang - Da Nang Local Tours,approved,True,2026-06-07,2026-06-07,30,0,1100000.0,0.0,0.0,available,open,DBMN-20260607-04,"Departure We will pick you up at the rendezvous, then we depart for Bach Ma National Park",08:00,default,2026-06-06T18:00:00+00:00,daily,start_time_inferred; tour_has_inferred_fields,Auto-approved for staging schedule seed; schedule remains demo/review data.,https://dananglocaltours.com/tour/bach-ma-national-park-tour/
dananglocaltours-basket-boat-hoi-an-tour-from-da-nang-da-nang-local-tours-SCH-01,dananglocaltours-basket-boat-hoi-an-tour-from-da-nang-da-nang-local-tours,Basket Boat Hoi An Tour From Da Nang - Da Nang Local Tours,approved,True,2026-06-04,2026-06-04,30,0,1075000.0,0.0,0.0,available,open,DBBH-20260604-01,"departure for Cam Thanh, Hoian",08:00,default,2026-06-03T18:00:00+00:00,daily,start_time_inferred,Auto-approved for staging schedule seed; schedule remains demo/review data.,https://dananglocaltours.com/tour/basket-boat-hoi-an-tour/
dananglocaltours-basket-boat-hoi-an-tour-from-da-nang-da-nang-local-tours-SCH-02,dananglocaltours-basket-boat-hoi-an-tour-from-da-nang-da-nang-local-tours,Basket Boat Hoi An Tour From Da Nang - Da Nang Local Tours,approved,True,2026-06-05,2026-06-05,30,0,1075000.0,0.0,0.0,available,open,DBBH-20260605-02,"departure for Cam Thanh, Hoian",08:00,default,2026-06-04T18:00:00+00:00,daily,start_time_inferred,Auto-approved for staging schedule seed; schedule remains demo/review data.,https://dananglocaltours.com/tour/basket-boat-hoi-an-tour/
dananglocaltours-basket-boat-hoi-an-tour-from-da-nang-da-nang-local-tours-SCH-03,dananglocaltours-basket-boat-hoi-an-tour-from-da-nang-da-nang-local-tours,Basket Boat Hoi An Tour From Da Nang - Da Nang Local Tours,approved,True,2026-06-06,2026-06-06,30,0,1075000.0,0.0,0.0,available,open,DBBH-20260606-03,"departure for Cam Thanh, Hoian",08:00,default,2026-06-05T18:00:00+00:00,daily,start_time_inferred,Auto-approved for staging schedule seed; schedule remains demo/review data.,https://dananglocaltours.com/tour/basket-boat-hoi-an-tour/
dananglocaltours-basket-boat-hoi-an-tour-from-da-nang-da-nang-local-tours-SCH-04,dananglocaltours-basket-boat-hoi-an-tour-from-da-nang-da-nang-local-tours,Basket Boat Hoi An Tour From Da Nang - Da Nang Local Tours,approved,True,2026-06-07,2026-06-07,30,0,1075000.0,0.0,0.0,available,open,DBBH-20260607-04,"departure for Cam Thanh, Hoian",08:00,default,2026-06-06T18:00:00+00:00,daily,start_time_inferred,Auto-approved for staging schedule seed; schedule remains demo/review data.,https://dananglocaltours.com/tour/basket-boat-hoi-an-tour/
dananglocaltours-cham-island-snorkeling-tour-from-da-nang-good-price-1-SCH-01,dananglocaltours-cham-island-snorkeling-tour-from-da-nang-good-price-1,Cham Island Snorkeling Tour From Da Nang Good Price #1,approved,True,2026-06-04,2026-06-04,30,0,1125000.0,0.0,0.0,available,open,DCIS-20260604-01,departing for Cua Dai port in Hoian,08:00,default,2026-06-03T18:00:00+00:00,daily,start_time_inferred,Auto-approved for staging schedule seed; schedule remains demo/review data.,https://dananglocaltours.com/tour/cham-island-snorkeling-tour/
dananglocaltours-cham-island-snorkeling-tour-from-da-nang-good-price-1-SCH-02,dananglocaltours-cham-island-snorkeling-tour-from-da-nang-good-price-1,Cham Island Snorkeling Tour From Da Nang Good Price #1,approved,True,2026-06-05,2026-06-05,30,0,1125000.0,0.0,0.0,available,open,DCIS-20260605-02,departing for Cua Dai port in Hoian,08:00,default,2026-06-04T18:00:00+00:00,daily,start_time_inferred,Auto-approved for staging schedule seed; schedule remains demo/review data.,https://dananglocaltours.com/tour/cham-island-snorkeling-tour/
dananglocaltours-cham-island-snorkeling-tour-from-da-nang-good-price-1-SCH-03,dananglocaltours-cham-island-snorkeling-tour-from-da-nang-good-price-1,Cham Island Snorkeling Tour From Da Nang Good Price #1,approved,True,2026-06-06,2026-06-06,30,0,1125000.0,0.0,0.0,available,open,DCIS-20260606-03,departing for Cua Dai port in Hoian,08:00,default,2026-06-05T18:00:00+00:00,daily,start_time_inferred,Auto-approved for staging schedule seed; schedule remains demo/review data.,https://dananglocaltours.com/tour/cham-island-snorkeling-tour/
dananglocaltours-cham-island-snorkeling-tour-from-da-nang-good-price-1-SCH-04,dananglocaltours-cham-island-snorkeling-tour-from-da-nang-good-price-1,Cham Island Snorkeling Tour From Da Nang Good Price #1,approved,True,2026-06-07,2026-06-07,30,0,1125000.0,0.0,0.0,available,open,DCIS-20260607-04,departing for Cua Dai port in Hoian,08:00,default,2026-06-06T18:00:00+00:00,daily,start_time_inferred,Auto-approved for staging schedule seed; schedule remains demo/review data.,https://dananglocaltours.com/tour/cham-island-snorkeling-tour/
dananglocaltours-hoa-phu-thanh-waterfall-sliding-daily-tour-da-nang-local-tours-SCH-01,dananglocaltours-hoa-phu-thanh-waterfall-sliding-daily-tour-da-nang-local-tours,Hoa Phu Thanh waterfall sliding daily tour - Da Nang Local Tours,approved,True,2026-06-04,2026-06-04,30,0,1150000.0,0.0,0.0,available,open,DHPT-20260604-01,"Depart for Hoa Phu Thanh tourist site (Hoa Phu Village, Hoa Vang Ward, Da Nang City)",08:00,default,2026-06-03T18:00:00+00:00,daily,start_time_inferred; tour_has_inferred_fields,Auto-approved for staging schedule seed; schedule remains demo/review data.,https://dananglocaltours.com/tour/hoa-phu-thanh-waterfall-sliding-daily-tour/
dananglocaltours-hoa-phu-thanh-waterfall-sliding-daily-tour-da-nang-local-tours-SCH-02,dananglocaltours-hoa-phu-thanh-waterfall-sliding-daily-tour-da-nang-local-tours,Hoa Phu Thanh waterfall sliding daily tour - Da Nang Local Tours,approved,True,2026-06-05,2026-06-05,30,0,1150000.0,0.0,0.0,available,open,DHPT-20260605-02,"Depart for Hoa Phu Thanh tourist site (Hoa Phu Village, Hoa Vang Ward, Da Nang City)",08:00,default,2026-06-04T18:00:00+00:00,daily,start_time_inferred; tour_has_inferred_fields,Auto-approved for staging schedule seed; schedule remains demo/review data.,https://dananglocaltours.com/tour/hoa-phu-thanh-waterfall-sliding-daily-tour/
dananglocaltours-hoa-phu-thanh-waterfall-sliding-daily-tour-da-nang-local-tours-SCH-03,dananglocaltours-hoa-phu-thanh-waterfall-sliding-daily-tour-da-nang-local-tours,Hoa Phu Thanh waterfall sliding daily tour - Da Nang Local Tours,approved,True,2026-06-06,2026-06-06,30,0,1150000.0,0.0,0.0,available,open,DHPT-20260606-03,"Depart for Hoa Phu Thanh tourist site (Hoa Phu Village, Hoa Vang Ward, Da Nang City)",08:00,default,2026-06-05T18:00:00+00:00,daily,start_time_inferred; tour_has_inferred_fields,Auto-approved for staging schedule seed; schedule remains demo/review data.,https://dananglocaltours.com/tour/hoa-phu-thanh-waterfall-sliding-daily-tour/
dananglocaltours-hoa-phu-thanh-waterfall-sliding-daily-tour-da-nang-local-tours-SCH-04,dananglocaltours-hoa-phu-thanh-waterfall-sliding-daily-tour-da-nang-local-tours,Hoa Phu Thanh waterfall sliding daily tour - Da Nang Local Tours,approved,True,2026-06-07,2026-06-07,30,0,1150000.0,0.0,0.0,available,open,DHPT-20260607-04,"Depart for Hoa Phu Thanh tourist site (Hoa Phu Village, Hoa Vang Ward, Da Nang City)",08:00,default,2026-06-06T18:00:00+00:00,daily,start_time_inferred; tour_has_inferred_fields,Auto-approved for staging schedule seed; schedule remains demo/review data.,https://dananglocaltours.com/tour/hoa-phu-thanh-waterfall-sliding-daily-tour/
dananglocaltours-basket-boat-hue-tour-from-da-nang-good-price-1-da-nang-local-tours-SCH-01,dananglocaltours-basket-boat-hue-tour-from-da-nang-good-price-1-da-nang-local-tours,Hue Tour From Da Nang Good Price #1 - Da Nang Local Tours,approved,True,2026-06-04,2026-06-04,30,0,1475000.0,0.0,0.0,available,open,DBBH-20260604-01,departing daily from Da Nang by Da Nang Local Tours,08:00,default,2026-06-03T18:00:00+00:00,daily,start_time_inferred,Auto-approved for staging schedule seed; schedule remains demo/review data.,https://dananglocaltours.com/tour/hue-tour-from-da-nang/
dananglocaltours-basket-boat-hue-tour-from-da-nang-good-price-1-da-nang-local-tours-SCH-02,dananglocaltours-basket-boat-hue-tour-from-da-nang-good-price-1-da-nang-local-tours,Hue Tour From Da Nang Good Price #1 - Da Nang Local Tours,approved,True,2026-06-05,2026-06-05,30,0,1475000.0,0.0,0.0,available,open,DBBH-20260605-02,departing daily from Da Nang by Da Nang Local Tours,08:00,default,2026-06-04T18:00:00+00:00,daily,start_time_inferred,Auto-approved for staging schedule seed; schedule remains demo/review data.,https://dananglocaltours.com/tour/hue-tour-from-da-nang/
dananglocaltours-basket-boat-hue-tour-from-da-nang-good-price-1-da-nang-local-tours-SCH-03,dananglocaltours-basket-boat-hue-tour-from-da-nang-good-price-1-da-nang-local-tours,Hue Tour From Da Nang Good Price #1 - Da Nang Local Tours,approved,True,2026-06-06,2026-06-06,30,0,1475000.0,0.0,0.0,available,open,DBBH-20260606-03,departing daily from Da Nang by Da Nang Local Tours,08:00,default,2026-06-05T18:00:00+00:00,daily,start_time_inferred,Auto-approved for staging schedule seed; schedule remains demo/review data.,https://dananglocaltours.com/tour/hue-tour-from-da-nang/
dananglocaltours-basket-boat-hue-tour-from-da-nang-good-price-1-da-nang-local-tours-SCH-04,dananglocaltours-basket-boat-hue-tour-from-da-nang-good-price-1-da-nang-local-tours,Hue Tour From Da Nang Good Price #1 - Da Nang Local Tours,approved,True,2026-06-07,2026-06-07,30,0,1475000.0,0.0,0.0,available,open,DBBH-20260607-04,departing daily from Da Nang by Da Nang Local Tours,08:00,default,2026-06-06T18:00:00+00:00,daily,start_time_inferred,Auto-approved for staging schedule seed; schedule remains demo/review data.,https://dananglocaltours.com/tour/hue-tour-from-da-nang/
dananglocaltours-basket-boat-marble-mountain-hoi-an-tour-good-price-1-da-nang-local-tours-SCH-01,dananglocaltours-basket-boat-marble-mountain-hoi-an-tour-good-price-1-da-nang-local-tours,Marble Mountain Hoi An Tour Good Price #1 - Da Nang Local Tours,approved,True,2026-06-04,2026-06-04,30,0,975000.0,0.0,0.0,available,open,DBBM-20260604-01,Da Nang / operator pickup point,08:00,default,2026-06-03T18:00:00+00:00,daily,start_time_inferred,Auto-approved for staging schedule seed; schedule remains demo/review data.,https://dananglocaltours.com/tour/marble-mountain-hoi-an-tour/
dananglocaltours-basket-boat-marble-mountain-hoi-an-tour-good-price-1-da-nang-local-tours-SCH-02,dananglocaltours-basket-boat-marble-mountain-hoi-an-tour-good-price-1-da-nang-local-tours,Marble Mountain Hoi An Tour Good Price #1 - Da Nang Local Tours,approved,True,2026-06-05,2026-06-05,30,0,975000.0,0.0,0.0,available,open,DBBM-20260605-02,Da Nang / operator pickup point,08:00,default,2026-06-04T18:00:00+00:00,daily,start_time_inferred,Auto-approved for staging schedule seed; schedule remains demo/review data.,https://dananglocaltours.com/tour/marble-mountain-hoi-an-tour/
dananglocaltours-basket-boat-marble-mountain-hoi-an-tour-good-price-1-da-nang-local-tours-SCH-03,dananglocaltours-basket-boat-marble-mountain-hoi-an-tour-good-price-1-da-nang-local-tours,Marble Mountain Hoi An Tour Good Price #1 - Da Nang Local Tours,approved,True,2026-06-06,2026-06-06,30,0,975000.0,0.0,0.0,available,open,DBBM-20260606-03,Da Nang / operator pickup point,08:00,default,2026-06-05T18:00:00+00:00,daily,start_time_inferred,Auto-approved for staging schedule seed; schedule remains demo/review data.,https://dananglocaltours.com/tour/marble-mountain-hoi-an-tour/
dananglocaltours-basket-boat-marble-mountain-hoi-an-tour-good-price-1-da-nang-local-tours-SCH-04,dananglocaltours-basket-boat-marble-mountain-hoi-an-tour-good-price-1-da-nang-local-tours,Marble Mountain Hoi An Tour Good Price #1 - Da Nang Local Tours,approved,True,2026-06-07,2026-06-07,30,0,975000.0,0.0,0.0,available,open,DBBM-20260607-04,Da Nang / operator pickup point,08:00,default,2026-06-06T18:00:00+00:00,daily,start_time_inferred,Auto-approved for staging schedule seed; schedule remains demo/review data.,https://dananglocaltours.com/tour/marble-mountain-hoi-an-tour/
dananglocaltours-basket-boat-my-son-sanctuary-tour-from-da-nang-da-nang-local-tours-SCH-01,dananglocaltours-basket-boat-my-son-sanctuary-tour-from-da-nang-da-nang-local-tours,My Son Sanctuary Tour From Da Nang - Da Nang Local Tours,approved,True,2026-06-04,2026-06-04,30,0,1025000.0,0.0,0.0,available,open,DBBM-20260604-01,"departure We will pick you up at rendezvous, and then we go to visit My Son Sanctuary – o",08:00,default,2026-06-03T18:00:00+00:00,daily,start_time_inferred,Auto-approved for staging schedule seed; schedule remains demo/review data.,https://dananglocaltours.com/tour/my-son-sanctuary-tour/
dananglocaltours-basket-boat-my-son-sanctuary-tour-from-da-nang-da-nang-local-tours-SCH-02,dananglocaltours-basket-boat-my-son-sanctuary-tour-from-da-nang-da-nang-local-tours,My Son Sanctuary Tour From Da Nang - Da Nang Local Tours,approved,True,2026-06-05,2026-06-05,30,0,1025000.0,0.0,0.0,available,open,DBBM-20260605-02,"departure We will pick you up at rendezvous, and then we go to visit My Son Sanctuary – o",08:00,default,2026-06-04T18:00:00+00:00,daily,start_time_inferred,Auto-approved for staging schedule seed; schedule remains demo/review data.,https://dananglocaltours.com/tour/my-son-sanctuary-tour/
dananglocaltours-basket-boat-my-son-sanctuary-tour-from-da-nang-da-nang-local-tours-SCH-03,dananglocaltours-basket-boat-my-son-sanctuary-tour-from-da-nang-da-nang-local-tours,My Son Sanctuary Tour From Da Nang - Da Nang Local Tours,approved,True,2026-06-06,2026-06-06,30,0,1025000.0,0.0,0.0,available,open,DBBM-20260606-03,"departure We will pick you up at rendezvous, and then we go to visit My Son Sanctuary – o",08:00,default,2026-06-05T18:00:00+00:00,daily,start_time_inferred,Auto-approved for staging schedule seed; schedule remains demo/review data.,https://dananglocaltours.com/tour/my-son-sanctuary-tour/
dananglocaltours-basket-boat-my-son-sanctuary-tour-from-da-nang-da-nang-local-tours-SCH-04,dananglocaltours-basket-boat-my-son-sanctuary-tour-from-da-nang-da-nang-local-tours,My Son Sanctuary Tour From Da Nang - Da Nang Local Tours,approved,True,2026-06-07,2026-06-07,30,0,1025000.0,0.0,0.0,available,open,DBBM-20260607-04,"departure We will pick you up at rendezvous, and then we go to visit My Son Sanctuary – o",08:00,default,2026-06-06T18:00:00+00:00,daily,start_time_inferred,Auto-approved for staging schedule seed; schedule remains demo/review data.,https://dananglocaltours.com/tour/my-son-sanctuary-tour/
dananglocaltours-basket-boat-nui-than-tai-hot-spring-park-tour-from-da-nang-good-price-1-SCH-01,dananglocaltours-basket-boat-nui-than-tai-hot-spring-park-tour-from-da-nang-good-price-1,Nui Than Tai Hot Spring Park Tour From Da Nang Good Price #1,approved,True,2026-06-04,2026-06-04,30,0,1225000.0,0.0,0.0,available,open,DBBN-20260604-01,Departure Pick up your hotel in Da Nang city center for Nui Than Tai Hot Spring Park Tour,08:00,default,2026-06-03T18:00:00+00:00,daily,start_time_inferred; missing_itinerary,Auto-approved for staging schedule seed; schedule remains demo/review data.,https://dananglocaltours.com/tour/nui-than-tai-hot-spring-park-tour/
dananglocaltours-basket-boat-nui-than-tai-hot-spring-park-tour-from-da-nang-good-price-1-SCH-02,dananglocaltours-basket-boat-nui-than-tai-hot-spring-park-tour-from-da-nang-good-price-1,Nui Than Tai Hot Spring Park Tour From Da Nang Good Price #1,approved,True,2026-06-05,2026-06-05,30,0,1225000.0,0.0,0.0,available,open,DBBN-20260605-02,Departure Pick up your hotel in Da Nang city center for Nui Than Tai Hot Spring Park Tour,08:00,default,2026-06-04T18:00:00+00:00,daily,start_time_inferred; missing_itinerary,Auto-approved for staging schedule seed; schedule remains demo/review data.,https://dananglocaltours.com/tour/nui-than-tai-hot-spring-park-tour/
dananglocaltours-basket-boat-nui-than-tai-hot-spring-park-tour-from-da-nang-good-price-1-SCH-03,dananglocaltours-basket-boat-nui-than-tai-hot-spring-park-tour-from-da-nang-good-price-1,Nui Than Tai Hot Spring Park Tour From Da Nang Good Price #1,approved,True,2026-06-06,2026-06-06,30,0,1225000.0,0.0,0.0,available,open,DBBN-20260606-03,Departure Pick up your hotel in Da Nang city center for Nui Than Tai Hot Spring Park Tour,08:00,default,2026-06-05T18:00:00+00:00,daily,start_time_inferred; missing_itinerary,Auto-approved for staging schedule seed; schedule remains demo/review data.,https://dananglocaltours.com/tour/nui-than-tai-hot-spring-park-tour/
dananglocaltours-basket-boat-nui-than-tai-hot-spring-park-tour-from-da-nang-good-price-1-SCH-04,dananglocaltours-basket-boat-nui-than-tai-hot-spring-park-tour-from-da-nang-good-price-1,Nui Than Tai Hot Spring Park Tour From Da Nang Good Price #1,approved,True,2026-06-07,2026-06-07,30,0,1225000.0,0.0,0.0,available,open,DBBN-20260607-04,Departure Pick up your hotel in Da Nang city center for Nui Than Tai Hot Spring Park Tour,08:00,default,2026-06-06T18:00:00+00:00,daily,start_time_inferred; missing_itinerary,Auto-approved for staging schedule seed; schedule remains demo/review data.,https://dananglocaltours.com/tour/nui-than-tai-hot-spring-park-tour/
dananglocaltours-basket-boat-son-tra-peninsula-marble-mountains-hoian-daily-tour-SCH-01,dananglocaltours-basket-boat-son-tra-peninsula-marble-mountains-hoian-daily-tour,Son Tra Peninsula - Marble Mountains - Hoian Daily Tour,approved,True,2026-06-04,2026-06-04,30,0,1175000.0,0.0,0.0,available,open,DBBS-20260604-01,depart for marble mountain,08:00,default,2026-06-03T18:00:00+00:00,daily,start_time_inferred; tour_has_inferred_fields,Auto-approved for staging schedule seed; schedule remains demo/review data.,https://dananglocaltours.com/tour/son-tra-peninsula-marble-mountains-hoian-daily-tour/
dananglocaltours-basket-boat-son-tra-peninsula-marble-mountains-hoian-daily-tour-SCH-02,dananglocaltours-basket-boat-son-tra-peninsula-marble-mountains-hoian-daily-tour,Son Tra Peninsula - Marble Mountains - Hoian Daily Tour,approved,True,2026-06-05,2026-06-05,30,0,1175000.0,0.0,0.0,available,open,DBBS-20260605-02,depart for marble mountain,08:00,default,2026-06-04T18:00:00+00:00,daily,start_time_inferred; tour_has_inferred_fields,Auto-approved for staging schedule seed; schedule remains demo/review data.,https://dananglocaltours.com/tour/son-tra-peninsula-marble-mountains-hoian-daily-tour/
dananglocaltours-basket-boat-son-tra-peninsula-marble-mountains-hoian-daily-tour-SCH-03,dananglocaltours-basket-boat-son-tra-peninsula-marble-mountains-hoian-daily-tour,Son Tra Peninsula - Marble Mountains - Hoian Daily Tour,approved,True,2026-06-06,2026-06-06,30,0,1175000.0,0.0,0.0,available,open,DBBS-20260606-03,depart for marble mountain,08:00,default,2026-06-05T18:00:00+00:00,daily,start_time_inferred; tour_has_inferred_fields,Auto-approved for staging schedule seed; schedule remains demo/review data.,https://dananglocaltours.com/tour/son-tra-peninsula-marble-mountains-hoian-daily-tour/
dananglocaltours-basket-boat-son-tra-peninsula-marble-mountains-hoian-daily-tour-SCH-04,dananglocaltours-basket-boat-son-tra-peninsula-marble-mountains-hoian-daily-tour,Son Tra Peninsula - Marble Mountains - Hoian Daily Tour,approved,True,2026-06-07,2026-06-07,30,0,1175000.0,0.0,0.0,available,open,DBBS-20260607-04,depart for marble mountain,08:00,default,2026-06-06T18:00:00+00:00,daily,start_time_inferred; tour_has_inferred_fields,Auto-approved for staging schedule seed; schedule remains demo/review data.,https://dananglocaltours.com/tour/son-tra-peninsula-marble-mountains-hoian-daily-tour/
danangtourscity-french-village-ba-na-hills-da-nang-tours-SCH-01,danangtourscity-french-village-ba-na-hills-da-nang-tours,French Village Ba Na Hills - Da Nang Tours,approved,True,2026-06-04,2026-06-04,30,0,1090000.0,0.0,0.0,available,open,DFVB-20260604-01,Da Nang / operator pickup point,08:00,default,2026-06-03T18:00:00+00:00,daily,start_time_inferred; missing_itinerary; missing_inclusions,Auto-approved for staging schedule seed; schedule remains demo/review data.,https://danangtourscity.com/french-village-ba-na-hills/
danangtourscity-french-village-ba-na-hills-da-nang-tours-SCH-02,danangtourscity-french-village-ba-na-hills-da-nang-tours,French Village Ba Na Hills - Da Nang Tours,approved,True,2026-06-05,2026-06-05,30,0,1090000.0,0.0,0.0,available,open,DFVB-20260605-02,Da Nang / operator pickup point,08:00,default,2026-06-04T18:00:00+00:00,daily,start_time_inferred; missing_itinerary; missing_inclusions,Auto-approved for staging schedule seed; schedule remains demo/review data.,https://danangtourscity.com/french-village-ba-na-hills/
danangtourscity-french-village-ba-na-hills-da-nang-tours-SCH-03,danangtourscity-french-village-ba-na-hills-da-nang-tours,French Village Ba Na Hills - Da Nang Tours,approved,True,2026-06-06,2026-06-06,30,0,1090000.0,0.0,0.0,available,open,DFVB-20260606-03,Da Nang / operator pickup point,08:00,default,2026-06-05T18:00:00+00:00,daily,start_time_inferred; missing_itinerary; missing_inclusions,Auto-approved for staging schedule seed; schedule remains demo/review data.,https://danangtourscity.com/french-village-ba-na-hills/
danangtourscity-french-village-ba-na-hills-da-nang-tours-SCH-04,danangtourscity-french-village-ba-na-hills-da-nang-tours,French Village Ba Na Hills - Da Nang Tours,approved,True,2026-06-07,2026-06-07,30,0,1090000.0,0.0,0.0,available,open,DFVB-20260607-04,Da Nang / operator pickup point,08:00,default,2026-06-06T18:00:00+00:00,daily,start_time_inferred; missing_itinerary; missing_inclusions,Auto-approved for staging schedule seed; schedule remains demo/review data.,https://danangtourscity.com/french-village-ba-na-hills/
hoiandaytrip-am-phu-cave-tour-with-marble-mountain-lady-buddha-hoian-day-trip-company-SCH-01,hoiandaytrip-am-phu-cave-tour-with-marble-mountain-lady-buddha-hoian-day-trip-company,Am Phu Cave Tour with Marble Mountain & Lady Buddha - HoiAn Day Trip Company,approved,True,2026-06-04,2026-06-04,30,0,1125000.0,0.0,0.0,available,open,HAPC-20260604-01,Pickup time 8,08:00,default,2026-06-03T18:00:00+00:00,daily,start_time_inferred,Auto-approved for staging schedule seed; schedule remains demo/review data.,https://hoiandaytrip.com/am-phu-cave-tour/
hoiandaytrip-am-phu-cave-tour-with-marble-mountain-lady-buddha-hoian-day-trip-company-SCH-02,hoiandaytrip-am-phu-cave-tour-with-marble-mountain-lady-buddha-hoian-day-trip-company,Am Phu Cave Tour with Marble Mountain & Lady Buddha - HoiAn Day Trip Company,approved,True,2026-06-05,2026-06-05,30,0,1125000.0,0.0,0.0,available,open,HAPC-20260605-02,Pickup time 8,08:00,default,2026-06-04T18:00:00+00:00,daily,start_time_inferred,Auto-approved for staging schedule seed; schedule remains demo/review data.,https://hoiandaytrip.com/am-phu-cave-tour/
hoiandaytrip-am-phu-cave-tour-with-marble-mountain-lady-buddha-hoian-day-trip-company-SCH-03,hoiandaytrip-am-phu-cave-tour-with-marble-mountain-lady-buddha-hoian-day-trip-company,Am Phu Cave Tour with Marble Mountain & Lady Buddha - HoiAn Day Trip Company,approved,True,2026-06-06,2026-06-06,30,0,1125000.0,0.0,0.0,available,open,HAPC-20260606-03,Pickup time 8,08:00,default,2026-06-05T18:00:00+00:00,daily,start_time_inferred,Auto-approved for staging schedule seed; schedule remains demo/review data.,https://hoiandaytrip.com/am-phu-cave-tour/
hoiandaytrip-am-phu-cave-tour-with-marble-mountain-lady-buddha-hoian-day-trip-company-SCH-04,hoiandaytrip-am-phu-cave-tour-with-marble-mountain-lady-buddha-hoian-day-trip-company,Am Phu Cave Tour with Marble Mountain & Lady Buddha - HoiAn Day Trip Company,approved,True,2026-06-07,2026-06-07,30,0,1125000.0,0.0,0.0,available,open,HAPC-20260607-04,Pickup time 8,08:00,default,2026-06-06T18:00:00+00:00,daily,start_time_inferred,Auto-approved for staging schedule seed; schedule remains demo/review data.,https://hoiandaytrip.com/am-phu-cave-tour/
hoiandaytrip-ba-na-hills-afternoon-tour-with-golden-hands-bridge-hoian-day-trip-company-SCH-01,hoiandaytrip-ba-na-hills-afternoon-tour-with-golden-hands-bridge-hoian-day-trip-company,Ba Na Hills Afternoon Tour with Golden Hands Bridge - HoiAn Day Trip Company,approved,True,2026-06-06,2026-06-06,30,0,2125000.0,0.0,0.0,available,open,HBNH-20260606-01,Pickup time 1,13:30,rule,2026-06-05T18:00:00+00:00,weekend,start_time_inferred,Auto-approved for staging schedule seed; schedule remains demo/review data.,https://hoiandaytrip.com/ba-na-hills-afternoon-tour/
hoiandaytrip-ba-na-hills-afternoon-tour-with-golden-hands-bridge-hoian-day-trip-company-SCH-02,hoiandaytrip-ba-na-hills-afternoon-tour-with-golden-hands-bridge-hoian-day-trip-company,Ba Na Hills Afternoon Tour with Golden Hands Bridge - HoiAn Day Trip Company,approved,True,2026-06-07,2026-06-07,30,0,2125000.0,0.0,0.0,available,open,HBNH-20260607-02,Pickup time 1,13:30,rule,2026-06-06T18:00:00+00:00,weekend,start_time_inferred,Auto-approved for staging schedule seed; schedule remains demo/review data.,https://hoiandaytrip.com/ba-na-hills-afternoon-tour/
hoiandaytrip-ba-na-hills-afternoon-tour-with-golden-hands-bridge-hoian-day-trip-company-SCH-03,hoiandaytrip-ba-na-hills-afternoon-tour-with-golden-hands-bridge-hoian-day-trip-company,Ba Na Hills Afternoon Tour with Golden Hands Bridge - HoiAn Day Trip Company,approved,True,2026-06-13,2026-06-13,30,0,2125000.0,0.0,0.0,available,open,HBNH-20260613-03,Pickup time 1,13:30,rule,2026-06-12T18:00:00+00:00,weekend,start_time_inferred,Auto-approved for staging schedule seed; schedule remains demo/review data.,https://hoiandaytrip.com/ba-na-hills-afternoon-tour/
hoiandaytrip-ba-na-hills-afternoon-tour-with-golden-hands-bridge-hoian-day-trip-company-SCH-04,hoiandaytrip-ba-na-hills-afternoon-tour-with-golden-hands-bridge-hoian-day-trip-company,Ba Na Hills Afternoon Tour with Golden Hands Bridge - HoiAn Day Trip Company,approved,True,2026-06-14,2026-06-14,30,0,2125000.0,0.0,0.0,available,open,HBNH-20260614-04,Pickup time 1,13:30,rule,2026-06-13T18:00:00+00:00,weekend,start_time_inferred,Auto-approved for staging schedule seed; schedule remains demo/review data.,https://hoiandaytrip.com/ba-na-hills-afternoon-tour/
hoiandaytrip-bana-ba-na-hills-early-morning-tour-to-beat-the-crowds-hoian-day-trip-company-SCH-01,hoiandaytrip-bana-ba-na-hills-early-morning-tour-to-beat-the-crowds-hoian-day-trip-company,Ba Na Hills Early Morning Tour to Beat the Crowds - HoiAn Day Trip Company,approved,True,2026-06-04,2026-06-04,30,0,2125000.0,0.0,0.0,available,open,HBBN-20260604-01,Pickup time 7,08:00,default,2026-06-03T18:00:00+00:00,daily,start_time_inferred,Auto-approved for staging schedule seed; schedule remains demo/review data.,https://hoiandaytrip.com/ba-na-hills-early-morning-tour/
hoiandaytrip-bana-ba-na-hills-early-morning-tour-to-beat-the-crowds-hoian-day-trip-company-SCH-02,hoiandaytrip-bana-ba-na-hills-early-morning-tour-to-beat-the-crowds-hoian-day-trip-company,Ba Na Hills Early Morning Tour to Beat the Crowds - HoiAn Day Trip Company,approved,True,2026-06-05,2026-06-05,30,0,2125000.0,0.0,0.0,available,open,HBBN-20260605-02,Pickup time 7,08:00,default,2026-06-04T18:00:00+00:00,daily,start_time_inferred,Auto-approved for staging schedule seed; schedule remains demo/review data.,https://hoiandaytrip.com/ba-na-hills-early-morning-tour/
hoiandaytrip-bana-ba-na-hills-early-morning-tour-to-beat-the-crowds-hoian-day-trip-company-SCH-03,hoiandaytrip-bana-ba-na-hills-early-morning-tour-to-beat-the-crowds-hoian-day-trip-company,Ba Na Hills Early Morning Tour to Beat the Crowds - HoiAn Day Trip Company,approved,True,2026-06-06,2026-06-06,30,0,2125000.0,0.0,0.0,available,open,HBBN-20260606-03,Pickup time 7,08:00,default,2026-06-05T18:00:00+00:00,daily,start_time_inferred,Auto-approved for staging schedule seed; schedule remains demo/review data.,https://hoiandaytrip.com/ba-na-hills-early-morning-tour/
hoiandaytrip-bana-ba-na-hills-early-morning-tour-to-beat-the-crowds-hoian-day-trip-company-SCH-04,hoiandaytrip-bana-ba-na-hills-early-morning-tour-to-beat-the-crowds-hoian-day-trip-company,Ba Na Hills Early Morning Tour to Beat the Crowds - HoiAn Day Trip Company,approved,True,2026-06-07,2026-06-07,30,0,2125000.0,0.0,0.0,available,open,HBBN-20260607-04,Pickup time 7,08:00,default,2026-06-06T18:00:00+00:00,daily,start_time_inferred,Auto-approved for staging schedule seed; schedule remains demo/review data.,https://hoiandaytrip.com/ba-na-hills-early-morning-tour/
hoiandaytrip-bana-ba-na-hills-night-tour-with-golden-bridge-dinner-cabaret-show-hoian-day-trip-company-SCH-01,hoiandaytrip-bana-ba-na-hills-night-tour-with-golden-bridge-dinner-cabaret-show-hoian-day-trip-company,"Ba Na Hills Night Tour with Golden Bridge, Dinner & Cabaret Show - HoiAn Day Trip Company",approved,True,2026-06-06,2026-06-06,30,0,2200000.0,0.0,0.0,available,open,HBBN-20260606-01,Pickup time 2,16:00,rule,2026-06-05T18:00:00+00:00,weekend,start_time_inferred,Auto-approved for staging schedule seed; schedule remains demo/review data.,https://hoiandaytrip.com/ba-na-hills-night-tour/
hoiandaytrip-bana-ba-na-hills-night-tour-with-golden-bridge-dinner-cabaret-show-hoian-day-trip-company-SCH-02,hoiandaytrip-bana-ba-na-hills-night-tour-with-golden-bridge-dinner-cabaret-show-hoian-day-trip-company,"Ba Na Hills Night Tour with Golden Bridge, Dinner & Cabaret Show - HoiAn Day Trip Company",approved,True,2026-06-07,2026-06-07,30,0,2200000.0,0.0,0.0,available,open,HBBN-20260607-02,Pickup time 2,16:00,rule,2026-06-06T18:00:00+00:00,weekend,start_time_inferred,Auto-approved for staging schedule seed; schedule remains demo/review data.,https://hoiandaytrip.com/ba-na-hills-night-tour/
hoiandaytrip-bana-ba-na-hills-night-tour-with-golden-bridge-dinner-cabaret-show-hoian-day-trip-company-SCH-03,hoiandaytrip-bana-ba-na-hills-night-tour-with-golden-bridge-dinner-cabaret-show-hoian-day-trip-company,"Ba Na Hills Night Tour with Golden Bridge, Dinner & Cabaret Show - HoiAn Day Trip Company",approved,True,2026-06-13,2026-06-13,30,0,2200000.0,0.0,0.0,available,open,HBBN-20260613-03,Pickup time 2,16:00,rule,2026-06-12T18:00:00+00:00,weekend,start_time_inferred,Auto-approved for staging schedule seed; schedule remains demo/review data.,https://hoiandaytrip.com/ba-na-hills-night-tour/
hoiandaytrip-bana-ba-na-hills-night-tour-with-golden-bridge-dinner-cabaret-show-hoian-day-trip-company-SCH-04,hoiandaytrip-bana-ba-na-hills-night-tour-with-golden-bridge-dinner-cabaret-show-hoian-day-trip-company,"Ba Na Hills Night Tour with Golden Bridge, Dinner & Cabaret Show - HoiAn Day Trip Company",approved,True,2026-06-14,2026-06-14,30,0,2200000.0,0.0,0.0,available,open,HBBN-20260614-04,Pickup time 2,16:00,rule,2026-06-13T18:00:00+00:00,weekend,start_time_inferred,Auto-approved for staging schedule seed; schedule remains demo/review data.,https://hoiandaytrip.com/ba-na-hills-night-tour/
venus-cham-island-from-danang-my-son-holyland-rice-paper-making-morning-tour-venustravel-SCH-01,venus-cham-island-from-danang-my-son-holyland-rice-paper-making-morning-tour-venustravel,From Danang: My Son Holyland & Rice Paper Making Morning Tour,approved,True,2026-06-04,2026-06-04,30,0,775250.0,0.0,0.0,available,open,VCIF-20260604-01,Depart from Hoi An / Da Nang / Hue Depart from Ha Noi Depart from Ho Chi Minh Pakage T,08:00,rule,2026-06-03T18:00:00+00:00,daily,start_time_inferred; missing_itinerary,Auto-approved for staging schedule seed; schedule remains demo/review data.,https://venusvietnamtravel.com/my-son-holyland-rice-paper-making-morning-tour/
venus-cham-island-from-danang-my-son-holyland-rice-paper-making-morning-tour-venustravel-SCH-02,venus-cham-island-from-danang-my-son-holyland-rice-paper-making-morning-tour-venustravel,From Danang: My Son Holyland & Rice Paper Making Morning Tour,approved,True,2026-06-05,2026-06-05,30,0,775250.0,0.0,0.0,available,open,VCIF-20260605-02,Depart from Hoi An / Da Nang / Hue Depart from Ha Noi Depart from Ho Chi Minh Pakage T,08:00,rule,2026-06-04T18:00:00+00:00,daily,start_time_inferred; missing_itinerary,Auto-approved for staging schedule seed; schedule remains demo/review data.,https://venusvietnamtravel.com/my-son-holyland-rice-paper-making-morning-tour/
venus-cham-island-from-danang-my-son-holyland-rice-paper-making-morning-tour-venustravel-SCH-03,venus-cham-island-from-danang-my-son-holyland-rice-paper-making-morning-tour-venustravel,From Danang: My Son Holyland & Rice Paper Making Morning Tour,approved,True,2026-06-06,2026-06-06,30,0,775250.0,0.0,0.0,available,open,VCIF-20260606-03,Depart from Hoi An / Da Nang / Hue Depart from Ha Noi Depart from Ho Chi Minh Pakage T,08:00,rule,2026-06-05T18:00:00+00:00,daily,start_time_inferred; missing_itinerary,Auto-approved for staging schedule seed; schedule remains demo/review data.,https://venusvietnamtravel.com/my-son-holyland-rice-paper-making-morning-tour/
venus-cham-island-from-danang-my-son-holyland-rice-paper-making-morning-tour-venustravel-SCH-04,venus-cham-island-from-danang-my-son-holyland-rice-paper-making-morning-tour-venustravel,From Danang: My Son Holyland & Rice Paper Making Morning Tour,approved,True,2026-06-07,2026-06-07,30,0,775250.0,0.0,0.0,available,open,VCIF-20260607-04,Depart from Hoi An / Da Nang / Hue Depart from Ha Noi Depart from Ho Chi Minh Pakage T,08:00,rule,2026-06-06T18:00:00+00:00,daily,start_time_inferred; missing_itinerary,Auto-approved for staging schedule seed; schedule remains demo/review data.,https://venusvietnamtravel.com/my-son-holyland-rice-paper-making-morning-tour/
venus-cham-island-hoi-an-city-tour-boat-ride-release-flower-lantern-venustravel-SCH-01,venus-cham-island-hoi-an-city-tour-boat-ride-release-flower-lantern-venustravel,Hoi An City Tour – Boat Ride – Release Flower Lantern,approved,True,2026-06-04,2026-06-04,30,0,641250.0,0.0,0.0,available,open,VCIH-20260604-01,Depart from Hoi An / Da Nang / Hue Depart from Ha Noi Depart from Ho Chi Minh Pakage T,08:00,rule,2026-06-03T18:00:00+00:00,daily,start_time_inferred; missing_itinerary,Auto-approved for staging schedule seed; schedule remains demo/review data.,https://venusvietnamtravel.com/hoi-an-boat-ride/
venus-cham-island-hoi-an-city-tour-boat-ride-release-flower-lantern-venustravel-SCH-02,venus-cham-island-hoi-an-city-tour-boat-ride-release-flower-lantern-venustravel,Hoi An City Tour – Boat Ride – Release Flower Lantern,approved,True,2026-06-05,2026-06-05,30,0,641250.0,0.0,0.0,available,open,VCIH-20260605-02,Depart from Hoi An / Da Nang / Hue Depart from Ha Noi Depart from Ho Chi Minh Pakage T,08:00,rule,2026-06-04T18:00:00+00:00,daily,start_time_inferred; missing_itinerary,Auto-approved for staging schedule seed; schedule remains demo/review data.,https://venusvietnamtravel.com/hoi-an-boat-ride/
venus-cham-island-hoi-an-city-tour-boat-ride-release-flower-lantern-venustravel-SCH-03,venus-cham-island-hoi-an-city-tour-boat-ride-release-flower-lantern-venustravel,Hoi An City Tour – Boat Ride – Release Flower Lantern,approved,True,2026-06-06,2026-06-06,30,0,641250.0,0.0,0.0,available,open,VCIH-20260606-03,Depart from Hoi An / Da Nang / Hue Depart from Ha Noi Depart from Ho Chi Minh Pakage T,08:00,rule,2026-06-05T18:00:00+00:00,daily,start_time_inferred; missing_itinerary,Auto-approved for staging schedule seed; schedule remains demo/review data.,https://venusvietnamtravel.com/hoi-an-boat-ride/
venus-cham-island-hoi-an-city-tour-boat-ride-release-flower-lantern-venustravel-SCH-04,venus-cham-island-hoi-an-city-tour-boat-ride-release-flower-lantern-venustravel,Hoi An City Tour – Boat Ride – Release Flower Lantern,approved,True,2026-06-07,2026-06-07,30,0,641250.0,0.0,0.0,available,open,VCIH-20260607-04,Depart from Hoi An / Da Nang / Hue Depart from Ha Noi Depart from Ho Chi Minh Pakage T,08:00,rule,2026-06-06T18:00:00+00:00,daily,start_time_inferred; missing_itinerary,Auto-approved for staging schedule seed; schedule remains demo/review data.,https://venusvietnamtravel.com/hoi-an-boat-ride/
venus-cham-island-marble-mountains-monkey-mountain-am-phu-cave-morning-tour-venustravel-SCH-01,venus-cham-island-marble-mountains-monkey-mountain-am-phu-cave-morning-tour-venustravel,Marble Mountains – Monkey Mountain – Am Phu Cave Morning Tour,approved,True,2026-06-04,2026-06-04,30,0,603000.0,0.0,0.0,available,open,VCIM-20260604-01,Depart from Hoi An / Da Nang / Hue Depart from Ha Noi Depart from Ho Chi Minh Pakage T,08:00,rule,2026-06-03T18:00:00+00:00,daily,start_time_inferred; missing_itinerary,Auto-approved for staging schedule seed; schedule remains demo/review data.,https://venusvietnamtravel.com/marble-mountains-monkey-mountain-am-phu-cave-morning-tour/
venus-cham-island-marble-mountains-monkey-mountain-am-phu-cave-morning-tour-venustravel-SCH-02,venus-cham-island-marble-mountains-monkey-mountain-am-phu-cave-morning-tour-venustravel,Marble Mountains – Monkey Mountain – Am Phu Cave Morning Tour,approved,True,2026-06-05,2026-06-05,30,0,603000.0,0.0,0.0,available,open,VCIM-20260605-02,Depart from Hoi An / Da Nang / Hue Depart from Ha Noi Depart from Ho Chi Minh Pakage T,08:00,rule,2026-06-04T18:00:00+00:00,daily,start_time_inferred; missing_itinerary,Auto-approved for staging schedule seed; schedule remains demo/review data.,https://venusvietnamtravel.com/marble-mountains-monkey-mountain-am-phu-cave-morning-tour/
venus-cham-island-marble-mountains-monkey-mountain-am-phu-cave-morning-tour-venustravel-SCH-03,venus-cham-island-marble-mountains-monkey-mountain-am-phu-cave-morning-tour-venustravel,Marble Mountains – Monkey Mountain – Am Phu Cave Morning Tour,approved,True,2026-06-06,2026-06-06,30,0,603000.0,0.0,0.0,available,open,VCIM-20260606-03,Depart from Hoi An / Da Nang / Hue Depart from Ha Noi Depart from Ho Chi Minh Pakage T,08:00,rule,2026-06-05T18:00:00+00:00,daily,start_time_inferred; missing_itinerary,Auto-approved for staging schedule seed; schedule remains demo/review data.,https://venusvietnamtravel.com/marble-mountains-monkey-mountain-am-phu-cave-morning-tour/
venus-cham-island-marble-mountains-monkey-mountain-am-phu-cave-morning-tour-venustravel-SCH-04,venus-cham-island-marble-mountains-monkey-mountain-am-phu-cave-morning-tour-venustravel,Marble Mountains – Monkey Mountain – Am Phu Cave Morning Tour,approved,True,2026-06-07,2026-06-07,30,0,603000.0,0.0,0.0,available,open,VCIM-20260607-04,Depart from Hoi An / Da Nang / Hue Depart from Ha Noi Depart from Ho Chi Minh Pakage T,08:00,rule,2026-06-06T18:00:00+00:00,daily,start_time_inferred; missing_itinerary,Auto-approved for staging schedule seed; schedule remains demo/review data.,https://venusvietnamtravel.com/marble-mountains-monkey-mountain-am-phu-cave-morning-tour/
venus-cham-island-marble-mountains-monkey-mountain-am-phu-cave-sunset-tour-venustravel-SCH-01,venus-cham-island-marble-mountains-monkey-mountain-am-phu-cave-sunset-tour-venustravel,Marble Mountains – Monkey Mountain – Am Phu Cave Sunset Tour,approved,True,2026-06-04,2026-06-04,30,0,545500.0,0.0,0.0,available,open,VCIM-20260604-01,Depart from Hoi An / Da Nang / Hue Depart from Ha Noi Depart from Ho Chi Minh Pakage T,13:30,rule,2026-06-03T18:00:00+00:00,daily,start_time_inferred; missing_itinerary,Auto-approved for staging schedule seed; schedule remains demo/review data.,https://venusvietnamtravel.com/marble-mountains-am-phu-cave-monkey-mountains-sunset-tour/
venus-cham-island-marble-mountains-monkey-mountain-am-phu-cave-sunset-tour-venustravel-SCH-02,venus-cham-island-marble-mountains-monkey-mountain-am-phu-cave-sunset-tour-venustravel,Marble Mountains – Monkey Mountain – Am Phu Cave Sunset Tour,approved,True,2026-06-05,2026-06-05,30,0,545500.0,0.0,0.0,available,open,VCIM-20260605-02,Depart from Hoi An / Da Nang / Hue Depart from Ha Noi Depart from Ho Chi Minh Pakage T,13:30,rule,2026-06-04T18:00:00+00:00,daily,start_time_inferred; missing_itinerary,Auto-approved for staging schedule seed; schedule remains demo/review data.,https://venusvietnamtravel.com/marble-mountains-am-phu-cave-monkey-mountains-sunset-tour/
venus-cham-island-marble-mountains-monkey-mountain-am-phu-cave-sunset-tour-venustravel-SCH-03,venus-cham-island-marble-mountains-monkey-mountain-am-phu-cave-sunset-tour-venustravel,Marble Mountains – Monkey Mountain – Am Phu Cave Sunset Tour,approved,True,2026-06-06,2026-06-06,30,0,545500.0,0.0,0.0,available,open,VCIM-20260606-03,Depart from Hoi An / Da Nang / Hue Depart from Ha Noi Depart from Ho Chi Minh Pakage T,13:30,rule,2026-06-05T18:00:00+00:00,daily,start_time_inferred; missing_itinerary,Auto-approved for staging schedule seed; schedule remains demo/review data.,https://venusvietnamtravel.com/marble-mountains-am-phu-cave-monkey-mountains-sunset-tour/
venus-cham-island-marble-mountains-monkey-mountain-am-phu-cave-sunset-tour-venustravel-SCH-04,venus-cham-island-marble-mountains-monkey-mountain-am-phu-cave-sunset-tour-venustravel,Marble Mountains – Monkey Mountain – Am Phu Cave Sunset Tour,approved,True,2026-06-07,2026-06-07,30,0,545500.0,0.0,0.0,available,open,VCIM-20260607-04,Depart from Hoi An / Da Nang / Hue Depart from Ha Noi Depart from Ho Chi Minh Pakage T,13:30,rule,2026-06-06T18:00:00+00:00,daily,start_time_inferred; missing_itinerary,Auto-approved for staging schedule seed; schedule remains demo/review data.,https://venusvietnamtravel.com/marble-mountains-am-phu-cave-monkey-mountains-sunset-tour/
venusvietnamtravel-3-traditional-handicraft-villages-in-1-tour-venustravel-SCH-01,venusvietnamtravel-3-traditional-handicraft-villages-in-1-tour-venustravel,3 Traditional Handicraft Villages In 1 Tour,approved,True,2026-06-04,2026-06-04,30,0,976250.0,0.0,0.0,available,open,V3TH-20260604-01,Depart from Hoi An / Da Nang / Hue Depart from Ha Noi Depart from Ho Chi Minh Pakage T,08:00,rule,2026-06-03T18:00:00+00:00,daily,start_time_inferred; missing_itinerary,Auto-approved for staging schedule seed; schedule remains demo/review data.,https://venusvietnamtravel.com/3-traditional-handicraft-villages-in-1-tour/
venusvietnamtravel-3-traditional-handicraft-villages-in-1-tour-venustravel-SCH-02,venusvietnamtravel-3-traditional-handicraft-villages-in-1-tour-venustravel,3 Traditional Handicraft Villages In 1 Tour,approved,True,2026-06-05,2026-06-05,30,0,976250.0,0.0,0.0,available,open,V3TH-20260605-02,Depart from Hoi An / Da Nang / Hue Depart from Ha Noi Depart from Ho Chi Minh Pakage T,08:00,rule,2026-06-04T18:00:00+00:00,daily,start_time_inferred; missing_itinerary,Auto-approved for staging schedule seed; schedule remains demo/review data.,https://venusvietnamtravel.com/3-traditional-handicraft-villages-in-1-tour/
venusvietnamtravel-3-traditional-handicraft-villages-in-1-tour-venustravel-SCH-03,venusvietnamtravel-3-traditional-handicraft-villages-in-1-tour-venustravel,3 Traditional Handicraft Villages In 1 Tour,approved,True,2026-06-06,2026-06-06,30,0,976250.0,0.0,0.0,available,open,V3TH-20260606-03,Depart from Hoi An / Da Nang / Hue Depart from Ha Noi Depart from Ho Chi Minh Pakage T,08:00,rule,2026-06-05T18:00:00+00:00,daily,start_time_inferred; missing_itinerary,Auto-approved for staging schedule seed; schedule remains demo/review data.,https://venusvietnamtravel.com/3-traditional-handicraft-villages-in-1-tour/
venusvietnamtravel-3-traditional-handicraft-villages-in-1-tour-venustravel-SCH-04,venusvietnamtravel-3-traditional-handicraft-villages-in-1-tour-venustravel,3 Traditional Handicraft Villages In 1 Tour,approved,True,2026-06-07,2026-06-07,30,0,976250.0,0.0,0.0,available,open,V3TH-20260607-04,Depart from Hoi An / Da Nang / Hue Depart from Ha Noi Depart from Ho Chi Minh Pakage T,08:00,rule,2026-06-06T18:00:00+00:00,daily,start_time_inferred; missing_itinerary,Auto-approved for staging schedule seed; schedule remains demo/review data.,https://venusvietnamtravel.com/3-traditional-handicraft-villages-in-1-tour/
venusvietnamtravel-afternoon-ba-na-hills-golden-bridge-dragon-bridge-by-night-tour-venustravel-SCH-01,venusvietnamtravel-afternoon-ba-na-hills-golden-bridge-dragon-bridge-by-night-tour-venustravel,AFTERNOON BA NA HILLS – GOLDEN BRIDGE & DRAGON BRIDGE BY NIGHT TOUR,approved,True,2026-06-06,2026-06-06,30,0,1540750.0,0.0,0.0,available,open,VABN-20260606-01,Depart from Hoi An / Da Nang / Hue Depart from Ha Noi Depart from Ho Chi Minh Pakage T,13:30,rule,2026-06-05T18:00:00+00:00,weekend,start_time_inferred; missing_itinerary,Auto-approved for staging schedule seed; schedule remains demo/review data.,https://venusvietnamtravel.com/afternoon-ba-na-hills-golden-bridge-dragon-bridge-by-night-tour/
venusvietnamtravel-afternoon-ba-na-hills-golden-bridge-dragon-bridge-by-night-tour-venustravel-SCH-02,venusvietnamtravel-afternoon-ba-na-hills-golden-bridge-dragon-bridge-by-night-tour-venustravel,AFTERNOON BA NA HILLS – GOLDEN BRIDGE & DRAGON BRIDGE BY NIGHT TOUR,approved,True,2026-06-07,2026-06-07,30,0,1540750.0,0.0,0.0,available,open,VABN-20260607-02,Depart from Hoi An / Da Nang / Hue Depart from Ha Noi Depart from Ho Chi Minh Pakage T,13:30,rule,2026-06-06T18:00:00+00:00,weekend,start_time_inferred; missing_itinerary,Auto-approved for staging schedule seed; schedule remains demo/review data.,https://venusvietnamtravel.com/afternoon-ba-na-hills-golden-bridge-dragon-bridge-by-night-tour/
venusvietnamtravel-afternoon-ba-na-hills-golden-bridge-dragon-bridge-by-night-tour-venustravel-SCH-03,venusvietnamtravel-afternoon-ba-na-hills-golden-bridge-dragon-bridge-by-night-tour-venustravel,AFTERNOON BA NA HILLS – GOLDEN BRIDGE & DRAGON BRIDGE BY NIGHT TOUR,approved,True,2026-06-13,2026-06-13,30,0,1540750.0,0.0,0.0,available,open,VABN-20260613-03,Depart from Hoi An / Da Nang / Hue Depart from Ha Noi Depart from Ho Chi Minh Pakage T,13:30,rule,2026-06-12T18:00:00+00:00,weekend,start_time_inferred; missing_itinerary,Auto-approved for staging schedule seed; schedule remains demo/review data.,https://venusvietnamtravel.com/afternoon-ba-na-hills-golden-bridge-dragon-bridge-by-night-tour/
venusvietnamtravel-afternoon-ba-na-hills-golden-bridge-dragon-bridge-by-night-tour-venustravel-SCH-04,venusvietnamtravel-afternoon-ba-na-hills-golden-bridge-dragon-bridge-by-night-tour-venustravel,AFTERNOON BA NA HILLS – GOLDEN BRIDGE & DRAGON BRIDGE BY NIGHT TOUR,approved,True,2026-06-14,2026-06-14,30,0,1540750.0,0.0,0.0,available,open,VABN-20260614-04,Depart from Hoi An / Da Nang / Hue Depart from Ha Noi Depart from Ho Chi Minh Pakage T,13:30,rule,2026-06-13T18:00:00+00:00,weekend,start_time_inferred; missing_itinerary,Auto-approved for staging schedule seed; schedule remains demo/review data.,https://venusvietnamtravel.com/afternoon-ba-na-hills-golden-bridge-dragon-bridge-by-night-tour/
venusvietnamtravel-cam-thanh-coconut-jungle-muslim-tour-venustravel-SCH-01,venusvietnamtravel-cam-thanh-coconut-jungle-muslim-tour-venustravel,Cam Thanh Coconut Jungle Muslim Tour,approved,True,2026-06-04,2026-06-04,30,0,1225000.0,0.0,0.0,available,open,VCTC-20260604-01,Depart from Hoi An / Da Nang / Hue Depart from Ha Noi Depart from Ho Chi Minh Pakage T,08:00,default,2026-06-03T18:00:00+00:00,daily,start_time_inferred; tour_has_inferred_fields; missing_itinerary,Auto-approved for staging schedule seed; schedule remains demo/review data.,https://venusvietnamtravel.com/cam-thanh-coconut-jungle-muslim-tour/
venusvietnamtravel-cam-thanh-coconut-jungle-muslim-tour-venustravel-SCH-02,venusvietnamtravel-cam-thanh-coconut-jungle-muslim-tour-venustravel,Cam Thanh Coconut Jungle Muslim Tour,approved,True,2026-06-05,2026-06-05,30,0,1225000.0,0.0,0.0,available,open,VCTC-20260605-02,Depart from Hoi An / Da Nang / Hue Depart from Ha Noi Depart from Ho Chi Minh Pakage T,08:00,default,2026-06-04T18:00:00+00:00,daily,start_time_inferred; tour_has_inferred_fields; missing_itinerary,Auto-approved for staging schedule seed; schedule remains demo/review data.,https://venusvietnamtravel.com/cam-thanh-coconut-jungle-muslim-tour/
venusvietnamtravel-cam-thanh-coconut-jungle-muslim-tour-venustravel-SCH-03,venusvietnamtravel-cam-thanh-coconut-jungle-muslim-tour-venustravel,Cam Thanh Coconut Jungle Muslim Tour,approved,True,2026-06-06,2026-06-06,30,0,1225000.0,0.0,0.0,available,open,VCTC-20260606-03,Depart from Hoi An / Da Nang / Hue Depart from Ha Noi Depart from Ho Chi Minh Pakage T,08:00,default,2026-06-05T18:00:00+00:00,daily,start_time_inferred; tour_has_inferred_fields; missing_itinerary,Auto-approved for staging schedule seed; schedule remains demo/review data.,https://venusvietnamtravel.com/cam-thanh-coconut-jungle-muslim-tour/
venusvietnamtravel-cam-thanh-coconut-jungle-muslim-tour-venustravel-SCH-04,venusvietnamtravel-cam-thanh-coconut-jungle-muslim-tour-venustravel,Cam Thanh Coconut Jungle Muslim Tour,approved,True,2026-06-07,2026-06-07,30,0,1225000.0,0.0,0.0,available,open,VCTC-20260607-04,Depart from Hoi An / Da Nang / Hue Depart from Ha Noi Depart from Ho Chi Minh Pakage T,08:00,default,2026-06-06T18:00:00+00:00,daily,start_time_inferred; tour_has_inferred_fields; missing_itinerary,Auto-approved for staging schedule seed; schedule remains demo/review data.,https://venusvietnamtravel.com/cam-thanh-coconut-jungle-muslim-tour/
venusvietnamtravel-cam-thanh-cooking-class-my-son-holy-land-full-day-tour-venustravel-SCH-01,venusvietnamtravel-cam-thanh-cooking-class-my-son-holy-land-full-day-tour-venustravel,Cam Thanh Cooking Class & My Son Holy Land Full-Day Tour,approved,True,2026-06-04,2026-06-04,30,0,1215500.0,0.0,0.0,available,open,VCTC-20260604-01,Depart from Hoi An / Da Nang / Hue Depart from Ha Noi Depart from Ho Chi Minh Pakage T,08:00,rule,2026-06-03T18:00:00+00:00,daily,start_time_inferred; missing_itinerary,Auto-approved for staging schedule seed; schedule remains demo/review data.,https://venusvietnamtravel.com/cam-thanh-cooking-class-my-son-holy-land-full-day-tour/
venusvietnamtravel-cam-thanh-cooking-class-my-son-holy-land-full-day-tour-venustravel-SCH-02,venusvietnamtravel-cam-thanh-cooking-class-my-son-holy-land-full-day-tour-venustravel,Cam Thanh Cooking Class & My Son Holy Land Full-Day Tour,approved,True,2026-06-05,2026-06-05,30,0,1215500.0,0.0,0.0,available,open,VCTC-20260605-02,Depart from Hoi An / Da Nang / Hue Depart from Ha Noi Depart from Ho Chi Minh Pakage T,08:00,rule,2026-06-04T18:00:00+00:00,daily,start_time_inferred; missing_itinerary,Auto-approved for staging schedule seed; schedule remains demo/review data.,https://venusvietnamtravel.com/cam-thanh-cooking-class-my-son-holy-land-full-day-tour/
venusvietnamtravel-cam-thanh-cooking-class-my-son-holy-land-full-day-tour-venustravel-SCH-03,venusvietnamtravel-cam-thanh-cooking-class-my-son-holy-land-full-day-tour-venustravel,Cam Thanh Cooking Class & My Son Holy Land Full-Day Tour,approved,True,2026-06-06,2026-06-06,30,0,1215500.0,0.0,0.0,available,open,VCTC-20260606-03,Depart from Hoi An / Da Nang / Hue Depart from Ha Noi Depart from Ho Chi Minh Pakage T,08:00,rule,2026-06-05T18:00:00+00:00,daily,start_time_inferred; missing_itinerary,Auto-approved for staging schedule seed; schedule remains demo/review data.,https://venusvietnamtravel.com/cam-thanh-cooking-class-my-son-holy-land-full-day-tour/
venusvietnamtravel-cam-thanh-cooking-class-my-son-holy-land-full-day-tour-venustravel-SCH-04,venusvietnamtravel-cam-thanh-cooking-class-my-son-holy-land-full-day-tour-venustravel,Cam Thanh Cooking Class & My Son Holy Land Full-Day Tour,approved,True,2026-06-07,2026-06-07,30,0,1215500.0,0.0,0.0,available,open,VCTC-20260607-04,Depart from Hoi An / Da Nang / Hue Depart from Ha Noi Depart from Ho Chi Minh Pakage T,08:00,rule,2026-06-06T18:00:00+00:00,daily,start_time_inferred; missing_itinerary,Auto-approved for staging schedule seed; schedule remains demo/review data.,https://venusvietnamtravel.com/cam-thanh-cooking-class-my-son-holy-land-full-day-tour/
venusvietnamtravel-cam-thanh-eco-tour-my-son-holy-land-full-day-tour-venustravel-SCH-01,venusvietnamtravel-cam-thanh-eco-tour-my-son-holy-land-full-day-tour-venustravel,Cam Thanh Eco Tour - My Son Holy Land Full-day Tour,approved,True,2026-06-04,2026-06-04,30,0,1215500.0,0.0,0.0,available,open,VCTE-20260604-01,Depart from Hoi An / Da Nang / Hue Depart from Ha Noi Depart from Ho Chi Minh Pakage T,08:00,rule,2026-06-03T18:00:00+00:00,daily,start_time_inferred; missing_itinerary,Auto-approved for staging schedule seed; schedule remains demo/review data.,https://venusvietnamtravel.com/cam-thanh-coconut-jungle-my-son-sanctuary-full-day-tour/
venusvietnamtravel-cam-thanh-eco-tour-my-son-holy-land-full-day-tour-venustravel-SCH-02,venusvietnamtravel-cam-thanh-eco-tour-my-son-holy-land-full-day-tour-venustravel,Cam Thanh Eco Tour - My Son Holy Land Full-day Tour,approved,True,2026-06-05,2026-06-05,30,0,1215500.0,0.0,0.0,available,open,VCTE-20260605-02,Depart from Hoi An / Da Nang / Hue Depart from Ha Noi Depart from Ho Chi Minh Pakage T,08:00,rule,2026-06-04T18:00:00+00:00,daily,start_time_inferred; missing_itinerary,Auto-approved for staging schedule seed; schedule remains demo/review data.,https://venusvietnamtravel.com/cam-thanh-coconut-jungle-my-son-sanctuary-full-day-tour/
venusvietnamtravel-cam-thanh-eco-tour-my-son-holy-land-full-day-tour-venustravel-SCH-03,venusvietnamtravel-cam-thanh-eco-tour-my-son-holy-land-full-day-tour-venustravel,Cam Thanh Eco Tour - My Son Holy Land Full-day Tour,approved,True,2026-06-06,2026-06-06,30,0,1215500.0,0.0,0.0,available,open,VCTE-20260606-03,Depart from Hoi An / Da Nang / Hue Depart from Ha Noi Depart from Ho Chi Minh Pakage T,08:00,rule,2026-06-05T18:00:00+00:00,daily,start_time_inferred; missing_itinerary,Auto-approved for staging schedule seed; schedule remains demo/review data.,https://venusvietnamtravel.com/cam-thanh-coconut-jungle-my-son-sanctuary-full-day-tour/
venusvietnamtravel-cam-thanh-eco-tour-my-son-holy-land-full-day-tour-venustravel-SCH-04,venusvietnamtravel-cam-thanh-eco-tour-my-son-holy-land-full-day-tour-venustravel,Cam Thanh Eco Tour - My Son Holy Land Full-day Tour,approved,True,2026-06-07,2026-06-07,30,0,1215500.0,0.0,0.0,available,open,VCTE-20260607-04,Depart from Hoi An / Da Nang / Hue Depart from Ha Noi Depart from Ho Chi Minh Pakage T,08:00,rule,2026-06-06T18:00:00+00:00,daily,start_time_inferred; missing_itinerary,Auto-approved for staging schedule seed; schedule remains demo/review data.,https://venusvietnamtravel.com/cam-thanh-coconut-jungle-my-son-sanctuary-full-day-tour/
venusvietnamtravel-cham-island-sightseeing-snorkeling-tour-venustravel-SCH-01,venusvietnamtravel-cham-island-sightseeing-snorkeling-tour-venustravel,Cham Island Sightseeing & Snorkeling Tour,approved,True,2026-06-04,2026-06-04,30,0,765750.0,0.0,0.0,available,open,VCIS-20260604-01,Depart from Hoi An / Da Nang / Hue Depart from Ha Noi Depart from Ho Chi Minh Pakage T,08:00,rule,2026-06-03T18:00:00+00:00,daily,start_time_inferred; missing_itinerary,Auto-approved for staging schedule seed; schedule remains demo/review data.,https://venusvietnamtravel.com/cham-island-sightseeing-and-snorkeling-tour/
venusvietnamtravel-cham-island-sightseeing-snorkeling-tour-venustravel-SCH-02,venusvietnamtravel-cham-island-sightseeing-snorkeling-tour-venustravel,Cham Island Sightseeing & Snorkeling Tour,approved,True,2026-06-05,2026-06-05,30,0,765750.0,0.0,0.0,available,open,VCIS-20260605-02,Depart from Hoi An / Da Nang / Hue Depart from Ha Noi Depart from Ho Chi Minh Pakage T,08:00,rule,2026-06-04T18:00:00+00:00,daily,start_time_inferred; missing_itinerary,Auto-approved for staging schedule seed; schedule remains demo/review data.,https://venusvietnamtravel.com/cham-island-sightseeing-and-snorkeling-tour/
venusvietnamtravel-cham-island-sightseeing-snorkeling-tour-venustravel-SCH-03,venusvietnamtravel-cham-island-sightseeing-snorkeling-tour-venustravel,Cham Island Sightseeing & Snorkeling Tour,approved,True,2026-06-06,2026-06-06,30,0,765750.0,0.0,0.0,available,open,VCIS-20260606-03,Depart from Hoi An / Da Nang / Hue Depart from Ha Noi Depart from Ho Chi Minh Pakage T,08:00,rule,2026-06-05T18:00:00+00:00,daily,start_time_inferred; missing_itinerary,Auto-approved for staging schedule seed; schedule remains demo/review data.,https://venusvietnamtravel.com/cham-island-sightseeing-and-snorkeling-tour/
venusvietnamtravel-cham-island-sightseeing-snorkeling-tour-venustravel-SCH-04,venusvietnamtravel-cham-island-sightseeing-snorkeling-tour-venustravel,Cham Island Sightseeing & Snorkeling Tour,approved,True,2026-06-07,2026-06-07,30,0,765750.0,0.0,0.0,available,open,VCIS-20260607-04,Depart from Hoi An / Da Nang / Hue Depart from Ha Noi Depart from Ho Chi Minh Pakage T,08:00,rule,2026-06-06T18:00:00+00:00,daily,start_time_inferred; missing_itinerary,Auto-approved for staging schedule seed; schedule remains demo/review data.,https://venusvietnamtravel.com/cham-island-sightseeing-and-snorkeling-tour/
vietnamadventure-danang-the-best-quality-daily-group-tour-package-in-vietnam-SCH-01,vietnamadventure-danang-the-best-quality-daily-group-tour-package-in-vietnam,The best quality Daily Group Tour package in Vietnam,rejected,False,2026-06-04,2026-06-04,30,0,475000.0,0.0,0.0,available,open,VDTB-20260604-01,Departure Time,08:00,default,2026-06-03T18:00:00+00:00,daily,start_time_inferred; missing_itinerary; missing_inclusions,Rejected: parent tour is not approved.,https://vietnamadventuretour.com.vn/daily-group-tour/
vietnamadventure-danang-the-best-quality-daily-group-tour-package-in-vietnam-SCH-02,vietnamadventure-danang-the-best-quality-daily-group-tour-package-in-vietnam,The best quality Daily Group Tour package in Vietnam,rejected,False,2026-06-05,2026-06-05,30,0,475000.0,0.0,0.0,available,open,VDTB-20260605-02,Departure Time,08:00,default,2026-06-04T18:00:00+00:00,daily,start_time_inferred; missing_itinerary; missing_inclusions,Rejected: parent tour is not approved.,https://vietnamadventuretour.com.vn/daily-group-tour/
vietnamadventure-danang-the-best-quality-daily-group-tour-package-in-vietnam-SCH-03,vietnamadventure-danang-the-best-quality-daily-group-tour-package-in-vietnam,The best quality Daily Group Tour package in Vietnam,rejected,False,2026-06-06,2026-06-06,30,0,475000.0,0.0,0.0,available,open,VDTB-20260606-03,Departure Time,08:00,default,2026-06-05T18:00:00+00:00,daily,start_time_inferred; missing_itinerary; missing_inclusions,Rejected: parent tour is not approved.,https://vietnamadventuretour.com.vn/daily-group-tour/
vietnamadventure-danang-the-best-quality-daily-group-tour-package-in-vietnam-SCH-04,vietnamadventure-danang-the-best-quality-daily-group-tour-package-in-vietnam,The best quality Daily Group Tour package in Vietnam,rejected,False,2026-06-07,2026-06-07,30,0,475000.0,0.0,0.0,available,open,VDTB-20260607-04,Departure Time,08:00,default,2026-06-06T18:00:00+00:00,daily,start_time_inferred; missing_itinerary; missing_inclusions,Rejected: parent tour is not approved.,https://vietnamadventuretour.com.vn/daily-group-tour/
vietnamadventure-danang-vietnam-luxury-tour-experience-your-trip-with-5-star-class-SCH-01,vietnamadventure-danang-vietnam-luxury-tour-experience-your-trip-with-5-star-class,Vietnam Luxury Tour - Experience your trip with 5-star class,rejected,False,2026-06-04,2026-06-04,30,0,600000.0,0.0,0.0,available,open,VDVL-20260604-01,Da Nang / operator pickup point,08:00,default,2026-06-03T18:00:00+00:00,daily,start_time_inferred; missing_itinerary; missing_inclusions,Rejected: parent tour is not approved.,https://vietnamadventuretour.com.vn/luxury-tour/
vietnamadventure-danang-vietnam-luxury-tour-experience-your-trip-with-5-star-class-SCH-02,vietnamadventure-danang-vietnam-luxury-tour-experience-your-trip-with-5-star-class,Vietnam Luxury Tour - Experience your trip with 5-star class,rejected,False,2026-06-05,2026-06-05,30,0,600000.0,0.0,0.0,available,open,VDVL-20260605-02,Da Nang / operator pickup point,08:00,default,2026-06-04T18:00:00+00:00,daily,start_time_inferred; missing_itinerary; missing_inclusions,Rejected: parent tour is not approved.,https://vietnamadventuretour.com.vn/luxury-tour/
vietnamadventure-danang-vietnam-luxury-tour-experience-your-trip-with-5-star-class-SCH-03,vietnamadventure-danang-vietnam-luxury-tour-experience-your-trip-with-5-star-class,Vietnam Luxury Tour - Experience your trip with 5-star class,rejected,False,2026-06-06,2026-06-06,30,0,600000.0,0.0,0.0,available,open,VDVL-20260606-03,Da Nang / operator pickup point,08:00,default,2026-06-05T18:00:00+00:00,daily,start_time_inferred; missing_itinerary; missing_inclusions,Rejected: parent tour is not approved.,https://vietnamadventuretour.com.vn/luxury-tour/
vietnamadventure-danang-vietnam-luxury-tour-experience-your-trip-with-5-star-class-SCH-04,vietnamadventure-danang-vietnam-luxury-tour-experience-your-trip-with-5-star-class,Vietnam Luxury Tour - Experience your trip with 5-star class,rejected,False,2026-06-07,2026-06-07,30,0,600000.0,0.0,0.0,available,open,VDVL-20260607-04,Da Nang / operator pickup point,08:00,default,2026-06-06T18:00:00+00:00,daily,start_time_inferred; missing_itinerary; missing_inclusions,Rejected: parent tour is not approved.,https://vietnamadventuretour.com.vn/luxury-tour/
vmtravel-da-nang-shore-excursions-from-tien-sa-port-deluxe-tours-SCH-01,vmtravel-da-nang-shore-excursions-from-tien-sa-port-deluxe-tours,Da Nang Shore Excursions From Tien Sa Port - Deluxe Tours,approved,True,2026-06-04,2026-06-04,30,0,750000.0,0.0,0.0,available,open,VDNS-20260604-01,departing from Tien Sa Port,08:00,default,2026-06-03T18:00:00+00:00,daily,start_time_inferred; missing_itinerary; missing_inclusions,Auto-approved for staging schedule seed; schedule remains demo/review data.,https://vmtravel.com/da-nang-shore-excursions-from-tien-sa-port/
vmtravel-da-nang-shore-excursions-from-tien-sa-port-deluxe-tours-SCH-02,vmtravel-da-nang-shore-excursions-from-tien-sa-port-deluxe-tours,Da Nang Shore Excursions From Tien Sa Port - Deluxe Tours,approved,True,2026-06-05,2026-06-05,30,0,750000.0,0.0,0.0,available,open,VDNS-20260605-02,departing from Tien Sa Port,08:00,default,2026-06-04T18:00:00+00:00,daily,start_time_inferred; missing_itinerary; missing_inclusions,Auto-approved for staging schedule seed; schedule remains demo/review data.,https://vmtravel.com/da-nang-shore-excursions-from-tien-sa-port/
vmtravel-da-nang-shore-excursions-from-tien-sa-port-deluxe-tours-SCH-03,vmtravel-da-nang-shore-excursions-from-tien-sa-port-deluxe-tours,Da Nang Shore Excursions From Tien Sa Port - Deluxe Tours,approved,True,2026-06-06,2026-06-06,30,0,750000.0,0.0,0.0,available,open,VDNS-20260606-03,departing from Tien Sa Port,08:00,default,2026-06-05T18:00:00+00:00,daily,start_time_inferred; missing_itinerary; missing_inclusions,Auto-approved for staging schedule seed; schedule remains demo/review data.,https://vmtravel.com/da-nang-shore-excursions-from-tien-sa-port/
vmtravel-da-nang-shore-excursions-from-tien-sa-port-deluxe-tours-SCH-04,vmtravel-da-nang-shore-excursions-from-tien-sa-port-deluxe-tours,Da Nang Shore Excursions From Tien Sa Port - Deluxe Tours,approved,True,2026-06-07,2026-06-07,30,0,750000.0,0.0,0.0,available,open,VDNS-20260607-04,departing from Tien Sa Port,08:00,default,2026-06-06T18:00:00+00:00,daily,start_time_inferred; missing_itinerary; missing_inclusions,Auto-approved for staging schedule seed; schedule remains demo/review data.,https://vmtravel.com/da-nang-shore-excursions-from-tien-sa-port/
vmtravel-hue-shore-excursions-from-chan-may-port-book-1-day-tour-SCH-01,vmtravel-hue-shore-excursions-from-chan-may-port-book-1-day-tour,Hue Shore Excursions From Chan May Port - Book 1 Day Tour,approved,True,2026-06-04,2026-06-04,30,0,750000.0,0.0,0.0,available,open,VHSE-20260604-01,Da Nang / operator pickup point,08:00,default,2026-06-03T18:00:00+00:00,daily,start_time_inferred; missing_itinerary; missing_inclusions,Auto-approved for staging schedule seed; schedule remains demo/review data.,https://vmtravel.com/hue-shore-excursions-from-chan-may-port/
vmtravel-hue-shore-excursions-from-chan-may-port-book-1-day-tour-SCH-02,vmtravel-hue-shore-excursions-from-chan-may-port-book-1-day-tour,Hue Shore Excursions From Chan May Port - Book 1 Day Tour,approved,True,2026-06-05,2026-06-05,30,0,750000.0,0.0,0.0,available,open,VHSE-20260605-02,Da Nang / operator pickup point,08:00,default,2026-06-04T18:00:00+00:00,daily,start_time_inferred; missing_itinerary; missing_inclusions,Auto-approved for staging schedule seed; schedule remains demo/review data.,https://vmtravel.com/hue-shore-excursions-from-chan-may-port/
vmtravel-hue-shore-excursions-from-chan-may-port-book-1-day-tour-SCH-03,vmtravel-hue-shore-excursions-from-chan-may-port-book-1-day-tour,Hue Shore Excursions From Chan May Port - Book 1 Day Tour,approved,True,2026-06-06,2026-06-06,30,0,750000.0,0.0,0.0,available,open,VHSE-20260606-03,Da Nang / operator pickup point,08:00,default,2026-06-05T18:00:00+00:00,daily,start_time_inferred; missing_itinerary; missing_inclusions,Auto-approved for staging schedule seed; schedule remains demo/review data.,https://vmtravel.com/hue-shore-excursions-from-chan-may-port/
vmtravel-hue-shore-excursions-from-chan-may-port-book-1-day-tour-SCH-04,vmtravel-hue-shore-excursions-from-chan-may-port-book-1-day-tour,Hue Shore Excursions From Chan May Port - Book 1 Day Tour,approved,True,2026-06-07,2026-06-07,30,0,750000.0,0.0,0.0,available,open,VHSE-20260607-04,Da Nang / operator pickup point,08:00,default,2026-06-06T18:00:00+00:00,daily,start_time_inferred; missing_itinerary; missing_inclusions,Auto-approved for staging schedule seed; schedule remains demo/review data.,https://vmtravel.com/hue-shore-excursions-from-chan-may-port/
vmtravel-danang-shore-ba-na-hills-and-golden-bridge-tour-from-tien-sa-port-SCH-01,vmtravel-danang-shore-ba-na-hills-and-golden-bridge-tour-from-tien-sa-port,Ba Na Hills And Golden Bridge Tour From Tien Sa Port,approved,True,2026-06-04,2026-06-04,30,0,750000.0,0.0,0.0,available,open,VDSB-20260604-01,Pickup inside of the port or Pickup outside of the port,08:00,default,2026-06-03T18:00:00+00:00,daily,start_time_inferred,Auto-approved for staging schedule seed; schedule remains demo/review data.,https://vmtravel.com/tours/ba-na-hills-and-golden-bridge-tour-from-tien-sa/
vmtravel-danang-shore-ba-na-hills-and-golden-bridge-tour-from-tien-sa-port-SCH-02,vmtravel-danang-shore-ba-na-hills-and-golden-bridge-tour-from-tien-sa-port,Ba Na Hills And Golden Bridge Tour From Tien Sa Port,approved,True,2026-06-05,2026-06-05,30,0,750000.0,0.0,0.0,available,open,VDSB-20260605-02,Pickup inside of the port or Pickup outside of the port,08:00,default,2026-06-04T18:00:00+00:00,daily,start_time_inferred,Auto-approved for staging schedule seed; schedule remains demo/review data.,https://vmtravel.com/tours/ba-na-hills-and-golden-bridge-tour-from-tien-sa/
vmtravel-danang-shore-ba-na-hills-and-golden-bridge-tour-from-tien-sa-port-SCH-03,vmtravel-danang-shore-ba-na-hills-and-golden-bridge-tour-from-tien-sa-port,Ba Na Hills And Golden Bridge Tour From Tien Sa Port,approved,True,2026-06-06,2026-06-06,30,0,750000.0,0.0,0.0,available,open,VDSB-20260606-03,Pickup inside of the port or Pickup outside of the port,08:00,default,2026-06-05T18:00:00+00:00,daily,start_time_inferred,Auto-approved for staging schedule seed; schedule remains demo/review data.,https://vmtravel.com/tours/ba-na-hills-and-golden-bridge-tour-from-tien-sa/
vmtravel-danang-shore-ba-na-hills-and-golden-bridge-tour-from-tien-sa-port-SCH-04,vmtravel-danang-shore-ba-na-hills-and-golden-bridge-tour-from-tien-sa-port,Ba Na Hills And Golden Bridge Tour From Tien Sa Port,approved,True,2026-06-07,2026-06-07,30,0,750000.0,0.0,0.0,available,open,VDSB-20260607-04,Pickup inside of the port or Pickup outside of the port,08:00,default,2026-06-06T18:00:00+00:00,daily,start_time_inferred,Auto-approved for staging schedule seed; schedule remains demo/review data.,https://vmtravel.com/tours/ba-na-hills-and-golden-bridge-tour-from-tien-sa/
vmtravel-danang-shore-da-nang-city-tour-from-tien-sa-port-explore-and-shopping-SCH-01,vmtravel-danang-shore-da-nang-city-tour-from-tien-sa-port-explore-and-shopping,Da Nang City Tour From Tien Sa Port - Explore and Shopping,approved,True,2026-06-04,2026-06-04,30,0,750000.0,0.0,0.0,available,open,VDSD-20260604-01,Pickup inside of the port or Pickup outside of the port,08:00,default,2026-06-03T18:00:00+00:00,daily,start_time_inferred,Auto-approved for staging schedule seed; schedule remains demo/review data.,https://vmtravel.com/tours/da-nang-city-tour-from-tien-sa-port/
vmtravel-danang-shore-da-nang-city-tour-from-tien-sa-port-explore-and-shopping-SCH-02,vmtravel-danang-shore-da-nang-city-tour-from-tien-sa-port-explore-and-shopping,Da Nang City Tour From Tien Sa Port - Explore and Shopping,approved,True,2026-06-05,2026-06-05,30,0,750000.0,0.0,0.0,available,open,VDSD-20260605-02,Pickup inside of the port or Pickup outside of the port,08:00,default,2026-06-04T18:00:00+00:00,daily,start_time_inferred,Auto-approved for staging schedule seed; schedule remains demo/review data.,https://vmtravel.com/tours/da-nang-city-tour-from-tien-sa-port/
vmtravel-danang-shore-da-nang-city-tour-from-tien-sa-port-explore-and-shopping-SCH-03,vmtravel-danang-shore-da-nang-city-tour-from-tien-sa-port-explore-and-shopping,Da Nang City Tour From Tien Sa Port - Explore and Shopping,approved,True,2026-06-06,2026-06-06,30,0,750000.0,0.0,0.0,available,open,VDSD-20260606-03,Pickup inside of the port or Pickup outside of the port,08:00,default,2026-06-05T18:00:00+00:00,daily,start_time_inferred,Auto-approved for staging schedule seed; schedule remains demo/review data.,https://vmtravel.com/tours/da-nang-city-tour-from-tien-sa-port/
vmtravel-danang-shore-da-nang-city-tour-from-tien-sa-port-explore-and-shopping-SCH-04,vmtravel-danang-shore-da-nang-city-tour-from-tien-sa-port-explore-and-shopping,Da Nang City Tour From Tien Sa Port - Explore and Shopping,approved,True,2026-06-07,2026-06-07,30,0,750000.0,0.0,0.0,available,open,VDSD-20260607-04,Pickup inside of the port or Pickup outside of the port,08:00,default,2026-06-06T18:00:00+00:00,daily,start_time_inferred,Auto-approved for staging schedule seed; schedule remains demo/review data.,https://vmtravel.com/tours/da-nang-city-tour-from-tien-sa-port/
vmtravel-danang-shore-hoi-an-day-tour-from-tien-sa-port-hoi-an-shore-excursions-SCH-01,vmtravel-danang-shore-hoi-an-day-tour-from-tien-sa-port-hoi-an-shore-excursions,Hoi An Day Tour from Tien Sa Port - Hoi An Shore Excursions,approved,True,2026-06-04,2026-06-04,30,0,750000.0,0.0,0.0,available,open,VDSH-20260604-01,Pickup inside of the port or Pickup outside of the port,08:00,default,2026-06-03T18:00:00+00:00,daily,start_time_inferred,Auto-approved for staging schedule seed; schedule remains demo/review data.,https://vmtravel.com/tours/hoi-an-day-tour-from-tien-sa-port/
vmtravel-danang-shore-hoi-an-day-tour-from-tien-sa-port-hoi-an-shore-excursions-SCH-02,vmtravel-danang-shore-hoi-an-day-tour-from-tien-sa-port-hoi-an-shore-excursions,Hoi An Day Tour from Tien Sa Port - Hoi An Shore Excursions,approved,True,2026-06-05,2026-06-05,30,0,750000.0,0.0,0.0,available,open,VDSH-20260605-02,Pickup inside of the port or Pickup outside of the port,08:00,default,2026-06-04T18:00:00+00:00,daily,start_time_inferred,Auto-approved for staging schedule seed; schedule remains demo/review data.,https://vmtravel.com/tours/hoi-an-day-tour-from-tien-sa-port/
vmtravel-danang-shore-hoi-an-day-tour-from-tien-sa-port-hoi-an-shore-excursions-SCH-03,vmtravel-danang-shore-hoi-an-day-tour-from-tien-sa-port-hoi-an-shore-excursions,Hoi An Day Tour from Tien Sa Port - Hoi An Shore Excursions,approved,True,2026-06-06,2026-06-06,30,0,750000.0,0.0,0.0,available,open,VDSH-20260606-03,Pickup inside of the port or Pickup outside of the port,08:00,default,2026-06-05T18:00:00+00:00,daily,start_time_inferred,Auto-approved for staging schedule seed; schedule remains demo/review data.,https://vmtravel.com/tours/hoi-an-day-tour-from-tien-sa-port/
vmtravel-danang-shore-hoi-an-day-tour-from-tien-sa-port-hoi-an-shore-excursions-SCH-04,vmtravel-danang-shore-hoi-an-day-tour-from-tien-sa-port-hoi-an-shore-excursions,Hoi An Day Tour from Tien Sa Port - Hoi An Shore Excursions,approved,True,2026-06-07,2026-06-07,30,0,750000.0,0.0,0.0,available,open,VDSH-20260607-04,Pickup inside of the port or Pickup outside of the port,08:00,default,2026-06-06T18:00:00+00:00,daily,start_time_inferred,Auto-approved for staging schedule seed; schedule remains demo/review data.,https://vmtravel.com/tours/hoi-an-day-tour-from-tien-sa-port/
vmtravel-danang-shore-my-son-sanctuary-tour-from-tien-sa-port-explore-now-SCH-01,vmtravel-danang-shore-my-son-sanctuary-tour-from-tien-sa-port-explore-now,My Son Sanctuary Tour From Tien Sa Port - Explore Now,approved,True,2026-06-04,2026-06-04,30,0,750000.0,0.0,0.0,available,open,VDSM-20260604-01,Pickup inside of the port or Pickup outside of the port,08:00,default,2026-06-03T18:00:00+00:00,daily,start_time_inferred,Auto-approved for staging schedule seed; schedule remains demo/review data.,https://vmtravel.com/tours/my-son-sanctuary-tour-from-tien-sa-port/
vmtravel-danang-shore-my-son-sanctuary-tour-from-tien-sa-port-explore-now-SCH-02,vmtravel-danang-shore-my-son-sanctuary-tour-from-tien-sa-port-explore-now,My Son Sanctuary Tour From Tien Sa Port - Explore Now,approved,True,2026-06-05,2026-06-05,30,0,750000.0,0.0,0.0,available,open,VDSM-20260605-02,Pickup inside of the port or Pickup outside of the port,08:00,default,2026-06-04T18:00:00+00:00,daily,start_time_inferred,Auto-approved for staging schedule seed; schedule remains demo/review data.,https://vmtravel.com/tours/my-son-sanctuary-tour-from-tien-sa-port/
vmtravel-danang-shore-my-son-sanctuary-tour-from-tien-sa-port-explore-now-SCH-03,vmtravel-danang-shore-my-son-sanctuary-tour-from-tien-sa-port-explore-now,My Son Sanctuary Tour From Tien Sa Port - Explore Now,approved,True,2026-06-06,2026-06-06,30,0,750000.0,0.0,0.0,available,open,VDSM-20260606-03,Pickup inside of the port or Pickup outside of the port,08:00,default,2026-06-05T18:00:00+00:00,daily,start_time_inferred,Auto-approved for staging schedule seed; schedule remains demo/review data.,https://vmtravel.com/tours/my-son-sanctuary-tour-from-tien-sa-port/
vmtravel-danang-shore-my-son-sanctuary-tour-from-tien-sa-port-explore-now-SCH-04,vmtravel-danang-shore-my-son-sanctuary-tour-from-tien-sa-port-explore-now,My Son Sanctuary Tour From Tien Sa Port - Explore Now,approved,True,2026-06-07,2026-06-07,30,0,750000.0,0.0,0.0,available,open,VDSM-20260607-04,Pickup inside of the port or Pickup outside of the port,08:00,default,2026-06-06T18:00:00+00:00,daily,start_time_inferred,Auto-approved for staging schedule seed; schedule remains demo/review data.,https://vmtravel.com/tours/my-son-sanctuary-tour-from-tien-sa-port/
vmtravel-hue-shore-bana-hills-day-trip-from-chan-may-port-best-shore-excursion-SCH-01,vmtravel-hue-shore-bana-hills-day-trip-from-chan-may-port-best-shore-excursion,Bana Hills Day Trip from Chan May Port: Best Shore Excursion,approved,True,2026-06-04,2026-06-04,30,0,750000.0,0.0,0.0,available,open,VHSB-20260604-01,departs,08:00,default,2026-06-03T18:00:00+00:00,daily,start_time_inferred; missing_inclusions,Auto-approved for staging schedule seed; schedule remains demo/review data.,https://vmtravel.com/tours/bana-hills-day-trip-from-chan-may-port/
vmtravel-hue-shore-bana-hills-day-trip-from-chan-may-port-best-shore-excursion-SCH-02,vmtravel-hue-shore-bana-hills-day-trip-from-chan-may-port-best-shore-excursion,Bana Hills Day Trip from Chan May Port: Best Shore Excursion,approved,True,2026-06-05,2026-06-05,30,0,750000.0,0.0,0.0,available,open,VHSB-20260605-02,departs,08:00,default,2026-06-04T18:00:00+00:00,daily,start_time_inferred; missing_inclusions,Auto-approved for staging schedule seed; schedule remains demo/review data.,https://vmtravel.com/tours/bana-hills-day-trip-from-chan-may-port/
vmtravel-hue-shore-bana-hills-day-trip-from-chan-may-port-best-shore-excursion-SCH-03,vmtravel-hue-shore-bana-hills-day-trip-from-chan-may-port-best-shore-excursion,Bana Hills Day Trip from Chan May Port: Best Shore Excursion,approved,True,2026-06-06,2026-06-06,30,0,750000.0,0.0,0.0,available,open,VHSB-20260606-03,departs,08:00,default,2026-06-05T18:00:00+00:00,daily,start_time_inferred; missing_inclusions,Auto-approved for staging schedule seed; schedule remains demo/review data.,https://vmtravel.com/tours/bana-hills-day-trip-from-chan-may-port/
vmtravel-hue-shore-bana-hills-day-trip-from-chan-may-port-best-shore-excursion-SCH-04,vmtravel-hue-shore-bana-hills-day-trip-from-chan-may-port-best-shore-excursion,Bana Hills Day Trip from Chan May Port: Best Shore Excursion,approved,True,2026-06-07,2026-06-07,30,0,750000.0,0.0,0.0,available,open,VHSB-20260607-04,departs,08:00,default,2026-06-06T18:00:00+00:00,daily,start_time_inferred; missing_inclusions,Auto-approved for staging schedule seed; schedule remains demo/review data.,https://vmtravel.com/tours/bana-hills-day-trip-from-chan-may-port/
vmtravel-hue-shore-hue-imperial-tour-from-chan-may-port-best-shore-excursions-SCH-01,vmtravel-hue-shore-hue-imperial-tour-from-chan-may-port-best-shore-excursions,Hue Imperial Tour from Chan May Port: Best Shore Excursions,approved,True,2026-06-04,2026-06-04,30,0,750000.0,0.0,0.0,available,open,VHSH-20260604-01,Pickup,08:00,default,2026-06-03T18:00:00+00:00,daily,start_time_inferred,Auto-approved for staging schedule seed; schedule remains demo/review data.,https://vmtravel.com/tours/hue-imperial-tour-from-chan-may-port/
vmtravel-hue-shore-hue-imperial-tour-from-chan-may-port-best-shore-excursions-SCH-02,vmtravel-hue-shore-hue-imperial-tour-from-chan-may-port-best-shore-excursions,Hue Imperial Tour from Chan May Port: Best Shore Excursions,approved,True,2026-06-05,2026-06-05,30,0,750000.0,0.0,0.0,available,open,VHSH-20260605-02,Pickup,08:00,default,2026-06-04T18:00:00+00:00,daily,start_time_inferred,Auto-approved for staging schedule seed; schedule remains demo/review data.,https://vmtravel.com/tours/hue-imperial-tour-from-chan-may-port/
vmtravel-hue-shore-hue-imperial-tour-from-chan-may-port-best-shore-excursions-SCH-03,vmtravel-hue-shore-hue-imperial-tour-from-chan-may-port-best-shore-excursions,Hue Imperial Tour from Chan May Port: Best Shore Excursions,approved,True,2026-06-06,2026-06-06,30,0,750000.0,0.0,0.0,available,open,VHSH-20260606-03,Pickup,08:00,default,2026-06-05T18:00:00+00:00,daily,start_time_inferred,Auto-approved for staging schedule seed; schedule remains demo/review data.,https://vmtravel.com/tours/hue-imperial-tour-from-chan-may-port/
vmtravel-hue-shore-hue-imperial-tour-from-chan-may-port-best-shore-excursions-SCH-04,vmtravel-hue-shore-hue-imperial-tour-from-chan-may-port-best-shore-excursions,Hue Imperial Tour from Chan May Port: Best Shore Excursions,approved,True,2026-06-07,2026-06-07,30,0,750000.0,0.0,0.0,available,open,VHSH-20260607-04,Pickup,08:00,default,2026-06-06T18:00:00+00:00,daily,start_time_inferred,Auto-approved for staging schedule seed; schedule remains demo/review data.,https://vmtravel.com/tours/hue-imperial-tour-from-chan-may-port/
