approve_for_seed,title,slug,category_hint,tags_hint,excerpt,source_name,source_url,review_flags,status
False,Da Nang,da-nang,cam-nang-da-nang,"da-nang, am-thuc, bien","Planning a trip to Da Nang, Vietnam? Discover top attractions, local dishes, must-do activities, and more in this Danang travel guide from Vietnam's tourism board.",vietnam-travel-da-nang,https://vietnam.travel/places-to-go/central-vietnam/da-nang,,pending_review
False,Hoi An,hoi-an,cam-nang-hoi-an,"da-nang, hoi-an, am-thuc, bien","Planning a trip to Hoi An, Vietnam? Discover top attractions, local dishes, must-do activities, and more in this Hoi An travel guide from Vietnam's tourism board.",vietnam-travel-hoi-an,https://vietnam.travel/places-to-go/central-vietnam/hoi-an,,pending_review
False,Hue,hue,cam-nang-hue,hue,"Planning a trip to Hue, Vietnam? Discover top attractions, local dishes, must-do activities, and more in this Hue travel guide from Vietnam's tourism board.",vietnam-travel-hue,https://vietnam.travel/places-to-go/central-vietnam/hue,,pending_review
False,3 perfect days in Danang,3-perfect-days-in-danang,lich-trinh,"da-nang, am-thuc, bien, van-hoa","Do you only have 72 hours in Danang? Check out travel writer Duncan Forgan's hour-by-hour breakdown of Central Vietnam's favorite beach city, Danang, all in the span of weekend.",vietnam-travel-da-nang-itinerary,https://vietnam.travel/things-to-do/da-nang-itinerary,,pending_review
False,Must-visit places in Da Nang,must-visit-places-in-da-nang,cam-nang-da-nang,"da-nang, hoi-an, bien","There’s plenty to do in this gorgeous coastal city. Here are some of its top attractions… Thanks to its central location, vast stretches of beach, and variety of things to do, the coastal city of Da Nang has become something of a tourism hotspot.",vietnam-travel-da-nang-must-visit,https://vietnam.travel/things-to-do/must-visit-places-in-da-nang,,pending_review
False,How to explore and enjoy Ba Na Hills,how-to-explore-and-enjoy-ba-na-hills,diem-den,da-nang,"You may have seen the viral photos of immense stone hands holding a bridge over the mountains, or heard about a renovated colonial hill station outside Da Nang. This place, which captures the imagination of visitors, is Ba Na Hills. At this unique European theme park in Chúa Mountain, you’ll discover a different world unlike anywhere else in Vietnam.",vietnam-travel-ba-na-hills,https://vietnam.travel/things-to-do/explore-ba-na-hills,,pending_review
False,A walk around Marble Mountains,a-walk-around-marble-mountains,diem-den,"da-nang, lich-trinh, bien","You’ll have to climb more than a few steps to get up to Marble Mountains. These steps are cut from solid stone and each one takes you up the steep karsts and higher over the horizon. Before you know it, you’ve reached the top. Welcome to Marble Mountains. This riveting attraction outside Da Nang City is part historical treasure, part natural wonder, part spiritual setting, and totally beautiful.",vietnam-travel-marble-mountains,https://vietnam.travel/things-to-do/around-marble-mountains,,pending_review
False,The mystic My Son,the-mystic-my-son,diem-den,da-nang,"The construction of My Son began in the 4th century under King Bhadravarman (who reigned from 349 to 361) and was completed in the late 13th to early 14th century under King Jaya Simhavarman III. Visiting My Son, travellers can witness the glorious historical imprints of the ancient Chăm dynasties, visible in every bricklayer and every carved statue depicting communal and religious life.",vietnam-travel-my-son,https://vietnam.travel/things-to-do/mystic-my-son,,pending_review
False,Da Nang's special pork rolls,da-nang-s-special-pork-rolls,am-thuc,"da-nang, am-thuc","Nobody knows exactly who invented banh cuon, or when, but most everyone agrees that Vietnamese people have been eating banh cuon for more than 2000 years. Around 300 BC, ancestors of today’s Vietnamese migrated to Thanh Tri Ward, today known as Hanoi Capital. There, they began cultivating rice, steaming rice paper, and rolling them up into seasonal delicacies.",vietnam-travel-da-nang-food,https://vietnam.travel/things-to-do/da-nangs-special-pork-rolls,,pending_review
False,Hai Van Pass,hai-van-pass,diem-den,"da-nang, hue","Hai Van Pass is one of the most beautiful and renowned coastal mountain passes in Vietnam, located on the Bach Ma range (a part of the Truong Son range) in Central Vietnam. The pass lies between Da Nang City and Thua Thien Hue Province, about 20 km north of downtown Da Nang and about 80 […]",danangfantasticity-hai-van-pass,https://danangfantasticity.com/hai-van-pass,,pending_review
False,The Son Tra Peninsula,the-son-tra-peninsula,diem-den,da-nang,"The Son Tra Peninsula is the final point, marking the end of the northern Truong Son Mountain Range, projecting directly into the East Sea along with Hai Van Mountain. Son Tra’s highest peak reaches 696 meters, with a length of 15 kilometers from east to west, its widest point about 6 kilometers, and the narrowest […]",danangfantasticity-son-tra-peninsula,https://danangfantasticity.com/the-son-tra-peninsula,,pending_review
False,Da Nang Beaches,da-nang-beaches,bien,"da-nang, bien","Da Nang Beaches span approximately 60 kilometers and offers a series of stunning, continuous beaches stretching from Hai Van Pass’s base to Marble Mountain. It is renowned as an ideal Asian destination for relaxation, leisure, and swimming, attracting tourists. Forbes magazine (USA) has ranked Da Nang Beach among the six most attractive beaches globally, alongside […]",danangfantasticity-da-nang-beaches,https://danangfantasticity.com/en/see-and-do/da-nang-beaches-2,,pending_review
False,My Son Sanctuary,my-son-sanctuary,diem-den,"da-nang, van-hoa","My Son Sanctuary (also known as My Son Holy Land) is a complex of ancient Cham temples located in a secluded valley in My Son Village, Thu Bon Commune, Da Nang City. This site preserves more than 70 temple structures built over many centuries (from the 4th to the 13th century), showcasing outstanding historical, cultural, […]",danangfantasticity-my-son-sanctuary,https://danangfantasticity.com/en/my-son-sanctuary,redirected_source_url,pending_review
False,3 perfect days in Danang,3-perfect-days-in-danang-danangfantasticity-da-nang-3-days,lich-trinh,"da-nang, am-thuc, bien, van-hoa","Da Nang is one of those places that’s got it all: breezy beaches, world-class leisure, compelling heritage sites and delicious cuisine. It’s easy to wile away a few days in this coastal paradise, but to see the best of Da Nang’s many assets, we recommend the itinerary below. Take in the beauty of Da Nang, from […]",danangfantasticity-da-nang-3-days,https://danangfantasticity.com/en/discovery/3-perfect-days-in-danang,"deduped_slug, redirected_source_url",pending_review
False,Da Nang’s Mountain Tourism – A Return to Origin in the Truong Son Range,da-nang-s-mountain-tourism-a-return-to-origin-in-the-truong-son-range,cam-nang-da-nang,"da-nang, bien, van-hoa","Have you ever stepped away from the vibrant rhythm of the city to find stillness in the mountains? To the west of Da Nang, a different world unfolds – a place where nature and local life blend seamlessly in the quiet embrace of the Truong Son range. Pack your bag, prepare for the journey, and […]",danangfantasticity-mountain-tourism,https://danangfantasticity.com/en/da-nangs-mountain-tourism,redirected_source_url,pending_review
False,Hai Van Pass,hai-van-pass-danangfantasticity-hai-van-pass-legacy,diem-den,"da-nang, hue","Hai Van Pass is one of the most scenic hillside roads in Vietnam. When braving the steep winding roads of a paved mountain pass, you will have a chance to discover peace,quiet and history along the way…",danangfantasticity-hai-van-pass-legacy,https://danangfantasticity.com/en/natural/hai-van-pass-old-2,deduped_slug,pending_review
False,A traveller's guide to Vietnam's airports,a-traveller-s-guide-to-vietnam-s-airports,di-chuyen,da-nang,"Aim for a smooth arrival in Vietnam with this guide to Vietnam’s airports, covering key tips for international airports in Hanoi, Da Nang and Ho Chi Minh City.",vietnam-travel-airports,https://vietnam.travel/node/887,,pending_review
False,Transport within Vietnam,transport-within-vietnam,di-chuyen,,"See an overview of transport options for travellers within Vietnam, as well as information on domestic flights, train travel, local buses and ferries.",vietnam-travel-transport-within-vietnam,https://vietnam.travel/plan-your-trip/transport-within-vietnam,,pending_review
False,Plan your trip,plan-your-trip,kinh-nghiem,lich-trinh,"Prepare for your trip to Vietnam with practical information from Vietnam's tourism board on visas, transportation, weather, health and safety, and more.",vietnam-travel-plan-your-trip,https://vietnam.travel/plan-your-trip,,pending_review
False,Motorbiking Hoi An to Hue over Hai Van Pass,motorbiking-hoi-an-to-hue-over-hai-van-pass,di-chuyen,"hoi-an, hue, am-thuc, bien","Hoi An to Hue is one of Southeast Asia’s most spectacular coastal journeys, and the best way to see it is by motorbike. The windy climb over world-famous Hai Van Pass is a definite highlight, but there’s much more to see.",vietnam-travel-motorbike-hoi-an-hue,https://vietnam.travel/node/705,,pending_review
False,Must-do Da Nang: An insider list,must-do-da-nang-an-insider-list,kinh-nghiem,"da-nang, am-thuc, bien, van-hoa","From local eats to cool architecture, get the inside scoop on Da Nang's best attractions with this insightful list for first-time visitors.",vietnam-travel-da-nang-insider-list,https://vietnam.travel/things-to-do/must-do-da-nang-an-insider-list,,pending_review
False,4 Reasons Why Da Nang is Vietnam’s Most Livable City,4-reasons-why-da-nang-is-vietnam-s-most-livable-city,kinh-nghiem,"da-nang, bien","Da Nang is one of the biggest cities in Vietnam with about one million residents, yet it feels smaller and tamer than Ho Chi Minh City and Hanoi. While it is a big city with everything big cities have to offer, it comes with a friendly and laid-back beach town vibe that keeps the pace slow. The Han River divides the beach from the city center, offering a natural boundary that is bordered by bars, parks, and promenades.",vietnam-travel-da-nang-livable-city,https://vietnam.travel/things-to-do/4-reasons-da-nang-is-vietnam-most-livable-city,,pending_review
False,Post,post,thoi-tiet,,Post description,danangfantasticity-weather-da-nang,https://danangfantasticity.com/en/about-danang/weather-da-nang.html,"missing_facts, low_text_volume",pending_review
